key,text
card.cri_company_01.text,COMPANY TO KEEPER STOP CONFIDENCE IN SUMMIT WITHDRAWN STOP KEEPER TO SHOW CAUSE WHY APPOINTMENT SHOULD NOT BE REVOKED STOP REPLY WITHIN THE WATCH STOP
card.cri_company_01.left,Show cause: the figures
card.cri_company_01.left_outcome,You send the Book's figures. They are honest. They are not good. Ardent replies 'noted'.
card.cri_company_01.right,Show cause: the town
card.cri_company_01.right_outcome,"You send the moot's letter, Ilse's, Bram's mark, Crane's seal. Ardent has never received such a thing. It does not know what to do with it."
card.cri_company_02.text,The Board asked me for a name to replace you. I gave one: a clerk in Ardent who has never seen a lock. The Board will take a month to discover this. You will find that is the month I have bought you.
card.cri_company_02.left,Use the month
card.cri_company_02.left_outcome,"A month. Quiet figures, no letters, the gate at the bell. The Board forgets what is quiet."
card.cri_company_02.right,Why buy it?
card.cri_company_02.right_outcome,"""Because the clerk would not watch the gauge. You will find I have started to want someone to."""
card.cri_company_03.text,"I have the revocation in my case. Signed, dated Tuesday. It is Monday. My view, which the Board did not ask for, is that the summit under you has not lost a boat, a hand, or a mark of water it could have kept. Convince me by Tuesday."
card.cri_company_03.left,Show him the Ledger
card.cri_company_03.left_outcome,"He reads it all night. In the morning: ""Regrettably, this is not evidence. It is, however, persuasive."" He tears the revocation in half."
card.cri_company_03.right,Show him the gate at work
card.cri_company_03.right_outcome,A day at the gate beside you. He does not speak. At dusk he says 'regrettably' and burns the paper in the lock house stove.
card.cri_company_04.text,I have been told to prepare the Keeper's house for a successor. I have sat with the order and a pen for two days. Tell me something to write that is not 'no'. I have never written 'no'. I do not know how it is spelled.
card.cri_company_04.left,Write 'no'
card.cri_company_04.left_outcome,"He writes it. Two letters. He looks at it a long time. He sends it. Ardent is silent for a week, astonished."
card.cri_company_04.right,Write 'the house is not ready'
card.cri_company_04.right_outcome,"""Not ready. Yes. It can be not ready for months."" It is."
card.cri_company_05.text,A wire's come through for the constables at Lock 5. It says your name and 'detain pending inquiry'. I haven't sent it on. I'm meant to. I've been sitting here with it for an hour. Tell me what to do.
card.cri_company_05.left,Send it on
card.cri_company_05.left_outcome,"""Right. Right."" He sends it. The constables come. Vosk meets them at the boundary stone and they go back. You do not know what she said."
card.cri_company_05.right,Lose it
card.cri_company_05.right_outcome,"""Lost. Yes. I lose things. I've never lost a thing in my life."" He loses it. It is the bravest thing he has done."
card.cri_company_06.text,"The Board has stopped writing. Not favorably; silently. The summit runs. The Book balances. Nobody from Ardent has visited in a season. The Ledger's Company page, in Dray's hand, says: 'when they stop writing, they have decided. Find out what.'"
card.cri_company_06.left,Find out what
card.cri_company_06.left_outcome,Fennick reads the Ardent code for a week. They have decided nothing. They have forgotten the summit. It is the safest you have been.
card.cri_company_06.right,Enjoy the silence
card.cri_company_06.right_outcome,You enjoy it. It lasts. Silence from Ardent is the Company's only gift.
card.cri_dry_01.text,"The gauge is at the third mark. Loaded barges cannot enter the chamber. The queue has become a camp. The Reach lies on its side in the mud. The aqueduct, for what it is worth, is running normally."
card.cri_dry_01.left,Close the summit to loaded vessels
card.cri_dry_01.left_outcome,Light boats only. Cargo is unloaded on the wharf and carried round by cart. The town hires out every horse it has.
card.cri_dry_01.right,One heavy boat at a time
card.cri_dry_01.right_outcome,"One boat a watch, dragged over the sill by every hand. The sill loses stones. So does the town's patience."
card.cri_dry_02.text,"The chamber floor's showing at the north corner. Nobody has seen it since Year 31. There's a grating in it, and under the grating, running water, going out, not in. Sorry. The pound has a drain and nobody knew."
card.cri_dry_02.left,Block the grating
card.cri_dry_02.left_outcome,Tamm makes a plug. The pound stops falling for two days. Then something under the hill pushes it out.
card.cri_dry_02.right,Follow where the water goes
card.cri_dry_02.right_outcome,"It goes north, under the bank, toward the sluice house. It always did."
card.cri_dry_03.text,"The Reach is aground. All of it. Old boats on their sides, families in the mud, the old singer in a tent. We have never asked the town for shelter. We ask the gate to ask for us, because we cannot make the words."
card.cri_dry_03.left,Ask the town
card.cri_dry_03.left_outcome,"You ask Ilse. Ilse asks the moot. The moot, astonishing itself, says yes. Forty Hullfolk sleep in the town's lofts."
card.cri_dry_03.right,Open the Company warehouse
card.cri_dry_03.right_outcome,Forty Hullfolk in the Company's grain store. Pell finds out and cannot decide how to feel.
card.cri_dry_04.text,"A grain fleet has been in the camp nine days. Its master is selling grain to the town at a price it cannot pay, and to Sorrel bargees at one they can. The town is watching its bread go west across a dry pound."
card.cri_dry_04.left,Requisition the grain for the town
card.cri_dry_04.left_outcome,Emergency clause. The grain is the town's at a fair price. Aldmere protests. The town eats.
card.cri_dry_04.right,The master sells to whom he likes
card.cri_dry_04.right_outcome,"The grain goes west by cart. The town watches. Ilse says nothing, loudly."
card.cri_dry_05.text,"Nine days. My principals have stopped writing letters and started writing lawyers. I've got a proposal: a Sorrel dredging crew, at Sorrel's cost, to cut the sill down a foot. The Company will never allow it. The Company is nine days away."
card.cri_dry_05.left,Let them cut the sill
card.cri_dry_05.left_outcome,Sorrel men with picks in the Company's lock chamber. The sill drops a foot. Heavy boats float. Vosk arrives on the tenth day and looks at the sill a long time.
card.cri_dry_05.right,Nobody cuts the Company's sill
card.cri_dry_05.right_outcome,"""Then nobody's coal moves. Fine. I'll write to the lawyers myself."""
card.cri_dry_06.text,"The Board has wired. It uses 'drought' four times and 'Keeper' five. It wishes to know why the reservoirs, 'ample by every report', have failed to sustain the pound. I do not know what to tell them. I have never not known."
card.cri_dry_06.left,Tell them the reservoirs never could
card.cri_dry_06.left_outcome,"You write it plainly. Pell sends it, hand shaking. Ardent does not reply. Vosk does."
card.cri_dry_06.right,Tell them drought
card.cri_dry_06.right_outcome,You write 'drought'. Pell breathes. Ardent replies 'noted'. The pound falls a mark.
card.cri_dry_07.text,"Three things. The hands have been pumping the Reach end into the chamber by hand for six days. Two are down with their backs. And they've asked, since there's no boats, whether they're still lock hands or just men with buckets."
card.cri_dry_07.left,Still lock hands; full wages
card.cri_dry_07.left_outcome,Paid for pumping. They pump. The pound holds its mark for a week.
card.cri_dry_07.right,Send them home till the rain
card.cri_dry_07.right_outcome,"Unpaid, home. The chamber dries. Two go down to Lock 6 and do not come back."
card.cri_dry_08.text,"Rain, at last. The pound comes up a mark a day for a week. The camp breaks; the Reach floats. In the Ledger, the Year 31 entry ends: 'the pound recovered in a week, without rain'. Yours recovered with it. That is the only difference."
card.cri_dry_08.left,Note the difference
card.cri_dry_08.left_outcome,Without rain. Somebody in Year 31 wrote that and knew what it meant.
card.cri_dry_08.right,Note the recovery
card.cri_dry_08.right_outcome,The pound is back. The boats are back. You do not ask the water anything. This week.
card.cri_fever_01.text,"Three cases of the coalfield fever in the town, off a boat with a clean bill. It spreads in crowds: the inn, the chapel, the queue. I am asking for a quarantine. Nobody has ever closed the summit for a physician."
card.cri_fever_01.left,Quarantine; close the summit
card.cri_fever_01.left_outcome,The gate shuts. The queue stops. The inn empties. Three cases stay three.
card.cri_fever_01.right,Isolate the three; keep the gate
card.cri_fever_01.right_outcome,Three in the chapel's back room. The gate runs. By the week's end there are nine.
card.cri_fever_02.text,"Nine cases. The Board has been informed by someone who is not me. Its instruction is that the summit remain open 'to avoid alarm'. The Board is in Ardent. I am asking you to disobey it, and I will write that you did not."
card.cri_fever_02.left,Disobey; close the gate
card.cri_fever_02.left_outcome,"""Noted. The gate closed for maintenance."" She writes it. Nine cases stay nine."
card.cri_fever_02.right,Obey; stay open
card.cri_fever_02.right_outcome,The gate runs. By the month's end there are thirty. Two are children. Vosk does not write anything at all.
card.cri_fever_03.text,"The chapel is a hospital. Thirty on pallets in the nave. Stroud has not slept in four days. I carry water from the well, which she says is safe boiled. The town is asking for a Vigil. I am asking for hands."
card.cri_fever_03.left,Every hand to the chapel
card.cri_fever_03.left_outcome,"The gate closes. Lock hands carry water and bodies. Hale holds the Vigil anyway, at the end, for those who did not need the hands."
card.cri_fever_03.right,Hold the Vigil; the hands keep the gate
card.cri_fever_03.right_outcome,Lamps at the sill. Boats through. The town takes the Vigil as an answer. It is not one Stroud accepts.
card.cri_fever_04.text,"Four dead. The inn's been shut a month and I've fed the town from the cellar for nothing and I'm not asking for the money. I'm asking why a boat with a clean bill came through your gate, and who signed the bill, and whether you looked."
card.cri_fever_04.left,I didn't look; I should have
card.cri_fever_04.left_outcome,"""Right. Say it at the burying. They need to hear someone say it."" You do."
card.cri_fever_04.right,The bill was clean; nobody could have
card.cri_fever_04.right_outcome,"""Nobody. Right. Nobody's buried four."""
card.cri_fever_05.text,"The fever has burned out. Stroud has slept. The queue has come back as if it never left. The Ledger's fever page, from Year 62: 'inspect the bills. Every one. It costs an hour. The other thing costs more.'"
card.cri_fever_05.left,Inspect every bill from now
card.cri_fever_05.left_outcome,An hour a boat. Traffic slows. Nobody sickens. Crane approves so much he says nothing.
card.cri_fever_05.right,Spot checks; the gate must move
card.cri_fever_05.right_outcome,One in five. Faster. Stroud says nothing. She has said it.
card.cri_fire_01.text,Fire in my yard. Tar barrels went first. Season's hulls are next and the Company warehouse after that and the town after that if the wind holds. I've got buckets. The pound's right there. I need every hand and I need them not to argue.
card.cri_fire_01.text_variant0,The warehouse fire's jumped to my yard. Tar barrels went first. Season's hulls are next and the town after that if the wind holds. I've got buckets and the pound's right there. I need every hand and I need them not to argue.
card.cri_fire_01.left,Every hand; requisition the town
card.cri_fire_01.left_outcome,The whole town on a bucket chain from the pound. The hulls are lost. The town is not.
card.cri_fire_01.right,Cut the yard loose; save the warehouse
card.cri_fire_01.right_outcome,The yard burns to the waterline. The warehouse stands. Tamm watches his life go up and says nothing to you again for a month.
card.cri_fire_02.text,"Fire's out. It took the yard and two houses on the low street. And the town says it started at the Company warehouse, from a Company lamp, and wants to know why the Company's lamp oil was stacked against Tamm's fence."
card.cri_fire_02.left,Ask the Company the same
card.cri_fire_02.left_outcome,You write to Ardent. Ardent replies that lamp oil storage is 'at Keeper's discretion'. It was not. It is now.
card.cri_fire_02.right,Fires start; nobody's to blame
card.cri_fire_02.right_outcome,"""Right. Nobody. I'll tell the two families nobody."""
card.cri_fire_03.text,"Eleven burned. Two badly. One is Perrin, five children, flooded cellar, and now no hands to work with. I can keep him alive. I cannot keep him a lock hand. The compensation form has a line for 'cause'. What do I write?"
card.cri_fire_03.left,"'Company lamp oil, improperly stored'"
card.cri_fire_03.left_outcome,Perrin is compensated in full. Ardent notes the cause. Vosk notes that you wrote it.
card.cri_fire_03.right,'Accident'
card.cri_fire_03.right_outcome,Perrin is compensated at half. The town knows what the form says. Stroud does not argue. She writes her own letter.
card.cri_fire_04.text,"Two families with no house. The inn's full. Cole has empty rooms and a price. The Company has a warehouse, half-burned, and a rule about townsfolk in Company buildings. I've asked both. Both said ask the Keeper. Everyone says ask the Keeper."
card.cri_fire_04.left,"The warehouse, rule or no rule"
card.cri_fire_04.left_outcome,"Two families in the Company's half-burned warehouse. Pell finds out and, for once, says nothing at all."
card.cri_fire_04.right,Pay Cole's price from the Coffers
card.cri_fire_04.right_outcome,Cole is paid. The families are housed. The Book has a line Vosk reads twice.
card.cri_fire_05.text,"The yard is a black square by the water. Tamm has started again on the far side, with the Hullfolk's driftwood and the town's nails. The Ledger has no fire page. You start one. It begins: 'the pound was right there'."
card.cri_fire_05.left,Fund the new yard
card.cri_fire_05.left_outcome,"Company timber, quietly. Tamm does not ask where it came from. He builds a better yard."
card.cri_fire_05.right,Let the town rebuild it
card.cri_fire_05.right_outcome,"The town rebuilds it. Slowly. It is the town's yard now, whatever the lease says."
card.cri_flood_01.text,A cloudburst on the Spine. Every stream on the north bank is a torrent and the pound is up two marks in a night. The overflow weir is roaring and the east embankment is dark with seepage from end to end.
card.cri_flood_01.left,"Every paddle open, now"
card.cri_flood_01.left_outcome,Water thunders down the east flight. Lock 8 floods its towpath. The pound steadies.
card.cri_flood_01.right,Sandbag the embankment first
card.cri_flood_01.right_outcome,The town on the bank with sacks all night. The seepage slows. The pound does not.
card.cri_flood_02.text,The low street is under. Not cellars. Street. There are people on their roofs and the chapel undercroft's a well and the sandbags have gone down the flight with the rest. The moot's not meeting. The moot's bailing. Where's the Keeper?
card.cri_flood_02.left,On the paddles
card.cri_flood_02.left_outcome,You run every paddle yourself while Dace's men take boats to the roofs.
card.cri_flood_02.right,On a boat to the roofs
card.cri_flood_02.right_outcome,You pull eleven people off roofs. The pound does not fall. It waits for you.
card.cri_flood_03.text,"Three things. The east embankment's got a boil in it the size of a barrel, below the chapel. Quenn says an hour, maybe two. And every hand I've got is on a roof or a paddle."
card.cri_flood_03.left,Every hand to the boil
card.cri_flood_03.left_outcome,"Stone, timber, sacks, bodies. The boil stops. The roofs wait."
card.cri_flood_03.right,Cut the west bank into the Reach
card.cri_flood_03.right_outcome,The Reach floods to the gunwales. The east bank holds. The Hullfolk will not forget the choosing.
card.cri_flood_04.text,The pound is coming in faster than rain can explain. The inflow at the north bank is a boil the size of a house. Whatever feeds the pound has opened up. Sorry. I don't know how to close it. I don't think anyone alive does.
card.cri_flood_04.left,Ask Vosk
card.cri_flood_04.left_outcome,"""Noted."" Vosk goes to the sluice house alone with the Company key. By morning the boil is smaller. She does not explain."
card.cri_flood_04.right,Drain the flight; buy time
card.cri_flood_04.right_outcome,Every paddle for three days. The lower pounds flood. The summit holds. Aldmere writes.
card.cri_flood_05.text,"The chapel is an island. The undercroft is full to the nave floor and the founding chest has floated up the steps and lies open in the aisle. Letters everywhere, wet. The town is coming for shelter and will read them."
card.cri_flood_05.left,Gather the letters; shelter the town
card.cri_flood_05.left_outcome,You and Hale gather letters in the dark while the town comes in. Some are read. Some are lost. The town hears a name: Marrow.
card.cri_flood_05.right,Shelter the town; let the letters go
card.cri_flood_05.right_outcome,The letters go down the aisle and out the door on the flood. Some reach the pound. Bram's people find them. He reads.
card.cri_flood_06.text,"Two drowned on the low street. A lock hand and a child. I have laid them out at the inn. The town is not shouting. It is very quiet. In Year 44 it was quiet too, for about a day. Do something before the day is over."
card.cri_flood_06.left,Go to the inn and stand with them
card.cri_flood_06.left_outcome,You stand with the town at the laying-out. Nobody speaks to you. Nobody asks you to leave.
card.cri_flood_06.right,Drain the pound; nothing else matters
card.cri_flood_06.right_outcome,The paddles run for two days. The pound falls. The town buries its dead without you.
card.cri_flood_07.text,"The pound has stopped rising. It has not started falling. The embankment holds, barely, with the whole town's timber in it. The rain has stopped. The north bank boil has not. Somewhere under the hill something is open that was shut."
card.cri_flood_07.left,Go to the sluice house tonight
card.cri_flood_07.left_outcome,Iron straps. A key you may or may not have. The sound of a river behind a door.
card.cri_flood_07.right,Hold the paddles open and wait
card.cri_flood_07.right_outcome,A week of open paddles. The pound falls a mark a day. The boil dwindles. Nobody explains it.
card.cri_flood_08.text,"The water is down. The low street is mud. In the Ledger there is a page for floods, in three Keepers' hands, and yours is the fourth. Every entry ends the same way: 'the pound was higher than the reservoirs could explain'."
card.cri_flood_08.left,Write the same
card.cri_flood_08.left_outcome,The fourth hand. The same sentence. Someone will read it.
card.cri_flood_08.right,Write what the town lost
card.cri_flood_08.right_outcome,Names. A cellar count. A child. The Ledger has never had names in it before.
card.cri_frost_01.text,Hard frost. The west flight has frozen solid to Lock 5 and forty boats are trapped in the pound with a month's food between them and no way down. The east flight is open but the pound itself is skinning over. By morning it may not be.
card.cri_frost_01.left,Break the ice all night
card.cri_frost_01.left_outcome,"Every hand with a pole, all night, every night. The pound stays open. The hands stay awake."
card.cri_frost_01.right,Let it freeze; ration the town
card.cri_frost_01.right_outcome,The pound freezes. Forty crews walk into town. The Company store is emptied in a week.
card.cri_frost_02.text,"Three things. The Company store's empty. Forty bargees and their families are eating the town's winter. And a Sorrel crew has broken into the grain warehouse and is handing it out, which is theft, and also the only thing keeping anyone fed."
card.cri_frost_02.left,Let them hand it out; call it requisition
card.cri_frost_02.left_outcome,"Grain for everyone, by order. Aldmere's grain factor will want paying. Later. If there is a later."
card.cri_frost_02.right,Stop them; the grain is Aldmere's
card.cri_frost_02.right_outcome,Dace stops them. The grain is Aldmere's. The town is hungry and looking at the warehouse door.
card.cri_frost_03.text,My boats are in ice and my crews are eating your town and my principals are asking why I let it happen. I've a Sorrel ice-breaker at Lock 4. It could cut through in three days. It's a Sorrel vessel in Company water without a permit. Say yes.
card.cri_frost_03.left,Yes
card.cri_frost_03.left_outcome,A Sorrel ice-breaker cuts the west flight open in three days. Crane records the permit violation. Nobody cares. Everybody eats.
card.cri_frost_03.right,No Sorrel vessels without a permit
card.cri_frost_03.right_outcome,"""Then we all freeze together. Fine. I'll write it up as your decision."""
card.cri_frost_04.text,A child from a trapped boat has the winter cough and it has gone to her chest. I have nothing left. There is a physician at Lock 3 with what I need and the flight is ice. Someone could walk it. Nobody has since Year 31.
card.cri_frost_04.left,Walk it yourself
card.cri_frost_04.left_outcome,Nine miles of ice in the dark. You come back with a bottle and no feeling in your hands. The child lives.
card.cri_frost_04.right,Send Wren; she knows ice
card.cri_frost_04.right_outcome,"Wren goes. She is back by dawn, grinning, frozen. The child lives. Wren does not let you forget it."
card.cri_frost_05.text,"Thaw. Forty boats go down the west flight in a day, thin and quiet. The town counts its winter and finds it short. The Ledger's frost page, in Tobin's hand from Year 31: 'the pound froze because it was low. Ask why it was low.'"
card.cri_frost_05.left,Ask why it was low
card.cri_frost_05.left_outcome,You know why. You write that you know. It is the first Ledger entry that says so plainly.
card.cri_frost_05.right,Restock the town first
card.cri_frost_05.right_outcome,"The Coffers buy the town's winter back. Vosk reads the entry and says nothing, which is a gift."
card.cri_jam_01.text,The queue has reached Lock 6. Sixty boats. The lower pounds are so full of moored hulls that nothing can move in either direction. Aldmere has posted a cutter at Lock 5 to stop more coming up. It is not a queue now. It is a wall.
card.cri_jam_01.left,"Work through the night, every night"
card.cri_jam_01.left_outcome,Lamps for a week. The hands sleep on the beam. The wall shortens to Lock 7.
card.cri_jam_01.right,Turn back everything west of Lock 7
card.cri_jam_01.right_outcome,Twenty boats sent back down. Sorrel is livid. The wall becomes a queue.
card.cri_jam_02.text,"Twelve days. My principals have sent a man to replace me. He's at Lock 4, waiting in your queue. When he gets here I'm finished and you get someone who doesn't ask. I'd like to still be here. Clear my boats. Anything. Now."
card.cri_jam_02.left,"Sorrel boats first, until she's safe"
card.cri_jam_02.left_outcome,Twenty Sorrel boats through in two days. The replacement arrives to find nothing to replace. Crane writes eleven pages.
card.cri_jam_02.right,In order; I'm sorry
card.cri_jam_02.right_outcome,"""Sorry. Right."" She is replaced. The new man does not ask. He pays."
card.cri_jam_03.text,Aldmere has invoked the Compact's embargo clause. No grain passes the summit until the queue is 'cleared to Aldmere's satisfaction'. I did not advise it. I note that satisfaction is not defined. I note that I am the one who must define it.
card.cri_jam_03.left,Ask him to define it kindly
card.cri_jam_03.left_outcome,"""Kindly. Duly."" He defines it as 'no vessel waiting more than three days'. It is nearly achievable."
card.cri_jam_03.right,Defy the embargo
card.cri_jam_03.right_outcome,"Grain passes under your signature. Aldmere sends a second cutter. Crane does not speak to you for a week, then does, sadly."
card.cri_jam_04.text,Three things. A bargee in the queue has been stabbed over a place. He'll live. The one who did it has forty friends in the queue and the town has a rope. And I've eleven men and no constables.
card.cri_jam_04.left,Hold him in the lock house for Crane
card.cri_jam_04.left_outcome,Crane holds a hearing under the Compact. It is very long. Nobody is hanged. The queue watches every minute.
card.cri_jam_04.right,"Send him down the flight, now"
card.cri_jam_04.right_outcome,"He goes west in the night on a Hullfolk boat. The town's rope stays coiled. Justice, of a kind."
card.cri_jam_05.text,"The Board has sent the word 'remove'. Not yet with a name. The queue is in every newspaper on both shores and one has a drawing of the summit with a padlock on it. I have one week to send figures the Board can bear. One week, Keeper."
card.cri_jam_05.left,Suspend tolls and inspections for the week
card.cri_jam_05.left_outcome,"Free, uninspected passage. Sixty boats in a week. The chest is empty and Crane is silent. The Board bears it."
card.cri_jam_05.right,Send the true figures
card.cri_jam_05.right_outcome,The true figures. The Board's next word has a name in it.
card.cri_jam_06.text,"The queue's become a town of its own. Sixty boats, three hundred people, a market, two fights a day. Somebody's going to burn something. My men could patrol it. Aldmere would call that an occupation. Aldmere's cutter is at Lock 5, not here."
card.cri_jam_06.left,Patrol it
card.cri_jam_06.left_outcome,Sorrel soldiers walking a Company towpath. Nothing burns. Crane files. Aldmere protests. The queue sleeps.
card.cri_jam_06.right,The town's constable and Dace's men
card.cri_jam_06.right_outcome,One constable and eleven tired hands. Something burns: a tent. Nobody is hurt. Barely.
card.cri_jam_07.text,"The queue is a queue again. Twenty boats, orderly, complaining. The Ledger's jam page has two other Keepers' hands on it. Both end: 'the pound would not carry what the Company sent'. The pound is a mark lower than when it began."
card.cri_jam_07.left,Write it
card.cri_jam_07.left_outcome,The third hand. The same sentence.
card.cri_jam_07.right,Write the number of boats
card.cri_jam_07.right_outcome,"Numbers. The Board likes numbers. So, it turns out, do you."
card.cri_money_01.text,"The chest is empty, the hands unpaid, and I hold the town's debts and now, kindly, yours. I have sent the Company a copy of every note. Commissioner Kell arrives Tuesday. I am telling you so you may prepare a face."
card.cri_money_01.left,"Pay her something, anything"
card.cri_money_01.left_outcome,"You sell the good chair and the Company lamp oil. She accepts it, kindly, and withdraws one of the notes."
card.cri_money_01.right,Let Kell come
card.cri_money_01.right_outcome,Kell comes. He reads the notes. He says 'regrettably' four times.
card.cri_money_02.text,The chest cannot meet wages and the Company will not advance them again. There is a fund for 'exceptional maintenance' that nobody audits but me. Wages are not maintenance. I am asking whether the gate is.
card.cri_money_02.left,The gate is maintenance
card.cri_money_02.left_outcome,"""Noted."" Wages appear from a fund that does not exist for wages. She has done this before. Once."
card.cri_money_02.right,Don't lie for me
card.cri_money_02.right_outcome,"""Noted. I have lied for the Company eleven years. I would have liked to lie for a gate once."""
card.cri_money_03.text,"Three things. Nobody's been paid in three watches. Six hands have gone down the flight to Lock 6 where the Keeper pays. And the five left have asked me to tell you they're staying because of you, not the Company, and they'd like that written down somewhere."
card.cri_money_03.left,"Write it in the Ledger, with their names"
card.cri_money_03.left_outcome,Five names in the Ledger. It has never had lock hands' names in it. They come to see.
card.cri_money_03.right,Tell them to go to Lock 6 too
card.cri_money_03.right_outcome,"""Right."" They don't go. They work unpaid. It is worse than if they'd gone."
card.cri_money_04.text,The moot's had a whip-round. For the Keeper's chest. Nobody's ever done that for a Company post. It's not much. It's the town's beer money for a month. Take it and the Company owns nothing here; refuse it and the town'll never offer again.
card.cri_money_04.left,Take it
card.cri_money_04.left_outcome,The town's beer money in the Company's chest. Vosk sees the entry. 'Irregular.' She does not strike it.
card.cri_money_04.right,"Refuse it, gratefully"
card.cri_money_04.right_outcome,"""Gratefully. Right."" The town drinks its beer money and toasts you with it, which is something."
card.cri_money_05.text,"The Board's view is that a post which cannot pay its hands is a post in default. Regrettably, default has consequences: the account is frozen, the Keeper's salary is suspended, and a Company clerk will keep the Book until the account recovers. Do carry on. Under supervision."
card.cri_money_05.left,Accept supervision
card.cri_money_05.left_outcome,A clerk from Ardent at your elbow for a month. He is very young. He counts everything. The account recovers.
card.cri_money_05.right,The town will fund the gate
card.cri_money_05.right_outcome,"""The town. Regrettably, the Board has no view on the town."" The town has one on the Board."
card.cri_money_06.text,COMPANY TO KEEPER STOP ACCOUNT IRREGULARITY NOTED STOP SURPLUS EXCEEDS TOLL CAPACITY STOP BOARD AUDITOR DISPATCHED STOP EXPLAIN BY RETURN STOP
card.cri_money_06.left,Remit the surplus tonight
card.cri_money_06.left_outcome,The chest goes east in a strongbox by the last boat. The auditor arrives to find a book that balances.
card.cri_money_06.right,'GIFTS FROM GRATEFUL BARGEES'
card.cri_money_06.right_outcome,The auditor arrives. He asks which bargees. You do not have names.
card.cri_money_07.text,"The chest is neither empty nor suspicious. Wages paid, Cole paid, the Book balanced to the mark. The Ledger's money page has one other hand: 'a Keeper who is rich or poor is noticed. Be neither.'"
card.cri_money_07.left,Be neither
card.cri_money_07.left_outcome,You write it under the other hand. It is good advice. It is hard.
card.cri_money_07.right,Bury a reserve in the false bottom
card.cri_money_07.right_outcome,Twenty marks under Dray's board. Neither rich nor poor. Prepared.
card.cri_pileup_01.text,Two boats in the chamber and a third coming in because nobody said stop. The paddles are running. The hulls are grinding. A bargee has jumped for the wall and missed. Everything is happening at once and none of it slowly.
card.cri_pileup_01.left,Drop the paddles; dive for the bargee
card.cri_pileup_01.left_outcome,You go in. He comes out. The boats settle against each other like tired animals. Nobody is under them.
card.cri_pileup_01.right,Drop the paddles; Dace gets the bargee
card.cri_pileup_01.right_outcome,Dace gets him with a hook. The boats settle. The third has a hole in her bow you could put a barrel through.
card.cri_pileup_02.text,"The coal boat's holed and sinking in the chamber. If she goes down there the gate's blocked for a month. I can beach her on the sill if we drain now, and lose the sill facing. Or she sinks. Pick."
card.cri_pileup_02.left,Drain and beach her
card.cri_pileup_02.left_outcome,She grounds on the sill with a sound of breaking stone. The chamber is clear by dark. The sill is not what it was.
card.cri_pileup_02.right,Let her sink; raise her later
card.cri_pileup_02.right_outcome,She sinks in the chamber. Three weeks with Tamm's rig. Sixty boats wait. The sill lives.
card.cri_pileup_03.text,"One dead. Crushed between the hulls. A Sorrel bargee, young, with a wife at Lock 3 who does not know yet. I will write to her. I would like the Keeper to sign the letter, because the Company's form does not have a place for sorry and mine does."
card.cri_pileup_03.left,Sign it
card.cri_pileup_03.left_outcome,You sign under 'sorry'. It is the only Company letter that has ever had the word.
card.cri_pileup_03.right,The Company's form only
card.cri_pileup_03.right_outcome,"""The form. Yes. I shall send mine anyway, unsigned. She will know whose it is."""
card.cri_pileup_04.text,A collision in the chamber. A death. The Board requires an inquiry and the inquiry requires a name. The order to run two boats a filling was given. The Book does not say by whom. You will find I am asking whom to write.
card.cri_pileup_04.left,Write mine
card.cri_pileup_04.left_outcome,"""Noted."" She writes it. Then she writes, beneath it, 'under Superintendent's standing instruction'. Pell does not thank her. He does not know."
card.cri_pileup_04.right,Write Pell's
card.cri_pileup_04.right_outcome,"""Noted."" She writes it. Pell is scolded for nine pages and does not speak to you for a month."
card.cri_pileup_05.text,"I have examined the chamber. Two vessels, one filling, contrary to regulation and the Compact's safety schedule. I have the dates of every such passage this quarter. Forty-one. I am obliged to report them. I take no pleasure in it."
card.cri_pileup_05.left,Report them all
card.cri_pileup_05.left_outcome,"""Duly."" Forty-one breaches to Aldmere. Aldmere demands the summit slow. It slows."
card.cri_pileup_05.right,Report the one
card.cri_pileup_05.right_outcome,"""One. I note that is not what happened. I note I am doing it anyway, which I shall regret."""
card.cri_pileup_06.text,"The chamber is clear. The gate runs one boat a filling, at the bell. The record is gone and so is a man. In the Ledger the pile-up page has one other hand, from Year 58: 'we were told to go faster, and we did'."
card.cri_pileup_06.left,Write the same
card.cri_pileup_06.left_outcome,You write it. It is still true.
card.cri_pileup_06.right,"Write 'one boat a filling, always'"
card.cri_pileup_06.right_outcome,"A rule, in the Ledger, for the next Keeper. Whether they read it is theirs."
card.cri_recover_01.text,"A quiet watch. The first in a season. No queue past Lock 8, no water over the path, a chest that closes, a Board that has stopped writing, a town that nods. The Ledger has a page for quiet watches. It is the shortest page. It says: 'they end'."
card.cri_recover_01.left,Use it: walk the north bank
card.cri_recover_01.left_outcome,"In daylight, for once. The sluice house. The clear stream. You see it all plainly and nobody stops you."
card.cri_recover_01.right,Use it: sleep
card.cri_recover_01.right_outcome,You sleep a whole night. The gate does not fall down. Stroud is smug for a week.
card.cri_recover_02.text,"You've had a bad season. I've watched it from Lock 8. Dray had a bad season too, his second year. He came out of it different. Quieter. Started asking about the tenth mark. Just saying."
card.cri_recover_02.left,Ask about the tenth mark
card.cri_recover_02.left_outcome,"""Below the sill. Painted over in Year 31. For when the pound goes where it shouldn't."""
card.cri_recover_02.right,Come out of it louder
card.cri_recover_02.right_outcome,"""Louder. Ha. Nobody's tried louder. Might work."""
card.cri_recover_03.text,"The town has come through something. The chapel does not keep that kind of ledger. It wishes to give thanks, and has asked, for the first time in my memory, that the Keeper stand at the front. Not the last pew."
card.cri_recover_03.left,Stand at the front
card.cri_recover_03.left_outcome,You stand where the chaplain stands. The town looks at you. It is worse than the boundary stone and better than anything.
card.cri_recover_03.right,"The last pew, with Vosk"
card.cri_recover_03.right_outcome,"You sit in the last pew. Vosk sits beside you. Hale gives thanks anyway. The town turns to look, twice."
card.cri_recover_04.text,"The moot's voted you a name. Not 'the Keeper', not 'the new one'. A name. Yours, the one you gave Mirren, which she told me, which I told the moot. It's on a board over the bar now. It'll come down if you earn it. Don't."
card.cri_recover_04.left,Don't
card.cri_recover_04.left_outcome,"""Right."" The board stays up. It is the only thing at the summit with your name on it that the Company did not write."
card.cri_recover_04.right,Put the hands' names beside it
card.cri_recover_04.right_outcome,Eleven names beside yours. Dace pretends not to look at it. He looks at it every night.
card.cri_recover_05.text,"Keeper! We have come through. Whatever it was, we have come through it, and the Board, which knows nothing of what it was, has written 'satisfactory'. Satisfactory! I have not seen the word in eleven years. I have framed it. Come and look at the frame."
card.cri_recover_05.left,Look at the frame
card.cri_recover_05.left_outcome,It is a very good frame. He has hung it beside a blank space he says is for the next one.
card.cri_recover_05.right,Ask what 'satisfactory' cost
card.cri_recover_05.right_outcome,"""Cost? Nothing. Everything. A season. Magnificent."" He means all four."
card.cri_town_01.text,There's a crowd at the Company house. Not a mob. Not yet. A crowd with lamps and one voice too many. They want the Keeper to come out and say whose side the gate is on. I've told them you're coming. Come.
card.cri_town_01.left,Go out and speak
card.cri_town_01.left_outcome,You speak from the step. You say the gate's. It is not what they wanted. It is enough to go home on.
card.cri_town_01.right,Send Dace to disperse them
card.cri_town_01.right_outcome,Dace goes out. He is one of them. He comes back in. They do not disperse.
card.cri_town_02.text,"Three things. Somebody's thrown a lamp through the Company house window. It didn't catch. The crowd's gone quiet, which is worse than loud. And the constable's asked me whose men mine are: the Company's or the town's. I didn't have an answer."
card.cri_town_02.left,The town's; stand them down
card.cri_town_02.left_outcome,The hands go home. The Company house stands empty and unguarded. Nobody touches it. That is the town's answer.
card.cri_town_02.right,The Company's; guard the house
card.cri_town_02.right_outcome,"Eleven hands in a line before the Company house, facing their neighbors. Nobody moves. By dawn the hands are not the town's any more."
card.cri_town_03.text,"A man on the wharf with a torch, and thirty behind him, and the Company warehouse full of grain and lamp oil. He does not know you. He knows the Company. He asks the Keeper, quite politely, to step aside."
card.cri_town_03.text_variant0,"A man on the wharf with a torch, and thirty behind him, and the Reach beyond with forty boats and a Clearance order on every hull. He asks the Keeper, quite politely, whether the order stands, because if it does he means to help it along."
card.cri_town_03.left,Don't step aside
card.cri_town_03.left_outcome,You stand in front of the warehouse. He looks at you a long time. Somebody behind him laughs. Somebody else takes his torch.
card.cri_town_03.right,Step aside
card.cri_town_03.right_outcome,The warehouse burns. The town watches. The Company's grain and lamp oil light the pound orange until dawn.
card.cri_town_04.text,"The town has stopped paying rent. All of it. To me. They say it is about the Keeper; I say it is about money, which everything is. I have written to the Company for constables. The Company has written back asking whether the Keeper approved. Did you?"
card.cri_town_04.left,No constables
card.cri_town_04.left_outcome,"""Then no rent. Kindly."" She waits. She is very good at it. The town is not."
card.cri_town_04.right,"Constables, for the rent only"
card.cri_town_04.right_outcome,Constables collect rent in Company green. The town pays. The town remembers who let them in.
card.cri_town_05.text,"The Courier's Aldmere edition has a piece about the summit 'in revolt'. It's mine. It's mostly true. Ardent has read it and is sending someone. I can print a second piece, calmer, tomorrow. Or I can print what happens when Ardent's someone arrives. Your pick."
card.cri_town_05.left,The calmer piece
card.cri_town_05.left_outcome,"HALFWAY: A TOWN AT PEACE. It is not, quite. It becomes so, partly because it was printed."
card.cri_town_05.right,Print what happens
card.cri_town_05.right_outcome,"""Right. I'll bring a plate-man."" Ardent's someone arrives to find a newspaperman and a crowd and does not know which to arrest."
card.cri_town_06.text,The town's on the wharf with lamps and the Company house is dark and Ardent's constables are at Lock 8 asking me to hold the towpath till they arrive. I've got twelve men. The town's got three hundred. I'd rather nobody found out which number matters.
card.cri_town_06.text_variant0,The town's on the wharf. Half want the Reach cleared tonight and half want the constables gone. Both halves have lamps. Ardent's constables are at Lock 8. I've got twelve men and I'm asking which half I'm standing in front of.
card.cri_town_06.left,Stand between the town and the constables
card.cri_town_06.left_outcome,"Sorrel soldiers facing Company constables on a Company towpath, with a town behind them. Nobody moves till dawn. At dawn the constables go back."
card.cri_town_06.right,Stand aside; let it happen
card.cri_town_06.right_outcome,He stands aside. It happens. In the morning there is a boy on the towpath who does not stand up.
card.cri_town_07.text,"It's happening. The town's risen. For you, they say, and against the Company. They've barred the Company house with Pell in it and cut the tow ropes and somebody's singing. I buried a boy after the last one. Stop them."
card.cri_town_07.left,Stop them
card.cri_town_07.left_outcome,"You stand on the wharf and tell them to go home. You say Pell is a fool, not an enemy. You say the water is the enemy. They go home. Slowly. For you."
card.cri_town_07.right,Let them rise
card.cri_town_07.right_outcome,"They rise. Pell is walked to the boundary stone. The Company house is the town's by morning. So, on paper, is the Keeper's neck."
card.cri_town_08.text,"The town has gone home. The Company house has a new window. In the Ledger, the riot page from Year 44 ends: 'they will forgive the Company, in time. They will not forgive the Keeper who let them.' You did not let them."
card.cri_town_08.left,Write it
card.cri_town_08.left_outcome,'The Keeper did not let them.' It is true. It may be enough.
card.cri_town_08.right,Write what they wanted
card.cri_town_08.right_outcome,You write what the town wanted: the water. It has always been the water.
card.end_crisis_fever.text,"It came up the east flight in a boat with a clean bill. You have it now. I will sit with you. There was nothing to be done, I will say afterward, and I am not certain it is true."
card.end_crisis_fever.left,Ask her to say it anyway
card.end_crisis_fever.left_outcome,She does. She is a good physician.
card.end_crisis_fever.right,Tell her what you noticed about the water
card.end_crisis_fever.right_outcome,She writes it down. Doctors keep ledgers too.
card.end_crisis_fire.text,"Yard's gone to the waterline. Season's hulls with it. Town says Company. Company says you. I say you were holding a bucket, same as me, and it'll hold or it won't."
card.end_crisis_fire.left,Stay and help clear
card.end_crisis_fire.left_outcome,Three days of ash. Then the telegram.
card.end_crisis_fire.right,Face the Company first
card.end_crisis_fire.right_outcome,The telegram is already written.
card.end_crisis_frost.text,"Forty boats frozen in the pound and the Company store half empty for a month. Two children did not see the thaw. The ice is going now. So, I think, are you."
card.end_crisis_frost.left,On the first barge down
card.end_crisis_frost.left_outcome,Nobody sees you off. That is a kindness.
card.end_crisis_frost.right,Ask if you could have done more
card.end_crisis_frost.right_outcome,"""Yes. So could I. That is the job."""
card.end_crisis_inquiry.text,"The inquiry finds as follows. The order bore your signature. The Company keeps orders. Regrettably, it does not keep Keepers who sign them. The Board's view is that this concludes matters."
card.end_crisis_inquiry.left,Ask who drafted the order
card.end_crisis_inquiry.left_outcome,"""The Board's view is that this is immaterial."""
card.end_crisis_inquiry.right,Sign the finding
card.end_crisis_inquiry.right_outcome,Your signature again. It is what they keep.
card.end_crisis_riot.text,It started at my inn and ended at your gate. Nobody remembers who threw the first lamp. The Company's report will say you failed to prevent it. Mine says nothing. I have said enough.
card.end_crisis_riot.left,You could have stopped it
card.end_crisis_riot.left_outcome,"""So could you. Earlier."""
card.end_crisis_riot.right,Nobody could
card.end_crisis_riot.right_outcome,"""Somebody did, once. Then his son drowned."""
card.end_false_blessing.text,"Nine nights of the Lamp Vigil, and on the tenth, rain for a week. The pound is full. The chapel is full. We do not ask the water, Keeper. We tend it, and it answers."
card.end_false_blessing.left,Kneel with the rest
card.end_false_blessing.left_outcome,It is a comfort. It is also a wet season.
card.end_false_blessing.right,Ask how long it will last
card.end_false_blessing.right_outcome,"""As long as it is tended."" She believes it. Almost."
card.end_false_clearance.text,"The Reed Reach is clear. Not a shot, Keeper, not one. The boats went down the west flight this morning. Quieter, isn't it. Our little difficulty, resolved at last."
card.end_false_clearance.left,It is quieter
card.end_false_clearance.left_outcome,Nobody sings at the summit again.
card.end_false_clearance.right,Ask where they went
card.end_false_clearance.right_outcome,"""West. Where they came from, one assumes."" One assumes wrong."
card.end_false_drought.text,"It's published. The figures, all of them. The Board has thanked me, blamed the weather, raised the tolls and commissioned a tenth reservoir. Twelve years to fill. Sorry. I thought it would be different."
card.end_false_drought.left,It was the right thing
card.end_false_drought.left_outcome,"""It was a thing. Roughly."""
card.end_false_drought.right,The figures were never the whole of it
card.end_false_drought.right_outcome,"""No. What was?"" You do not know yet."
card.end_false_hero.text,"Front page on both shores. THE KEEPER WHO WOULD NOT BEND. You're famous, Keeper. The Company can't dismiss a hero, so it's giving you a lecture tour, and the summit a new Keeper, and the sluice house a new lock."
card.end_false_hero.left,Take the tour
card.end_false_hero.left_outcome,You tell the story forty times. It gets shorter.
card.end_false_hero.right,Ask about the new lock
card.end_false_hero.right_outcome,"""Off the record? Big one."""
card.end_false_killer.text,"You have accused me of Dray's death and the Board has accepted it. I am removed. For the record, I did not kill him. For the record, I know where he is. You will not ask."
card.end_false_killer.left,Ask
card.end_false_killer.left_outcome,She is already walking.
card.end_false_killer.right,Let her go
card.end_false_killer.right_outcome,"A new auditor arrives within the week, and asks the same questions."
card.end_false_purchase.text,"Done. My principals own the Sorrel half as of this watch. Tolls down, traffic up, and you stay on at a better wage. Delay costs, Keeper, and now it costs me. Shake."
card.end_false_purchase.left,Shake
card.end_false_purchase.left_outcome,Two summers later the pound falls to the sills and nobody in Sorrel knows why.
card.end_false_purchase.right,Ask what she knows about the water
card.end_false_purchase.right_outcome,"""That it floats coal. What else is there?"""
card.end_ord_companys_keeper.text,"Your file reads 'reliable'. For the record, that is the Company's highest word. You have kept the gate a hundred watches and never once asked me about the sluice house."
card.end_ord_companys_keeper.left,Ask her now
card.end_ord_companys_keeper.left_outcome,"""No."" She almost smiles. ""You will find that was the right time."""
card.end_ord_companys_keeper.right,Say it was not your business
card.end_ord_companys_keeper.right_outcome,"""Noted."""
card.end_ord_jubilee.text,"Eighty years, a record day, and not one boat grounded. Your name goes on the plaque beside the top gate. Bronze, Keeper. The Meridian spirit, cast in bronze."
card.end_ord_jubilee.left,Stand for the unveiling
card.end_ord_jubilee.left_outcome,"Bronze goes green, in time. So does everything here."
card.end_ord_jubilee.right,Put Quenn's name beside yours
card.end_ord_jubilee.right_outcome,"He agrees at once, and means it."
card.end_ord_long_watch.text,A hundred watches. The Company offers a cottage below Lock 7 and a pension in scrip. The gauge on the sill reads what it reads. Somebody else will have to notice.
card.end_ord_long_watch.left,Take the cottage
card.end_ord_long_watch.left_outcome,The garden floods every spring. You keep it anyway.
card.end_ord_long_watch.right,Ask for one more year
card.end_ord_long_watch.right_outcome,"""Regrettably."" The cottage, then."
card.end_ord_quiet.text,"There is a wedding at the Still Water chapel and the whole summit comes, the geese included. The gauge reads what it reads. For once, you are not looking at it."
card.end_ord_quiet.left,Dance
card.end_ord_quiet.left_outcome,Badly. Nobody minds.
card.end_ord_quiet.right,Watch the water anyway
card.end_ord_quiet.right_outcome,Old habits. It is a mark lower than it was.
card.end_ord_towns_keeper.text,"The moot voted you a chair. Not a title. A chair, by the fire, and a tankard with your name on it. Your Company gave nothing. You knew that."
card.end_ord_towns_keeper.left,Sit in it
card.end_ord_towns_keeper.left_outcome,"""Costs nothing. First thing here that does."""
card.end_ord_towns_keeper.right,Give the chair to Dace
card.end_ord_towns_keeper.right_outcome,"Dace sits in it once, to be polite, and never again."
card.end_ord_transferred.text,"Keeper! Magnificent news. Lock 3, Sorrel side. Quieter water, a bigger house, a lower toll book. The Board calls it a promotion and so, Keeper, shall we."
card.end_ord_transferred.left,Accept it
card.end_ord_transferred.left_outcome,The barge down is the first you have ridden in a year.
card.end_ord_transferred.right,Ask why
card.end_ord_transferred.right_outcome,"""Our little difficulty, Keeper. Nothing more."""
card.end_res_coffers_max.text,"The account shows a surplus the toll table cannot produce. For the record, I asked you twice. There is one explanation in the manual. The constables know it too."
card.end_res_coffers_max.text_variant0,"The account shows a surplus the toll table cannot produce. I asked you twice, and I wanted you to have an answer. You will find I have written the kindest version that is still true."
card.end_res_coffers_max.left,It was for the gates
card.end_res_coffers_max.left_outcome,"""Noted. It is not what the manual calls it."""
card.end_res_coffers_max.right,Say nothing
card.end_res_coffers_max.right_outcome,"""Noted."""
card.end_res_coffers_min.text,The Board regrets. Wages unpaid for three watches constitute abandonment of the works. The account is closed and the appointment with it. Arrangements have been made for your furniture.
card.end_res_coffers_min.left,Ask who bought it
card.end_res_coffers_min.left_outcome,"""Mrs Cole, at a fair price. Regrettably."""
card.end_res_coffers_min.right,Ask who keeps the gate
card.end_res_coffers_min.right_outcome,"""Someone will. Someone always does."""
card.end_res_company_max.text,The Board's view is that you are the Meridian Canal. Your likeness will go on the Jubilee medal and your name on every statement about the water. You need only say yes.
card.end_res_company_max.text_variant0,"The Board's view is that you are the Meridian Canal. You have read the file, so you understand exactly what the medal is for. You need only say yes."
card.end_res_company_max.left,Yes
card.end_res_company_max.left_outcome,"The medal is bronze. The crowd, later, will know the face."
card.end_res_company_max.right,Ask for time
card.end_res_company_max.right_outcome,"""The Board's view is that there is none."""
card.end_res_company_min.text,COMPANY TO KEEPER HALFWAY STOP APPOINTMENT REVOKED STOP VACATE BY NEXT WATCH STOP HAND BOOK AND KEYS TO AUDITOR STOP
card.end_res_company_min.left,Hand over the Book
card.end_res_company_min.left_outcome,Vosk takes it without opening it.
card.end_res_company_min.right,Tear out your pages first
card.end_res_company_min.right_outcome,The Ledger is not the Book. You keep the Ledger.
card.end_res_town_max.text,The town has risen for you and against the charter. I have orders to take you east. I have also told my people not to load. Come quietly and nobody here learns what a rifle sounds like.
card.end_res_town_max.left,Go quietly
card.end_res_town_max.left_outcome,The town watches. Nobody fires. He was right about that.
card.end_res_town_max.right,Ask the town to stand down
card.end_res_town_max.right_outcome,"They do, for you. Then you go east anyway."
card.end_res_town_min.text,"Nobody is shouting. The doors are barred, the tow ropes are cut, and the town is walking you to the boundary stone with lamps. I am carrying one. I am sorry about that."
card.end_res_town_min.left,Walk with them
card.end_res_town_min.left_outcome,"At the stone she says, ""It costs what it costs."""
card.end_res_town_min.right,Ask her to stop it
card.end_res_town_min.right_outcome,"""I could have. Before."""
card.end_res_traffic_max.text,"Two in the chamber, Keeper, both at speed, because nobody was counting any more. The coal boat's under the grain boat. Stroud is down there. Three things: you'll want to come, you'll want to not, and it doesn't matter."
card.end_res_traffic_max.left,Go down
card.end_res_traffic_max.left_outcome,You go down.
card.end_res_traffic_max.right,Send for the Company
card.end_res_traffic_max.right_outcome,Dace looks at you the way he looks at a broken paddle.
card.end_res_traffic_min.text,Keeper. Forty-one vessels between here and Lock 6. Aldmere has closed its flight. The Board has wired. I did not read it aloud. I am reading it to you now.
card.end_res_traffic_min.left,Ask what it says
card.end_res_traffic_min.left_outcome,"""'Remove.' One word. They used to write more."""
card.end_res_traffic_min.right,You know what it says
card.end_res_traffic_min.right_outcome,He folds it very small.
card.end_res_water_max.text,"At the third bell the east embankment goes. The sound is not loud. Then the town's lamps go out one street at a time, from the bottom up."
card.end_res_water_max.text_variant0,At the third bell the east embankment goes. Nobody sandbagged; nobody would come when you called. The town's lamps go out from the bottom up.
card.end_res_water_max.left,Run for the paddles
card.end_res_water_max.left_outcome,"Too late, and you know it."
card.end_res_water_max.right,Run for the town
card.end_res_water_max.right_outcome,You carry a child up Chapel Street. It is one.
card.end_res_water_min.text,The gauge reads nothing. A grain barge settles onto the sill with a sound like a door closing. The chamber is a stone room with a boat in it.
card.end_res_water_min.text_variant0,"The gauge reads nothing. Quenn stands beside you with her folio shut. ""The figures said this,"" she says. ""Sorry. They said this."""
card.end_res_water_min.left,Write the true figures
card.end_res_water_min.left_outcome,The last entry in your hand.
card.end_res_water_min.right,Write 'drought'
card.end_res_water_min.right_outcome,"The Company will read it, and agree."
card.end_rev_bram.text,"At the boundary stone Bram Holloway stands up, which he does not do. ""We hold a place on the north bank where the water comes out of the hill. We have never said it. We say it now, to a gate."""
card.end_rev_bram.left,Take the bearing
card.end_rev_bram.left_outcome,"He gives it in the old way, by lamps and stones."
card.end_rev_bram.right,Ask why now
card.end_rev_bram.right_outcome,"""Because you are leaving, and the remembered are not."""
card.end_rev_cipher.text,"The last night, and the cipher gives. It was the gauge marks all along. The ledger is a map. She reads it over your shoulder and says nothing for a long time."
card.end_rev_cipher.left,Give her the ledger
card.end_rev_cipher.left_outcome,"""He drew this. He was going in."" She keeps it."
card.end_rev_cipher.right,Copy it into the Ledger first
card.end_rev_cipher.right_outcome,She lets you. Then she takes it.
card.end_rev_crane.text,You are dismissed and I am recalled. I note that my report under Schedule Nine includes six years of water counts. Aldmere will not read it. I have taken the liberty of a second copy.
card.end_rev_crane.left,For the Ledger
card.end_rev_crane.left_outcome,"""Duly. I did not say that."""
card.end_rev_crane.right,For Quenn
card.end_rev_crane.right_outcome,"""She has them already. Hers are more precise."""
card.end_rev_file.text,"They found you with Vosk's file open on the desk. You're removed. I shouldn't tell you this, Keeper, but I wired the first page to the Ledger office before they took it. In strictest confidence."
card.end_rev_file.left,Thank him
card.end_rev_file.left_outcome,He goes red to the eyeshade.
card.end_rev_file.right,Tell him to burn his copy
card.end_rev_file.right_outcome,"""I already did. The other copy."""
card.end_rev_letters.text,The Breach has emptied the undercroft into Chapel Street. Hale is on her knees in the mud gathering letters in an engineer's hand. She looks up at you and holds one out.
card.end_rev_letters.left,Take it
card.end_rev_letters.left_outcome,"""The water I have given."" Marrow's hand. You read it by lamplight, once."
card.end_rev_letters.right,Help her gather them
card.end_rev_letters.right_outcome,"She gives you one anyway, at the end."
card.end_rev_sluice.text,"Behind the sluice house the tunnel goes down, then under. Your lamp lasts long enough to show a second lamp, rusted, and a coat on the stone that had been Dray's. The water is very cold."
card.end_rev_sluice.left,Reach for the coat
card.end_rev_sluice.left_outcome,The Ledger records what you saw. Not what came after.
card.end_rev_sluice.right,Turn back
card.end_rev_sluice.right_outcome,The way back is not where you left it.
card.end_rev_song.text,"At the boundary stone, while the town stands with its lamps, the old woman sings the last verse. The one about the river that went into the hill. The town hears it too."
card.end_rev_song.left,Listen to the end
card.end_rev_song.left_outcome,You have the words now. The Ledger has them.
card.end_rev_song.right,Ask the town if they heard
card.end_rev_song.right_outcome,Some of them did. Ilse did.
card.end_rev_survey.text,They've dismissed you. One watch after you read it. I'm copying the survey out by hand before they empty the drawer. Take the copy. Put it somewhere they don't read.
card.end_rev_survey.left,The Ledger
card.end_rev_survey.left_outcome,"""Good. Sorry. Good."""
card.end_rev_survey.right,Give it to Crane
card.end_rev_survey.right_outcome,"""He'll file it. That's roughly the same thing."""
card.end_rev_tobin.text,"Tobin's gone, in the spring, in his chair. He left you the tankard and a story he never finished: the Dry Year men who came at night to dredge a reservoir, with no dredgers, and went into the hill instead."
card.end_rev_tobin.left,Write it down
card.end_rev_tobin.left_outcome,"In the Ledger, in full, for the next one."
card.end_rev_tobin.right,Tell it to Mirren
card.end_rev_tobin.right_outcome,She listens the way he did.
card.end_rev_vosk.text,"I deliver this one myself. You are dismissed. For the record, and only for the record, the Company has known since the Dry Year. I will leave the door open behind me. You will find that is not an accident."
card.end_rev_vosk.left,Ask why she is telling you
card.end_rev_vosk.left_outcome,"""Because the next one will ask too, and I am tired."""
card.end_rev_vosk.right,Go through the door
card.end_rev_vosk.right_outcome,The file is on her desk. You have one watch.
card.end_true_cut.text,"The regulating sluice she died building is finished. The pound holds. Lowmere has a stream by autumn. Nobody knows. For the record, you have chosen to be me. You will find it is not nothing."
card.end_true_cut.left,Take the key
card.end_true_cut.left_outcome,"Brass, stamped S.H. It was always going to be someone."
card.end_true_cut.right,Give the key to Hale
card.end_true_cut.right_outcome,"""We tend it,"" she says. ""That is all we ever did."""
card.end_true_ledger.text,"Under the Compact, Schedule Nine, both shores now hold the same document in the same watch: Quenn's figures, Marrow's letters, Hesse's front page, my seal. I note that the Company has no schedule for this."
card.end_true_ledger.left,Sign as witness
card.end_true_ledger.left_outcome,The charter falls within the year. The canal does not.
card.end_true_ledger.right,Let the town sign first
card.end_true_ledger.right_outcome,Ilse signs. Then Dace. Then everyone.
card.end_true_river.text,"Dawn. Marrow's sluice is open and the Quell is going home under the hill. The pound is falling to a road. ""We have never thanked a gate,"" Bram says. ""We are learning."""
card.end_true_river.left,Go down with them
card.end_true_river.left_outcome,"The west flight, then a dry valley with a river in it."
card.end_true_river.right,Keep the smaller gate
card.end_true_river.right_outcome,A seasonal canal needs a Keeper too.
card.evg_cargo_01.text,A Sorrel barge declares iron ingots. The waterline says it carries something heavier. The bargee is already reaching for the toll.
card.evg_cargo_01.left,Open the hold
card.evg_cargo_01.left_outcome,Ingots on top. Lead shot underneath. He shrugs.
card.evg_cargo_01.right,Iron is iron
card.evg_cargo_01.right_outcome,"The toll is paid twice over, quietly."
card.evg_cargo_02.text,I note that this vessel's manifest lists forty barrels and I have counted forty-three. Schedule Two is unambiguous about miscounts.
card.evg_cargo_02.left,Impound the three
card.evg_cargo_02.left_outcome,"""Duly."" The bargee calls you something under his breath."
card.evg_cargo_02.right,A clerk's error
card.evg_cargo_02.right_outcome,"""The Compact does not recognize clerks' errors."""
card.evg_cargo_03.text,"Six coal barges, one manifest, one seal, one toll. My principals call it a fleet. Your predecessor called it six boats and charged six tolls. Delay costs, Keeper."
card.evg_cargo_03.left,"Six boats, six tolls"
card.evg_cargo_03.left_outcome,"""Fine. I'll add it to the bill."""
card.evg_cargo_03.right,"One fleet, one toll"
card.evg_cargo_03.right_outcome,"""See? We can fix that."""
card.evg_cargo_04.text,"There's a boat two back in the queue with a hold full of nothing. Cargo. I'm telling you so you don't look, not so you do."
card.evg_cargo_04.left,Look anyway
card.evg_cargo_04.left_outcome,"Nothing, as she said. Very neatly stacked nothing."
card.evg_cargo_04.right,Don't look
card.evg_cargo_04.right_outcome,The boat passes. Wren does not mention it again.
card.evg_cargo_05.text,"Three things. The grain boat's papers are Aldmere. The grain is Sorrel, by the sacks. And the bargee's asking if we're the sort of gate that notices."
card.evg_cargo_05.left,We notice
card.evg_cargo_05.left_outcome,Grain is impounded pending the right stamp. Somebody is furious somewhere.
card.evg_cargo_05.right,Grain is grain
card.evg_cargo_05.right_outcome,"""Right. Just so I know what sort."""
card.evg_cargo_06.text,"A passenger packet from Aldmere: twelve travellers, luggage roped high. One trunk is leaking a slow red stain onto the deck."
card.evg_cargo_06.left,Open the trunk
card.evg_cargo_06.left_outcome,Beetroot. Forty pounds of it. The traveller weeps with relief.
card.evg_cargo_06.right,Not your business
card.evg_cargo_06.right_outcome,The packet goes through. The stain stays in your mind.
card.evg_cargo_07.text,"A most interesting case. Live geese are livestock under Schedule Two but poultry under Schedule Five, and the tolls differ. I have prepared a memorandum."
card.evg_cargo_07.left,Livestock
card.evg_cargo_07.left_outcome,"""A defensible reading."" He is visibly thrilled."
card.evg_cargo_07.right,Poultry
card.evg_cargo_07.right_outcome,"""Also defensible. I shall note both."""
card.evg_cargo_08.text,Your inspector has had my ironwork barge open for two hours over a stamp. Two hours. My principals will hear the word 'Halfway' and it will not be a good word.
card.evg_cargo_08.left,Tell Crane to finish
card.evg_cargo_08.left_outcome,He finishes. In another hour.
card.evg_cargo_08.right,The inspector has his reasons
card.evg_cargo_08.right_outcome,"""So do I. Mine pay."""
card.evg_cargo_09.text,"All right. Yes. That's my crate under the tarpaulin, and yes, it's the one I said wasn't. Tell me what it costs and I'll tell you if I have it."
card.evg_cargo_09.left,It costs the crate
card.evg_cargo_09.left_outcome,"She lets it go without a word, which is how you know it mattered."
card.evg_cargo_09.right,"It costs a favor, later"
card.evg_cargo_09.right_outcome,"""Done. Don't ask for a big one."""
card.evg_cargo_10.text,"Coal barge wants to unload half its load on our wharf to lighten for the sills, then reload below. That's a day's hands. Company says it's the boat's problem."
card.evg_cargo_10.left,Lend the hands
card.evg_cargo_10.left_outcome,A day's coal dust and a grateful crew.
card.evg_cargo_10.right,The boat's problem
card.evg_cargo_10.right_outcome,It sits in the pound for two days working it out.
card.evg_cargo_11.text,"A boat of Concordance lamp-oil, blessed and sealed, bound for the chapels of Sorrel. The Sorrel inspector wants it opened. The seal, the pilgrims say, is the point."
card.evg_cargo_11.left,Respect the seal
card.evg_cargo_11.left_outcome,The oil passes unopened. Sorrel's man writes a note.
card.evg_cargo_11.right,Open it
card.evg_cargo_11.right_outcome,"Lamp-oil, all of it. The pilgrims re-bless it, slowly."
card.evg_cargo_12.text,There is a crate marked 'agricultural implements' with a Sorrel Escort Company seal. Schedule Four. I require the second seal or the crate does not move. I am quite firm.
card.evg_cargo_12.left,Hold the crate
card.evg_cargo_12.left_outcome,Solas arrives within the hour and says nothing at all.
card.evg_cargo_12.right,One seal will serve
card.evg_cargo_12.right_outcome,"""I note that. I note it in ink."""
card.evg_cargo_13.text,"Off the record: a Sorrel printing press, in pieces, in three barrels marked pickles. The Aldmere guilds would rather it never arrived. I would rather it did. What would you rather?"
card.evg_cargo_13.left,"Pickles, then"
card.evg_cargo_13.left_outcome,The barrels pass. Aldmere gets a newspaper it did not ask for.
card.evg_cargo_13.right,Declare it properly
card.evg_cargo_13.right_outcome,Crane is delighted for a week.
card.evg_cargo_14.text,No jokes. There's medicine on that boat for the coalfield towns and the Sorrel inspector's holding it for a fee. Children's medicine. You could pass it as Company mail.
card.evg_cargo_14.left,Company mail
card.evg_cargo_14.left_outcome,It goes through first. You sign a lie in the Book.
card.evg_cargo_14.right,Pay the fee from the Coffers
card.evg_cargo_14.right_outcome,"Legal, slow, and yours."
card.evg_cargo_15.text,"Barge riding low, Keeper. The bargee says ballast. And there's a smell like a cellar with a cat in it."
card.evg_cargo_15.left,Open it
card.evg_cargo_15.left_outcome,"Cheese. A hold of it, ripening in the sun. The hands will not go down."
card.evg_cargo_15.right,"Pass it, quickly"
card.evg_cargo_15.right_outcome,The smell hangs over the pound until nightfall.
card.evg_cargo_16.text,A Company barge marked 'reservoir works' waits with a tarpaulin over the whole load and a foreman who says the Keeper's inspection right does not apply to Company cargo.
card.evg_cargo_16.left,It applies
card.evg_cargo_16.left_outcome,"Under the tarpaulin: masonry, timber shoring, lamps. A lot of lamps."
card.evg_cargo_16.right,Company cargo passes
card.evg_cargo_16.right_outcome,The foreman touches his cap. Vosk hears of it approvingly.
card.evg_cargo_17.text,"The Compact provides for a joint inspection where cargo is disputed between shores. The Sorrel agent has declined to attend. I propose to inspect alone, duly witnessed by you."
card.evg_cargo_17.left,Witness it
card.evg_cargo_17.left_outcome,An hour of counting. Nothing wrong. He is quietly disappointed.
card.evg_cargo_17.right,No inspection without both
card.evg_cargo_17.right_outcome,"""A strict reading. I respect it, and disagree."""
card.evg_cargo_18.text,My principals will pay a standing fee for coal barges to pass without the hold check. Call it a season ticket. Everybody does it at Lock 4.
card.evg_cargo_18.left,A season ticket
card.evg_cargo_18.left_outcome,The Coffers swell. The Book has a new column nobody taught you.
card.evg_cargo_18.right,Not at Lock 9
card.evg_cargo_18.right_outcome,"""Lock 9. Right. I'll remember which one."""
card.evg_cargo_19.text,Somebody left a basket of eels on the sill for the Keeper. Still lively. It'd be rude not to. It'd also be rude to ask who.
card.evg_cargo_19.left,Take the eels
card.evg_cargo_19.left_outcome,Ilse cooks them. The Book says nothing about eels.
card.evg_cargo_19.right,Give them to the chapel
card.evg_cargo_19.right_outcome,Hale feeds six people. Wren sighs.
card.evg_cargo_20.text,"An empty boat going east, riding high, toll paid in advance by wire. The bargee cannot say who paid or what he will carry back. He seems not to know himself."
card.evg_cargo_20.left,Hold him until he does
card.evg_cargo_20.left_outcome,By evening a wire arrives from Ardent releasing him. The wire is signed 'A.K.'
card.evg_cargo_20.right,Paid is paid
card.evg_cargo_20.right_outcome,"He goes down the east flight, high and quiet."
card.evg_chapel_01.text,"The blessing of vessels falls on the first day of the month. Every boat in the pound receives the lamp. It takes a morning. The Company has never asked us to stop, and never asked us to hurry."
card.evg_chapel_01.left,The morning is the chapel's
card.evg_chapel_01.left_outcome,Lamps over every hull. The queue is patient in a way it never is for you.
card.evg_chapel_01.right,Bless them as they pass
card.evg_chapel_01.right_outcome,"""We tend what moves as well as what is still."" She adapts."
card.evg_chapel_02.text,"A Concordance novice, very young, has come to ask the Keeper whether the summit water is the same water as the spring in the chapel. Her teacher told her to ask an engineer. There is none about."
card.evg_chapel_02.left,The same water
card.evg_chapel_02.left_outcome,"She is pleased. It is, as it happens, true."
card.evg_chapel_02.right,Ask Sister Hale
card.evg_chapel_02.right_outcome,"""I did. She said to ask an engineer."""
card.evg_chapel_03.text,"The chapel's roof leaks. Sister Hale has asked me, as landlady, and I have asked the Company, as its tenant is the town's comfort. The Company has asked you. Everyone has asked someone."
card.evg_chapel_03.left,Pay for the roof
card.evg_chapel_03.left_outcome,Tamm mends it in a day. Hale blesses the ladder.
card.evg_chapel_03.right,The landlady's roof
card.evg_chapel_03.right_outcome,"""Kindly. I shall mend it, and raise the lease."""
card.evg_chapel_04.text,"The chapel woman feeds our children at her gate. We do not attend her chapel. She has never asked us to. We ask whether the gate thinks that is kindness, or patience."
card.evg_chapel_04.left,Kindness
card.evg_chapel_04.left_outcome,"""Perhaps. We have known patient people who fed us too."""
card.evg_chapel_04.right,Ask her yourself
card.evg_chapel_04.right_outcome,"""We do not ask the water. She does not ask us. We are alike, she and we."""
card.evg_chapel_05.text,"Hale's asked the moot to make the Lamp Vigil a town holiday. Half the town would take any holiday. The other half says the chapel's the Company's chapel, founded on Company money."
card.evg_chapel_05.left,Support the holiday
card.evg_chapel_05.left_outcome,The town takes the day. The chapel is full. Ilse sells a great deal of ale.
card.evg_chapel_05.right,Stay out of it
card.evg_chapel_05.right_outcome,"""Wise. Or cowardly. I'll tell you which later."""
card.evg_chapel_06.text,"A bargee has died in the pound, of drink, at night. His people are Sorrel and far away. The chapel would bury him at the summit and tend the grave. It costs a plot of Company ground."
card.evg_chapel_06.left,A plot of Company ground
card.evg_chapel_06.left_outcome,The first grave at the summit that is not a Keeper's.
card.evg_chapel_06.right,Send him down to Sorrel
card.evg_chapel_06.right_outcome,A cold boat goes west. Hale lights a lamp anyway.
card.evg_chapel_07.text,"A Concordance elder from the Aldmere chapels has come to inspect the summit chapel's 'founding relics'. Hale has said the undercroft is flooded. It is not, this week. She has asked you to say it is."
card.evg_chapel_07.left,The undercroft is flooded
card.evg_chapel_07.left_outcome,The elder leaves. Hale does not thank you; she does not need to.
card.evg_chapel_07.right,Show him the undercroft
card.evg_chapel_07.right_outcome,Hale goes very still. The elder finds only damp and old stone. This week.
card.evg_chapel_08.text,I have found the chapel's original lease among my father's papers. It names a donor. The name is not the Company's. I mention it because the Keeper seems the sort who likes to know things.
card.evg_chapel_08.left,Whose name?
card.evg_chapel_08.left_outcome,"""Marrow. An engineer, I believe. Long dead. Kindly forget I said so."""
card.evg_chapel_08.right,Old paper is old paper
card.evg_chapel_08.right_outcome,"""Quite. I shall keep it anyway. I keep everything."""
card.evg_chapel_09.text,"A Sorrel engineer has asked to test the chapel spring. Its flow, its minerals. He is polite. I have said the spring is not a thing to be tested. He has said everything is. I have come to the gate."
card.evg_chapel_09.left,The spring is the chapel's
card.evg_chapel_09.left_outcome,He leaves. She holds your hand a moment too long.
card.evg_chapel_09.right,Let him test it
card.evg_chapel_09.right_outcome,"Iron, and the pound's own minerals, exactly. He writes it down. So do you."
card.evg_chapel_10.text,"The chapel woman asked our old singer to sing at her Vigil. The old singer said the song is not for lamps. We ask whether the gate would hear it, if it were sung there."
card.evg_chapel_10.left,I would
card.evg_chapel_10.left_outcome,"""Then perhaps it will be. Perhaps."""
card.evg_chapel_10.right,Songs are the Reach's business
card.evg_chapel_10.right_outcome,"""They are. We wondered."""
card.evg_chapel_11.text,"The chapel poor-line at the gate has doubled. Sorrel families, mostly, off the coal boats. Hale feeds them. The town says it's the Keeper's gate, so it's the Keeper's poor. I say nothing. I'm asking."
card.evg_chapel_11.left,Feed them from the Coffers too
card.evg_chapel_11.left_outcome,The line is fed. The Book has a column Vosk reads twice.
card.evg_chapel_11.right,The chapel feeds; the gate keeps
card.evg_chapel_11.right_outcome,"""Fair. Cold, but fair."""
card.evg_chapel_12.text,A vessel asks the old blessing against the Dry Summit. I have not been asked for it in years. Its words mention 'the river under the hill'. I do not know why. We tend. We do not ask.
card.evg_chapel_12.left,Ask anyway
card.evg_chapel_12.left_outcome,"""Old words. Older than the chapel, I think."" She will not say more."
card.evg_chapel_12.right,Say the blessing
card.evg_chapel_12.right_outcome,"The words go over the hull. The bargee, Hullfolk, weeps without sound."
card.evg_chapel_13.text,"A woman in Concordance grey stands at the gate all day, saying nothing, holding an unlit lamp. Bargees find her unsettling. Hale says she is 'keeping a silence'. Nobody knows for whom."
card.evg_chapel_13.left,Let her keep it
card.evg_chapel_13.left_outcome,At dusk she lights the lamp and walks away. The pound is a mark lower.
card.evg_chapel_13.right,Ask her to keep it in the chapel
card.evg_chapel_13.right_outcome,She goes. The bargees are relieved and slightly ashamed.
card.evg_chapel_14.text,"Sister Hale has taken in a Sorrel deserter and calls it sanctuary. My building. Company lease. Sorrel Escort Company outside asking. I am not a hard woman, but I am a landlady with a lease to protect."
card.evg_chapel_14.left,Sanctuary holds
card.evg_chapel_14.left_outcome,Solas withdraws his men without a word. Cole raises the lease.
card.evg_chapel_14.right,Hand him to Solas
card.evg_chapel_14.right_outcome,Solas takes him gently. Hale does not speak to you for a week.
card.evg_chapel_15.text,The Concordance in Aldmere has sent a new hymn for the Vigil. It is about reservoirs. I do not think a hymn should be about reservoirs. But the Company paid for the printing.
card.evg_chapel_15.left,Sing the old hymns
card.evg_chapel_15.left_outcome,"""Thank you."" The new hymnals line a damp shelf."
card.evg_chapel_15.right,The Company paid; sing it
card.evg_chapel_15.right_outcome,"A hymn about reservoirs. Quenn, in the back pew, does not sing."
card.evg_chapel_16.text,Hale's Vigil is tonight and my inn's the only lit building in town. Every year I close for it. Every year I lose a night. This year I'm asking if the Keeper would stand a round for the town after.
card.evg_chapel_16.left,Stand the round
card.evg_chapel_16.left_outcome,"Vigil, then ale. The chapel and the inn both approve, for once."
card.evg_chapel_16.right,Stay open through the Vigil
card.evg_chapel_16.right_outcome,The inn is lit. The chapel is fuller anyway. Ilse is not sure how to feel.
card.evg_chapel_17.text,"The chapel's charter men have put a fence around the spring. A fence. Around water. We have not touched it. We wanted the gate to know we have not touched it, and that we noticed."
card.evg_chapel_17.left,Have the fence taken down
card.evg_chapel_17.left_outcome,Hale does not object. She never does. She looks tired.
card.evg_chapel_17.right,The spring is the chapel's
card.evg_chapel_17.right_outcome,"""So they say. So the charter says. We have read charters."""
card.evg_chapel_18.text,"You have asked me three times about the water. Whatever it is, it has fed this town for eighty years. If it is not a gift, it has behaved like one. Do not take that from them."
card.evg_chapel_18.left,I will not take it from them
card.evg_chapel_18.left_outcome,"""Then we understand each other. For now."""
card.evg_chapel_18.right,They should know what feeds them
card.evg_chapel_18.right_outcome,"""Should. A hard word. I have never used it."""
card.evg_chapel_19.text,"Pilgrims from the Sorrel chapels have arrived to see the summit spring and found it fenced, or unfenced, and small. They ask the Keeper whether this is really the source. They have walked a long way."
card.evg_chapel_19.left,This is the source
card.evg_chapel_19.left_outcome,They kneel. Something in you does not.
card.evg_chapel_19.right,The source is under the hill
card.evg_chapel_19.right_outcome,They look at the hill. One of them writes it down.
card.evg_chapel_20.text,"The lamp at the chapel door has burned since the founding, they say. A bargee bumped the post and it has gone out. The town is more upset than I expected. Relight it quietly, or make a rite of it?"
card.evg_chapel_20.left,A rite
card.evg_chapel_20.left_outcome,The whole town attends the relighting. It becomes a new tradition by evening.
card.evg_chapel_20.right,Quietly
card.evg_chapel_20.right_outcome,"""Yes. Some things are better tended than seen."""
card.evg_company_orders_01.text,COMPANY TO KEEPER STOP REDUCE LOCK HANDS BY ONE FOR ECONOMY STOP NAME TO FOLLOW BY POST STOP
card.evg_company_orders_01.left,Comply; choose the newest hand
card.evg_company_orders_01.left_outcome,A young man goes down the flight with a reference.
card.evg_company_orders_01.right,Reply that the gate needs every hand
card.evg_company_orders_01.right_outcome,No reply for a week. Then a different order.
card.evg_company_orders_02.text,Keeper! The Board would like a photograph of the summit for the Jubilee brochure. The plate-man needs the chamber empty and still for a quarter hour. In daylight. On a working day.
card.evg_company_orders_02.left,A quarter hour for the Company
card.evg_company_orders_02.left_outcome,The plate shows an empty lock and a Superintendent. It is much admired.
card.evg_company_orders_02.right,"At dawn, before the boats"
card.evg_company_orders_02.right_outcome,The plate is dark and moody. Pell is in it anyway.
card.evg_company_orders_03.text,"A Board directive: Keepers are to report any 'unusual interest' in Company structures by persons unknown. For the record, that includes the sluice house. For the record, I did not write it."
card.evg_company_orders_03.left,Acknowledge it
card.evg_company_orders_03.left_outcome,"""Noted."" She does not ask if you have any to report."
card.evg_company_orders_03.right,Ask why the sluice house
card.evg_company_orders_03.right_outcome,"""Because it is on the list. You will find lists are not explained."""
card.evg_company_orders_04.text,"Ambrose Kell, Commissioner. The Board's view is that the summit is a Company asset and its Keeper a Company servant. I say this at every lock. I find it saves time later."
card.evg_company_orders_04.left,"Understood, Commissioner"
card.evg_company_orders_04.left_outcome,"""Excellent. Regrettably few say so."""
card.evg_company_orders_04.right,The town is not an asset
card.evg_company_orders_04.right_outcome,"""The Board's view differs. I shall note yours."""
card.evg_company_orders_05.text,"I shouldn't, but: a wire came for Vosk, not you, and it said 'CONTAIN' and then your name. Just that. I sent it on. I'm telling you because I like you. Please don't tell her I like you."
card.evg_company_orders_05.left,Thank him; say nothing
card.evg_company_orders_05.left_outcome,You watch Vosk at supper. She eats as she always eats.
card.evg_company_orders_05.right,Tell him to stop reading wires
card.evg_company_orders_05.right_outcome,"""I can't. It's the job. The reading's the job."""
card.evg_company_orders_06.text,COMPANY TO KEEPER STOP CONFIRM RESERVOIR LEVELS NORMAL FOR SEASON STOP REPLY BY RETURN STOP
card.evg_company_orders_06.left,CONFIRMED
card.evg_company_orders_06.left_outcome,You did not check. Nobody expects you to have checked.
card.evg_company_orders_06.right,UNABLE TO CONFIRM STOP AQUEDUCT LOW
card.evg_company_orders_06.right_outcome,"Silence. Then Vosk, at your door, not smiling."
card.evg_company_orders_07.text,"The Board has asked me to remind Keepers that fraternizing with the boat-clans is 'discouraged'. I do not make these rules, Keeper. I do pass them on, with a certain vigor."
card.evg_company_orders_07.left,Understood
card.evg_company_orders_07.left_outcome,Bram hears of it by nightfall. He hears of everything.
card.evg_company_orders_07.right,Discouraged is not forbidden
card.evg_company_orders_07.right_outcome,"""A lawyer's answer, Keeper. I shall pretend I did not hear it."""
card.evg_company_orders_08.text,"Quarterly inspection. I will need the Book, the chest, the keys and two hours. You will find it goes faster if you do not watch."
card.evg_company_orders_08.left,Leave her to it
card.evg_company_orders_08.left_outcome,"Two hours. ""Noted."" Nothing more."
card.evg_company_orders_08.right,Watch anyway
card.evg_company_orders_08.right_outcome,Two hours and a half. She notes that you watched.
card.evg_company_orders_09.text,"The Board would like the Keeper to sign a statement that the summit's water supply is 'adequate and well managed'. It is a formality. Regrettably, formalities are what the Board runs on."
card.evg_company_orders_09.left,Sign it
card.evg_company_orders_09.left_outcome,"Your name, under a sentence you did not write, about water you do not understand."
card.evg_company_orders_09.right,Ask to read the supply figures first
card.evg_company_orders_09.right_outcome,"""They are in Ardent. Regrettably."" He does not press. He remembers."
card.evg_company_orders_10.text,You'll never guess who's asked for a copy of your traffic wires. The Sorrel Courier. In strictest confidence I can say I haven't sold them. In strictest confidence I could.
card.evg_company_orders_10.left,Don't
card.evg_company_orders_10.left_outcome,"""Right. No. Of course not."" He is a little disappointed in himself."
card.evg_company_orders_10.right,Sell them; share the coin
card.evg_company_orders_10.right_outcome,Hesse prints your figures. Pell is thrilled until he reads the headline.
card.evg_company_orders_11.text,COMPANY TO KEEPER STOP CLEARANCE ORDER OF YEAR 44 UNDER REVIEW STOP KEEPER TO REPORT NUMBER OF HULLFOLK VESSELS AT SUMMIT STOP
card.evg_company_orders_11.left,Report the true number
card.evg_company_orders_11.left_outcome,Forty-one. The wire goes to Ardent and does not come back.
card.evg_company_orders_11.right,Report 'variable; not counted'
card.evg_company_orders_11.right_outcome,"Vosk, later: ""Noted. It was a kind lie."""
card.evg_company_orders_12.text,"A commendation, Keeper! From the Board itself, for 'steady management of the summit'. I have had it framed. I have had two framed. One is for you."
card.evg_company_orders_12.left,Hang it in the toll office
card.evg_company_orders_12.left_outcome,Bargees read it while they wait. Some of them laugh.
card.evg_company_orders_12.right,Hang it in the inn
card.evg_company_orders_12.right_outcome,"Ilse hangs it behind the bar, upside down. It becomes a landmark."
card.evg_company_orders_13.text,"The Board asks whether the Keeper has had 'unsupervised contact' with the engineer's survey papers. For the record, I have already answered. I would like to know if I answered correctly."
card.evg_company_orders_13.left,You answered correctly
card.evg_company_orders_13.left_outcome,"""Good."" She does not say what she answered."
card.evg_company_orders_13.right,What did you answer?
card.evg_company_orders_13.right_outcome,"""No. I answered no."" She holds your eye."
card.evg_company_orders_14.text,The Board has reviewed the Keeper's decisions this quarter and finds them 'independent'. I should tell you that in the Board's vocabulary this is not a compliment. It is not yet a dismissal.
card.evg_company_orders_14.left,I serve the gate
card.evg_company_orders_14.left_outcome,"""The Board's view is that you serve the Board. Regrettably, it is also mine."""
card.evg_company_orders_14.right,I shall be less independent
card.evg_company_orders_14.right_outcome,"""Excellent."" He does not believe you, and does not need to."
card.evg_company_orders_15.text,Vosk asked me today whether I keep copies. I said no. I kept a copy of her asking. I don't know why I do this. Should I burn them? All of them? Tell me to.
card.evg_company_orders_15.left,Burn them
card.evg_company_orders_15.left_outcome,He burns them in the telegraph stove. He keeps one. You both know.
card.evg_company_orders_15.right,Keep them somewhere safer
card.evg_company_orders_15.right_outcome,"""The Ledger? You mean the Ledger."" He does not wait for an answer."
card.evg_company_orders_16.text,COMPANY TO KEEPER STOP PROVIDE LIST OF TOWNSFOLK EMPLOYED AT LOCK WITH POLITICAL SYMPATHIES IF KNOWN STOP
card.evg_company_orders_16.left,"Send the list, sympathies blank"
card.evg_company_orders_16.left_outcome,Names without opinions. Ardent files it anyway.
card.evg_company_orders_16.right,Sympathies are not the Company's business
card.evg_company_orders_16.right_outcome,Ilse hears you refused. The town hears Ilse.
card.evg_company_orders_17.text,"The Courier has printed that Halfway's Superintendent 'presides over a slow decline'. Slow, Keeper. Decline. I would like a record week to answer it. I would like it very much."
card.evg_company_orders_17.left,Give him his record week
card.evg_company_orders_17.left_outcome,Boats through at all hours. The gauge pays for it.
card.evg_company_orders_17.right,Answer him with a letter instead
card.evg_company_orders_17.right_outcome,Pell writes nine pages. Hesse prints one paragraph.
card.evg_company_orders_18.text,The Board proposes closing the summit to Hullfolk moorings 'pending review'. It asks for the Keeper's recommendation. You will find I have not given mine. I am waiting for yours.
card.evg_company_orders_18.left,Recommend against
card.evg_company_orders_18.left_outcome,"""Noted."" A pause. ""So have I."""
card.evg_company_orders_18.right,Recommend closure
card.evg_company_orders_18.right_outcome,"""Noted."" Nothing else. Pell is delighted."
card.evg_company_orders_19.text,"I shall be at the summit for a week, observing. The Board's view is that observation improves performance. My own view is that it improves reports. Do carry on."
card.evg_company_orders_19.left,Carry on exactly as usual
card.evg_company_orders_19.left_outcome,"A week of being watched. Nothing changes, which he notes."
card.evg_company_orders_19.right,"Show him the town, too"
card.evg_company_orders_19.right_outcome,"He drinks at the Wheel once, stiffly. Ilse charges him double."
card.evg_company_orders_20.text,"Something odd on the wire tonight: Ardent to Vosk, numbers only, forty groups. Not the traffic code. Not any code I know. I've never seen her get one like it. She burned it. She never burns anything."
card.evg_company_orders_20.left,Did you keep a copy?
card.evg_company_orders_20.left_outcome,"""I shouldn't have. Yes."" Forty groups you cannot read. Yet."
card.evg_company_orders_20.right,Not our business
card.evg_company_orders_20.right_outcome,"""No. No, of course."" He looks at the stove."
card.evg_hullfolk_01.text,We hold three moorings below the Reach that the charter men have chained off for 'their timber'. There is no timber. We ask the gate whether a chain is a wall.
card.evg_hullfolk_01.left,Cut the chain
card.evg_hullfolk_01.left_outcome,"""Then the gate is a gate today."""
card.evg_hullfolk_01.right,The Company's chain stays
card.evg_hullfolk_01.right_outcome,"""We remember chains. We have a long list."""
card.evg_hullfolk_02.text,The town says a Hullfolk boy stole a ham from the Company store. He did. He's nine. The store's man wants him in the Book. The old man wants him fed. I want him to run faster.
card.evg_hullfolk_02.left,The ham is paid for; no Book
card.evg_hullfolk_02.left_outcome,You pay for a ham. The boy learns nothing and eats well.
card.evg_hullfolk_02.right,"In the Book, as anyone"
card.evg_hullfolk_02.right_outcome,The boy is in the Book. The Reach is very quiet about it.
card.evg_hullfolk_03.text,"The old woman on the gunwale sings a verse as your boat passes. A river, a hill, a door that closed. She stops when she sees you listening, and smiles, and does not start again."
card.evg_hullfolk_03.left,Ask her to go on
card.evg_hullfolk_03.left_outcome,"""Another day. The river has more verses than I have breath."""
card.evg_hullfolk_03.right,Nod and move on
card.evg_hullfolk_03.right_outcome,She sings again when your back is turned.
card.evg_hullfolk_04.text,"A Hullfolk boat is fishing the chamber itself, nets down, while the gate is closed for the night. The fish, they say, gather at the paddles. The Book says the chamber is not a fishery."
card.evg_hullfolk_04.left,Nets up by first bell
card.evg_hullfolk_04.left_outcome,They are. The fish are shared. Some come to your door.
card.evg_hullfolk_04.right,Nets up now
card.evg_hullfolk_04.right_outcome,"They haul in, slowly, watching you."
card.evg_hullfolk_05.text,The Reach is buying ale from a Sorrel barge instead of me. I don't blame them; I'd rather they bought mine. The moot wants the Sorrel barge told to move. It's moored on Company water.
card.evg_hullfolk_05.left,Move the barge
card.evg_hullfolk_05.left_outcome,Ilse sells more ale. The Reach drinks less of it.
card.evg_hullfolk_05.right,Anyone may moor
card.evg_hullfolk_05.right_outcome,"""Anyone. Right. Remember that when it's the Company's barge."""
card.evg_hullfolk_06.text,A charter man has been at the Reach with a measuring chain. He measured our boats. Nobody measures a boat that is going to stay. We ask what the gate knows.
card.evg_hullfolk_06.left,Tell him about the Clearance review
card.evg_hullfolk_06.left_outcome,"""So. We have been here before. We hold."""
card.evg_hullfolk_06.right,The gate knows nothing
card.evg_hullfolk_06.right_outcome,"""The gate knows. The gate is choosing."""
card.evg_hullfolk_07.text,"The old man wants you at the Reach for the remembering. Names of the dead read out over the water, all night, no fire. He's never asked a Keeper. I told him you'd say no. Prove me wrong or don't."
card.evg_hullfolk_07.left,Go
card.evg_hullfolk_07.left_outcome,Forty names. Then a river's name. Nobody explains it.
card.evg_hullfolk_07.right,Not this year
card.evg_hullfolk_07.right_outcome,"""Told him."" She does not sound pleased to be right."
card.evg_hullfolk_08.text,"Two Hullfolk boats have lashed together across the pound to settle a marriage dispute the old way: by argument, at volume, until dawn. Nothing can pass them. Nothing is trying to, yet."
card.evg_hullfolk_08.left,Let them argue
card.evg_hullfolk_08.left_outcome,By dawn they are married again and the pound is clear.
card.evg_hullfolk_08.right,Separate them
card.evg_hullfolk_08.right_outcome,Dace separates them. Both sides are furious with him instead.
card.evg_hullfolk_09.text,The little fiddle has one string and I have one song. The charter men say the Reach is too loud at night. The Reach says the charter men are too quiet in the day. Which does the gate hear?
card.evg_hullfolk_09.left,Play on
card.evg_hullfolk_09.left_outcome,"The town complains, then hums it."
card.evg_hullfolk_09.right,Quiet after the last bell
card.evg_hullfolk_09.right_outcome,"She plays until the last bell exactly, and one note after."
card.evg_hullfolk_10.text,The town says a Hullfolk hand took a windlass from your lock house. We say the town's hands took it and blamed the water. We do not ask you to believe us. We ask you not to believe them first.
card.evg_hullfolk_10.left,Search the Reach
card.evg_hullfolk_10.left_outcome,No windlass. Forty silent people watching you look.
card.evg_hullfolk_10.right,Search the lock house first
card.evg_hullfolk_10.right_outcome,The windlass is behind the paddle gear. Dace goes red.
card.evg_hullfolk_11.text,One of ours is sick and Stroud won't come to the Reach without a Company chit. She's not being cruel. The Company made the rule. You could write the chit.
card.evg_hullfolk_11.left,Write it
card.evg_hullfolk_11.left_outcome,"Stroud goes. She comes back angry at the rule, not at you."
card.evg_hullfolk_11.right,Bring the sick one to the town
card.evg_hullfolk_11.right_outcome,They carry her up. She lives. The Reach remembers the carrying.
card.evg_hullfolk_12.text,"A Hullfolk boat asks to tie up overnight in the chamber itself, out of the wind. It has a new baby aboard. It is against every rule in the Book and it would cost nothing."
card.evg_hullfolk_12.left,"In the chamber, till dawn"
card.evg_hullfolk_12.left_outcome,The gate is closed all night for one small boat.
card.evg_hullfolk_12.right,The lee of the Company house
card.evg_hullfolk_12.right_outcome,"Out of the wind, within the rules. They take it."
card.evg_hullfolk_13.text,Bram Holloway's asked to speak at the moot. About moorings. The moot's never had a Hullfolk speak and half of it doesn't want to start. The other half wants to hear him refuse to say 'please'.
card.evg_hullfolk_13.left,Let him speak
card.evg_hullfolk_13.left_outcome,He speaks for ten minutes and does not say please. It goes better than anyone feared.
card.evg_hullfolk_13.right,The moot is the town's
card.evg_hullfolk_13.right_outcome,"""It is. That's what I said. Didn't like saying it."""
card.evg_hullfolk_14.text,The pound is low. When it is low the Reach touches bottom and we lie on our sides like the dead. We ask the gate for one less boat a day until the rain.
card.evg_hullfolk_14.left,One less boat a day
card.evg_hullfolk_14.left_outcome,The Reach floats. Pell counts the missing boat.
card.evg_hullfolk_14.right,The boats come first
card.evg_hullfolk_14.right_outcome,"""They always have. We remember when they did not exist."""
card.evg_hullfolk_15.text,"Fine. The reed cargo. Sometimes it's not cheese. You knew that. What I'm asking is whether you want to know what it is, because once you know, you have to do something."
card.evg_hullfolk_15.left,Tell me
card.evg_hullfolk_15.left_outcome,"""Rifles. Sorrel. Not many. Enough."" She watches your face."
card.evg_hullfolk_15.right,Don't tell me
card.evg_hullfolk_15.right_outcome,"""Smart. Sad, but smart."""
card.evg_hullfolk_16.text,"A Hullfolk elder has died at the Reach. They will take him down the west flight to a valley they do not name, and they ask for a Company boat to carry the body, since theirs are too small."
card.evg_hullfolk_16.left,Lend the Company boat
card.evg_hullfolk_16.left_outcome,The Company boat goes west with a Hullfolk crew and does not come back for a week.
card.evg_hullfolk_16.right,Company boats are for Company work
card.evg_hullfolk_16.right_outcome,They lash two boats and go. It takes them three days longer.
card.evg_hullfolk_17.text,You have kind eyes for a charter man. Wren says you are not a charter man. I say everyone at the gate is one until they are not. Have a fish.
card.evg_hullfolk_17.left,Have the fish
card.evg_hullfolk_17.left_outcome,"It is very good. She watches you eat it, satisfied."
card.evg_hullfolk_17.right,Ask about the river in the song
card.evg_hullfolk_17.right_outcome,"""Which river?"" There is only one, and she knows you know it."
card.evg_hullfolk_18.text,A charter man's dog drowned at the Reach. He says our children pushed it. Our children say it jumped for a fish. It was a good dog. We have laid it out. We ask nothing. He asks a great deal.
card.evg_hullfolk_18.left,It jumped for a fish
card.evg_hullfolk_18.left_outcome,"The charter man is furious with you instead. It was, in fact, a fish."
card.evg_hullfolk_18.right,The Reach pays for the dog
card.evg_hullfolk_18.right_outcome,"They pay in fish, as always. He does not want fish."
card.evg_hullfolk_19.text,"Hullfolk children at the school door. Cole's building, Company lease, town's teacher. Nobody's said no yet because nobody's been asked. The teacher's asking you, since you're everyone's excuse."
card.evg_hullfolk_19.left,Let them in
card.evg_hullfolk_19.left_outcome,Six more in the schoolroom. Three town families take their children out. Then two put them back.
card.evg_hullfolk_19.right,The school is the town's
card.evg_hullfolk_19.right_outcome,"""It's Cole's, actually. But yes."""
card.evg_hullfolk_20.text,"Bram won't ask, so I will. The Reach needs new mooring posts before winter. Tamm has timber. The Company has a rule about who Tamm can sell to. You have a pen."
card.evg_hullfolk_20.left,Sign for the timber
card.evg_hullfolk_20.left_outcome,"Posts by winter. Vosk sees the chit and says nothing, which is louder than usual."
card.evg_hullfolk_20.right,The rule is the rule
card.evg_hullfolk_20.right_outcome,"""The old man said you'd say that. I bet him you wouldn't. I owe him a fish."""
card.evg_maintenance_01.text,"The east paddle gear has two teeth gone. Sorry. It'll run, roughly, but one more and it won't. A new wheel is twelve marks and a week from Ardent. A patched one is three marks and Tamm."
card.evg_maintenance_01.left,New wheel from Ardent
card.evg_maintenance_01.left_outcome,A week of one paddle. Then a gear that will outlive you.
card.evg_maintenance_01.right,Tamm patches it
card.evg_maintenance_01.right_outcome,"""It'll hold or it won't,"" says Tamm. It holds. For now."
card.evg_maintenance_02.text,Somebody's been at the sluice house door with a bar. Not me. Company wants it re-hung with iron straps. I can do it. I'd rather know why a valve house nobody uses needs iron straps.
card.evg_maintenance_02.left,Hang it as asked
card.evg_maintenance_02.left_outcome,Iron straps on a disused door. Tamm shakes his head all day.
card.evg_maintenance_02.right,Leave it; ask Vosk why
card.evg_maintenance_02.right_outcome,"""Because the Board lists it. You will find lists are not explained."""
card.evg_maintenance_03.text,"Towpath's washed out below the gate. Horses can't tow past it. The Company's answer, by wire, was 'note it'."
card.evg_maintenance_03.left,Fill it with town labor
card.evg_maintenance_03.left_outcome,"A day's work, a barrel of ale, a towpath."
card.evg_maintenance_03.right,Note it
card.evg_maintenance_03.right_outcome,Horses go round by the field. The farmer sends a bill.
card.evg_maintenance_04.text,"He used to grease the paddle spindles every seventh watch. Nobody's done it since. I can, if you want it done his way. Or the Company way, which is when they squeal."
card.evg_maintenance_04.left,His way
card.evg_maintenance_04.left_outcome,"She does it in silence, the way he must have."
card.evg_maintenance_04.right,The Company way
card.evg_maintenance_04.right_outcome,"""Right."" They squeal within the month."
card.evg_maintenance_05.text,"A gate beam has cracked in the frost with a sound the whole town heard. The gate still shuts. Quenn says it will shut until it does not, and cannot say when that is."
card.evg_maintenance_05.left,Close the gate; replace the beam
card.evg_maintenance_05.left_outcome,Three days. The queue reaches Lock 7. The new beam is oak.
card.evg_maintenance_05.right,Strap it and keep working
card.evg_maintenance_05.right_outcome,Iron straps. It shuts. Every bang makes the hands flinch.
card.evg_maintenance_06.text,"I've found the original gate drawings. Marrow's hand. There's a note in the margin: 'sill gauge to read ten, not nine; see S.H.' I don't know what S.H. is. Sorry. Do you?"
card.evg_maintenance_06.left,Sluice house
card.evg_maintenance_06.left_outcome,"""Oh. Yes. That's, yes. That would be it."" She goes quiet."
card.evg_maintenance_06.right,Someone's initials
card.evg_maintenance_06.right_outcome,"""Nobody with those. I checked the rolls. Roughly all of them."""
card.evg_maintenance_07.text,"Company's sent a crate of new paddle gear. Wrong pattern. Made for the Sorrel locks, which are a hand wider. I can make it fit. It'll never be right. Or I send it back and we wait."
card.evg_maintenance_07.left,Make it fit
card.evg_maintenance_07.left_outcome,It fits. It grinds. Tamm hates it personally.
card.evg_maintenance_07.right,Send it back
card.evg_maintenance_07.right_outcome,"Six weeks. The old gear holds, sullenly."
card.evg_maintenance_08.text,Three things. The hands want gloves. The Company says gloves are 'personal equipment'. And I've got two men with hands like raw meat from the winter windlass.
card.evg_maintenance_08.left,Gloves from the Coffers
card.evg_maintenance_08.left_outcome,Twelve pairs. Vosk notes it as 'irregular but small'.
card.evg_maintenance_08.right,Personal equipment
card.evg_maintenance_08.right_outcome,"""Right. I'll tell them the Company said so. They'll remember which Company."""
card.evg_maintenance_09.text,"The lower gate's leaking round the heel post. He noticed that too, the month before. He wrote it in the Book. Nobody read it. I'm telling you so it's said twice."
card.evg_maintenance_09.left,Fix it this week
card.evg_maintenance_09.left_outcome,She watches you write the order. Something eases.
card.evg_maintenance_09.right,"Note it, as he did"
card.evg_maintenance_09.right_outcome,"""Right. Twice in the Book, then."""
card.evg_maintenance_10.text,"The chamber floor has a hollow sound at the north corner when the water is out. It always has, the hands say. Nobody has ever looked. Looking means a dry chamber for a day."
card.evg_maintenance_10.left,Drain it and look
card.evg_maintenance_10.left_outcome,"A void under the floor, and old brickwork, and the sound of running water where there should be none."
card.evg_maintenance_10.right,It always has
card.evg_maintenance_10.right_outcome,The boats keep moving over the hollow sound.
card.evg_maintenance_11.text,"I need to close the aqueduct for a day to clear it. It won't affect the pound, which, sorry, it should. It should affect it a great deal. I'd like you to watch the gauge while it's closed."
card.evg_maintenance_11.left,Watch the gauge
card.evg_maintenance_11.left_outcome,"A day with the aqueduct shut. The pound falls its usual mark, and no more."
card.evg_maintenance_11.right,Clear it; don't tell the Company
card.evg_maintenance_11.right_outcome,"""I wasn't going to. Sorry. I never do."""
card.evg_maintenance_12.text,"There's a hull at my yard with a false bottom. Hullfolk boat. I'm not saying whose. I'm saying if I fix it, I've fixed a smuggler's boat, and if I don't, she sinks in the pound with a family aboard."
card.evg_maintenance_12.left,Fix it
card.evg_maintenance_12.left_outcome,The false bottom is repaired along with the true one. Nobody mentions either.
card.evg_maintenance_12.right,Report it to Crane
card.evg_maintenance_12.right_outcome,Crane inspects. Finds cheese. The Hullfolk do not use Tamm's yard again.
card.evg_maintenance_13.text,"The bollards on the wharf are rotten. A Sorrel barge pulled one clean out this morning. And the Company's sent a man to count the bollards, not replace them."
card.evg_maintenance_13.left,Replace them all
card.evg_maintenance_13.left_outcome,Tamm's oak. A week. A wharf that will hold a fleet.
card.evg_maintenance_13.right,Replace the one
card.evg_maintenance_13.right_outcome,"One new bollard among the rotten ones, like a tooth."
card.evg_maintenance_14.text,"The Company wants the old gauge board replaced with a new brass one. Nine marks. The old board has ten, and his pencil marks on it. I'd rather it stayed. I'd rather you said so."
card.evg_maintenance_14.left,The old board stays
card.evg_maintenance_14.left_outcome,"""Thank you."" The first time she has said it."
card.evg_maintenance_14.right,"Brass, nine marks"
card.evg_maintenance_14.right_outcome,She takes the old board home. The tenth mark goes with it.
card.evg_maintenance_15.text,The pound's north bank is slumping near the sluice house. A yard of it went into the water overnight. The Company's surveyors will say 'drainage'. It is where the clear stream comes out.
card.evg_maintenance_15.left,Shore it up with town labor
card.evg_maintenance_15.left_outcome,Stone and timber. The bank holds. The stream finds a new way out.
card.evg_maintenance_15.right,Report it and wait
card.evg_maintenance_15.right_outcome,"Company men arrive at night, with lamps, and no surveyors."
card.evg_maintenance_16.text,"I want to put a second gauge on the pound, at the Reach end, and read them both every watch. If they ever disagree, we'll know where the water goes in. The Company won't like a second gauge."
card.evg_maintenance_16.left,Put it in
card.evg_maintenance_16.left_outcome,"Two gauges. They disagree by the third day, at the north bank."
card.evg_maintenance_16.right,One gauge is the rule
card.evg_maintenance_16.right_outcome,"""Right. Sorry. One gauge."" She measures the Reach end with a stick anyway."
card.evg_maintenance_17.text,The Reed Reach wants their mooring stage rebuilt and they'll pay in fish and labor. Company rule says no Company timber to the Reach. Half my timber's Company. I've lost track which half.
card.evg_maintenance_17.left,Lose track a little more
card.evg_maintenance_17.left_outcome,"A new stage at the Reach, built of timber nobody can identify."
card.evg_maintenance_17.right,Keep track
card.evg_maintenance_17.right_outcome,The Reach builds with driftwood. It holds. It looks like it might not.
card.evg_maintenance_18.text,"Three things. The Company inspector wants the hands to wear numbers. Numbers, Keeper, on their coats. The hands say they'll wear them on their backsides. And Vosk is coming Tuesday."
card.evg_maintenance_18.left,Numbers on coats
card.evg_maintenance_18.left_outcome,They wear them. Upside down. Vosk notes it without expression.
card.evg_maintenance_18.right,Names are enough
card.evg_maintenance_18.right_outcome,"""Right. I'll tell Vosk you said names."" She notes that too."
card.evg_maintenance_19.text,"The winter stores: lamp oil, rope, tallow, sand. He used to order double and the Company used to complain. Last winter nobody ordered and the hands worked the frost in the dark."
card.evg_maintenance_19.left,Order double
card.evg_maintenance_19.left_outcome,Vosk complains. The hands do not work in the dark.
card.evg_maintenance_19.right,Order what the Company allows
card.evg_maintenance_19.right_outcome,"""Right."" The dark comes early that winter."
card.evg_maintenance_20.text,"Sorry. Good news, for once. I've got the west paddles running true for the first time in years. The gate fills a quarter faster. Do you want to tell the Company, or keep it for a bad day?"
card.evg_maintenance_20.left,Tell the Company
card.evg_maintenance_20.left_outcome,Pell announces it. Throughput targets rise to match.
card.evg_maintenance_20.right,Keep it for a bad day
card.evg_maintenance_20.right_outcome,"""A reserve. Yes. Roughly what he'd have done."""
card.evg_order_01.text,"Company mail goes first; that is the rule. The Company mail today is one sack, one clerk, and a boat that could carry forty. Nine grain barges wait behind it."
card.evg_order_01.left,"Mail first, as written"
card.evg_order_01.left_outcome,One sack rises grandly through the chamber.
card.evg_order_01.right,Mail waits for the grain
card.evg_order_01.right_outcome,The clerk complains by wire. From your own telegraph office.
card.evg_order_02.text,"Two vessels claim the same arrival bell. I have consulted the Compact. It provides that the Keeper decides, which I note is unhelpful, and that the Keeper's decision is final, which is worse."
card.evg_order_02.left,The Aldmere boat
card.evg_order_02.left_outcome,"""Duly."" The Sorrel bargee says something about Aldmere inspectors."
card.evg_order_02.right,The Sorrel boat
card.evg_order_02.right_outcome,"""Duly."" He writes it down a little harder than necessary."
card.evg_order_03.text,"Keeper! A Board member's private launch, brass and mahogany, is at the bottom of the queue. I need not say what a magnificent impression it would make to bring it up first."
card.evg_order_03.left,Bring it up first
card.evg_order_03.left_outcome,The launch gleams. The queue does not.
card.evg_order_03.right,It takes its turn
card.evg_order_03.right_outcome,"""Its turn. Of course. A principled position, Keeper. A brave one."""
card.evg_order_04.text,My convoy is four boats and I would rather they went through together. Splitting an armed convoy is how accidents start. Your queue would rather they didn't.
card.evg_order_04.left,Together
card.evg_order_04.left_outcome,"Four boats, one hour, nobody else moves."
card.evg_order_04.right,"One at a time, in turn"
card.evg_order_04.right_outcome,"""Understood. It won't come to trouble."" It does not."
card.evg_order_05.text,A woman with a sick child asks to jump the queue for the physician on the Aldmere side. The child is quiet in the way children should not be. Eleven boats are ahead of her.
card.evg_order_05.left,Bring her through now
card.evg_order_05.left_outcome,Nobody in the queue complains. Not aloud.
card.evg_order_05.right,Send for Stroud instead
card.evg_order_05.right_outcome,Stroud comes to the boat. It takes an hour. The child lives.
card.evg_order_06.text,A tug with six barges in tow wants the chamber six times in a row. The rule says arrival order. The tug says it has been doing this for twenty years.
card.evg_order_06.left,Six in a row
card.evg_order_06.left_outcome,An afternoon of one tug. The queue plays cards.
card.evg_order_06.right,Alternate with the queue
card.evg_order_06.right_outcome,"The tug master spits. Twenty years, he says."
card.evg_order_07.text,The Sorrel escort vessel has moored across the approach to my inspection post. I note that this is not forbidden. I note also that it is not an accident.
card.evg_order_07.left,Have it moved
card.evg_order_07.left_outcome,"Solas moves it himself, without comment."
card.evg_order_07.right,Inspect from the towpath
card.evg_order_07.right_outcome,"""I can. I shall. I note it."""
card.evg_order_08.text,"The Board notes, Keeper, that the summit passed eleven fewer vessels than Lock 8 last month. Lock 8 is downhill. I would like an explanation I can send without wincing."
card.evg_order_08.left,Fewer inspections this month
card.evg_order_08.left_outcome,Numbers rise. Crane's eyebrows rise with them.
card.evg_order_08.right,Lock 8 has more water
card.evg_order_08.right_outcome,"""Water. Yes. I shall not send that."""
card.evg_order_09.text,"One of my men has been drinking at the Wheel and started something with a lock hand. My people, my discipline. Unless you would rather it was yours."
card.evg_order_09.left,Your discipline
card.evg_order_09.left_outcome,The man is sent down the west flight that night. Quietly.
card.evg_order_09.right,The town's law
card.evg_order_09.right_outcome,Ilse fines him. He pays. Solas watches.
card.evg_order_10.text,An Aldmere magistrate on a private boat produces a writ commanding the Keeper to give him precedence over 'commercial traffic'. The writ is not addressed to a Company lock.
card.evg_order_10.left,Honor the writ
card.evg_order_10.left_outcome,He passes. Crane looks pained; the writ is irregular and he knows it.
card.evg_order_10.right,This is a Company gate
card.evg_order_10.right_outcome,He threatens a report. Pell frames the report.
card.evg_order_11.text,The night watch reports a boat that moved up three places in the queue while the others slept. Its bargee says the others agreed. The others say otherwise.
card.evg_order_11.left,Send it to the back
card.evg_order_11.left_outcome,"The queue cheers, briefly."
card.evg_order_11.right,"Where it is, it stays"
card.evg_order_11.right_outcome,The queue learns something about nights.
card.evg_order_12.text,An extraordinary situation. The Compact grants precedence to 'perishable foodstuffs'. The vessel before us carries ice. I have been unable to determine whether ice perishes.
card.evg_order_12.left,Ice perishes
card.evg_order_12.left_outcome,"""A bold reading. I shall cite you."""
card.evg_order_12.right,Ice is a mineral
card.evg_order_12.right_outcome,"""Also bold. I shall cite you for that too."""
card.evg_order_13.text,"A Sorrel newspaperman has asked for a place on the first boat of the day, to see the sunrise from the summit. Think of the description, Keeper. Think of the adjectives."
card.evg_order_13.left,Give Hesse the sunrise
card.evg_order_13.left_outcome,The adjectives are many and mostly about Pell.
card.evg_order_13.right,He can queue like anyone
card.evg_order_13.right_outcome,The Courier describes the queue instead.
card.evg_order_14.text,"An Aldmere boat has been moored alongside my convoy all night, and a man on it has been counting my crates. I have not touched him. I am telling you before I have to decide whether to."
card.evg_order_14.left,Move the Aldmere boat
card.evg_order_14.left_outcome,The counter is Crane's clerk. Crane is unrepentant.
card.evg_order_14.right,Counting is not a crime
card.evg_order_14.right_outcome,"""No. It's how they start."""
card.evg_order_15.text,"A funeral boat, black cloth over a long shape, asks quiet passage before the day's traffic. The Hullfolk at the tiller do not ask for a fee. They do not ask at all; they wait."
card.evg_order_15.left,Open the gate in silence
card.evg_order_15.left_outcome,The chamber fills without a bell. The queue takes off its caps.
card.evg_order_15.right,The queue is the queue
card.evg_order_15.right_outcome,They wait four hours. Nobody sings.
card.evg_order_16.text,Fog. Boats are arriving that cannot see the gate. The hands want to close until it lifts. The bargees want a lamp on the sill and a chance.
card.evg_order_16.left,Close until it lifts
card.evg_order_16.left_outcome,A wasted morning and no dented hulls.
card.evg_order_16.right,Lamps on the sill; keep working
card.evg_order_16.right_outcome,One barge kisses the gate. Nothing breaks. This time.
card.evg_order_17.text,"A revised order-of-passage schedule, based on cargo class, arrival bell and shore of origin, weighted. Eleven pages. I believe it would end all disputes."
card.evg_order_17.left,Adopt it
card.evg_order_17.left_outcome,"Disputes end. Everyone hates the schedule equally, which is a kind of peace."
card.evg_order_17.right,"The Keeper decides, as written"
card.evg_order_17.right_outcome,"""I anticipated that. Page eleven addresses it."""
card.evg_order_18.text,"Keeper, a Board member's nephew was made to wait behind a coal barge. Behind coal, Keeper. I have had a letter. I have had two."
card.evg_order_18.left,Apologize by wire
card.evg_order_18.left_outcome,You sign a letter you did not write.
card.evg_order_18.right,Coal keeps Aldmere warm
card.evg_order_18.right_outcome,"""It does. Nephews do not know that."""
card.evg_order_19.text,"Your lock hand, the Dray girl, has told my sergeant that convoys wait like anyone. My sergeant has told her what he thinks of that. She won. I thought you should know who runs your gate."
card.evg_order_19.left,"She does, at the paddles"
card.evg_order_19.left_outcome,"""Good. I'd rather deal with someone who wins."""
card.evg_order_19.right,Remind her who decides
card.evg_order_19.right_outcome,Mirren says nothing. She says it very clearly.
card.evg_order_20.text,"A Concordance pilgrim on foot asks to ride the next boat through, any boat, to reach the Lamp Vigil by dusk. No bargee wants a stranger aboard. One might, for a mark."
card.evg_order_20.left,Pay the mark
card.evg_order_20.left_outcome,"She goes through on a coal barge, singing quietly."
card.evg_order_20.right,She walks the towpath
card.evg_order_20.right_outcome,She thanks you anyway. It is a long walk.
card.evg_shores_01.text,"The Sorrel agent has flown her Assembly's flag from a moored barge. The Compact says nothing about flags. I have brought Aldmere's, in case it says nothing about two."
card.evg_shores_01.left,No flags on Company water
card.evg_shores_01.left_outcome,"Both come down. Both parties blame you, which is a kind of balance."
card.evg_shores_01.right,Fly them both
card.evg_shores_01.right_outcome,Two flags over one pound. Hesse takes a plate of it.
card.evg_shores_02.text,Aldmere has raised its grain price again and Sorrel's mills are on short time. My principals ask whether the summit could 'lose' a grain barge for a week. Just one. Just once.
card.evg_shores_02.left,Nothing gets lost here
card.evg_shores_02.left_outcome,"""Didn't think so. Had to ask."""
card.evg_shores_02.right,A week's delay for repairs
card.evg_shores_02.right_outcome,The grain barge sits. The mills run. Crane files.
card.evg_shores_03.text,"An Aldmere customs cutter has moored beside my convoy with its gun uncovered. It is within its rights. So am I, if I uncover mine. I would rather you told them to cover up first."
card.evg_shores_03.left,Tell Crane to cover the gun
card.evg_shores_03.left_outcome,Crane is appalled that anyone uncovered anything. It is covered.
card.evg_shores_03.right,"Both stay covered, or both leave"
card.evg_shores_03.right_outcome,Both leave. The pound is briefly very quiet.
card.evg_shores_04.text,ALDMERE GUILDS TO KEEPER STOP SORREL AGENT VANE TO BE DENIED ACCESS TO TOLL BOOK UNDER COMPACT ARTICLE SIX STOP CONFIRM STOP
card.evg_shores_04.left,Confirm
card.evg_shores_04.left_outcome,Vane learns of it from Fennick before you can tell her.
card.evg_shores_04.right,Article Six says no such thing
card.evg_shores_04.right_outcome,"Crane, consulted, agrees with you, painfully."
card.evg_shores_05.text,"Lucan Hesse, Sorrel Courier. My readers want to know: is the summit Aldmere's, Sorrel's, or the Company's? On the record. One word will do, and one word is all I'll print."
card.evg_shores_05.left,The Company's
card.evg_shores_05.left_outcome,COMPANY MAN AT THE SUMMIT. Pell frames it.
card.evg_shores_05.right,The water's
card.evg_shores_05.right_outcome,KEEPER: SUMMIT BELONGS TO 'THE WATER'. It is the most read line he has printed.
card.evg_shores_06.text,A Sorrel vessel has requested passage for 'sixty agricultural laborers' bound for Aldmere. I have counted them. They march in step. I am not permitted to refuse laborers. I am permitted to ask you.
card.evg_shores_06.left,Laborers pass
card.evg_shores_06.left_outcome,Sixty men in step go down the east flight. Aldmere hears of it in a week.
card.evg_shores_06.right,Hold them for both inspectors
card.evg_shores_06.right_outcome,They wait two days and go back west. Solas looks relieved.
card.evg_shores_07.text,"The Aldmere inspector has proposed a duel over the order of passage. A duel. With pistols. I've accepted, obviously. I need a second. You're neutral. Neutral is what seconds are."
card.evg_shores_07.left,Second her
card.evg_shores_07.left_outcome,"Both fire wide, formally. Crane is thrilled to have followed procedure."
card.evg_shores_07.right,Forbid it on Company water
card.evg_shores_07.right_outcome,"""Spoilsport."" Crane, secretly, is relieved."
card.evg_shores_08.text,News from Sorrel. There has been shooting at the coalfield. My people are asking whether they will be sent back. I do not know. I would like to tell them the summit is not sending them anywhere.
card.evg_shores_08.left,The summit sends nobody
card.evg_shores_08.left_outcome,"""Thank you. They'll sleep. So will I."""
card.evg_shores_08.right,The Company decides that
card.evg_shores_08.right_outcome,"""It does. I'd hoped you'd lie a little."""
card.evg_shores_09.text,SORREL ASSEMBLY TO KEEPER STOP PROTEST DELAYS TO COAL STOP REQUEST SUMMIT OPERATE THROUGH NIGHT STOP COSTS TO BE MET BY ASSEMBLY STOP
card.evg_shores_09.left,"Night operation, at their cost"
card.evg_shores_09.left_outcome,Lamps on the gate all night. The Coffers fill. The town does not sleep.
card.evg_shores_09.right,The gate keeps the bell
card.evg_shores_09.right_outcome,Sorrel protests to Ardent. Ardent is used to it.
card.evg_shores_10.text,"I have it from a source that the Aldmere inspector keeps his own water gauge. Private. Six years. Why would a customs man count water, Keeper? Give me a line and I'll give you the front page."
card.evg_shores_10.left,No line
card.evg_shores_10.left_outcome,"""Suit yourself. I'll ask him. He'll tell me. He can't help it."""
card.evg_shores_10.right,Ask Crane yourself; I'd like to know
card.evg_shores_10.right_outcome,"""So you don't know either. That's the story."""
card.evg_shores_11.text,The Guilds instruct me to record every Sorrel cargo weight to the pound. It adds an hour to each passage. I note that I did not ask for this. I note that I shall obey it.
card.evg_shores_11.left,Obey it; Compact rights
card.evg_shores_11.left_outcome,Sorrel's fleet backs up to Lock 7. Vane sends a bill.
card.evg_shores_11.right,Weigh one in five
card.evg_shores_11.right_outcome,"""A sampling approach. Irregular. I shall document my objection and comply."""
card.evg_shores_12.text,Aldmere has seized a Sorrel coal fleet at Lock 3 over a 'paperwork discrepancy'. Twelve boats. My principals want the summit closed to Aldmere grain until they're released. You can do that. You have the gate.
card.evg_shores_12.left,Close the summit to grain
card.evg_shores_12.left_outcome,Grain stops. Bread in Sorrel rises. Aldmere releases the fleet in four days. Nobody thanks you.
card.evg_shores_12.right,The gate is not a weapon
card.evg_shores_12.right_outcome,"""Everything's a weapon. Some of them are just slow."""
card.evg_shores_13.text,"There is an Aldmere man at the inn asking my sergeants what they are paid, and offering more. He is recruiting. Openly. Under the Compact I cannot touch him. Under the Compact you can move him."
card.evg_shores_13.left,Move him along
card.evg_shores_13.left_outcome,He goes down the east flight with a list of names anyway.
card.evg_shores_13.right,A man may talk at an inn
card.evg_shores_13.right_outcome,Two sergeants leave with him. Solas does not mention it again.
card.evg_shores_14.text,ALDMERE AND SORREL JOINT TO KEEPER STOP COMPACT ANNIVERSARY STOP BOTH INSPECTORS TO DINE AT KEEPER'S TABLE STOP THIS IS NOT A REQUEST STOP
card.evg_shores_14.left,Host the dinner
card.evg_shores_14.left_outcome,Crane and Vane argue for four hours about a fish course. It is the best evening in months.
card.evg_shores_14.right,"Host it at the inn, at their cost"
card.evg_shores_14.right_outcome,Ilse serves them. They tip differently. She remembers which.
card.evg_shores_15.text,The Courier's Aldmere edition was seized at Lock 2 as 'seditious'. It was about grain prices. I'd like to print the next one at Halfway and send it both ways. I need a room.
card.evg_shores_15.left,Print at the Company house
card.evg_shores_15.left_outcome,Ink on the Company's floor. The Guilds are livid. Sorrel cheers.
card.evg_shores_15.right,"Print at the inn, if Ilse will"
card.evg_shores_15.right_outcome,"Ilse will, for a fee and a column about the cellar."
card.evg_shores_16.text,I am recalled to Aldmere for a month to give evidence on the Compact's operation. I note that in my absence there will be no second seal for arms. I note that I have told nobody else this.
card.evg_shores_16.left,No arms pass while he is gone
card.evg_shores_16.left_outcome,"""Duly. I am, I find, grateful."""
card.evg_shores_16.right,The Sorrel seal will have to serve
card.evg_shores_16.right_outcome,"""I note that. I note it with regret."""
card.evg_shores_17.text,"My principals have bought the inn's debt from Cole. Not to call it in. To have it. Sorrel likes having things at the summit. I'm telling you as a courtesy, and because Ilse won't believe it from me."
card.evg_shores_17.left,Tell Ilse yourself
card.evg_shores_17.left_outcome,"Ilse is quiet for a long moment, then charges Vane double forever."
card.evg_shores_17.right,Not the Keeper's business
card.evg_shores_17.right_outcome,"""Everything at the gate is. That's the job. Isn't it?"""
card.evg_shores_18.text,"Aldmere has posted a customs cutter at the east flight to inspect every convoy twice. Once here, once below. My men are tired of being counted. I am asking you to make one count enough."
card.evg_shores_18.left,"One count, at the summit"
card.evg_shores_18.left_outcome,"Crane agrees, reluctantly: the Compact says summit. Below stands down."
card.evg_shores_18.right,"Aldmere's flight, Aldmere's count"
card.evg_shores_18.right_outcome,"""Understood."" He does not say it is."
card.evg_shores_19.text,"Off the record: both shores are drafting plans to take the canal if the Company falls. Aldmere by law, Sorrel by purchase. On the record: which would you rather worked for?"
card.evg_shores_19.left,Neither; the Company keeps the gate
card.evg_shores_19.left_outcome,"KEEPER LOYAL, says the Courier, in a tone."
card.evg_shores_19.right,Whoever fixes the water
card.evg_shores_19.right_outcome,"He stops writing. ""What's wrong with the water?"""
card.evg_shores_20.text,"The Compact, read strictly, obliges the Keeper to host a joint shore conference at the summit every seven years. None has ever been held. We are, I calculate, eleven years overdue."
card.evg_shores_20.left,Hold the conference
card.evg_shores_20.left_outcome,Delegates from both shores. Three days. Nothing is decided and everyone is impressed.
card.evg_shores_20.right,Eleven more years won't hurt
card.evg_shores_20.right_outcome,"""It might. I shall note the date."""
card.evg_strangers_01.text,"A man in a good coat asks to buy the Keeper's house. Not rent. Buy. He names a sum that would keep the gate for a year, and does not say why."
card.evg_strangers_01.left,Not for sale
card.evg_strangers_01.left_outcome,"He leaves his card. It has no name, only an Ardent address."
card.evg_strangers_01.right,Ask what he'd pay for the study alone
card.evg_strangers_01.right_outcome,"He pauses a moment too long. ""The house. Or nothing."""
card.evg_strangers_02.text,"A boat of travelling players offers a free performance for the town in exchange for passage. Their play, they say, is about a canal. Everyone's plays are about a canal, this year."
card.evg_strangers_02.left,Passage for a play
card.evg_strangers_02.left_outcome,The play is bad and the town loves it. There is a Keeper in it who drowns.
card.evg_strangers_02.right,Toll like anyone
card.evg_strangers_02.right_outcome,"They pay, and perform at the Reach for free, out of spite."
card.evg_strangers_03.text,"I'm writing a piece on the Keepers of Halfway. Nine in eighty years, and four didn't leave by the flight. Dray makes five. I'd like a quote about the chair. Anything. Even 'no comment' is a quote."
card.evg_strangers_03.left,The chair is comfortable
card.evg_strangers_03.left_outcome,"KEEPER: 'THE CHAIR IS COMFORTABLE'. It is read as bravery or stupidity, by shore."
card.evg_strangers_03.right,Ask about the four
card.evg_strangers_03.right_outcome,"""Drowned, drowned, run out, 'resigned'. You knew that."" You did not."
card.evg_strangers_04.text,"In my day the Keeper at Lock 8, that's me, used to swap a keg with the Keeper at 9 every solstice. Nobody's done it since Dray. I've brought the keg. You've got nothing to swap. I know. Sit down."
card.evg_strangers_04.left,Sit down
card.evg_strangers_04.left_outcome,"Three hours. Somewhere in the second, the Dry Year."
card.evg_strangers_04.right,Another night
card.evg_strangers_04.right_outcome,"""There's fewer of those than you think, Keeper."" He leaves the keg."
card.evg_strangers_05.text,"A boat from the east with a woman who says she is Dray's sister. Nobody knew he had one. She asks to see the study. Mirren has never heard of her. Neither, it seems, had he."
card.evg_strangers_05.left,Let her see the study
card.evg_strangers_05.left_outcome,She looks at the desk and touches nothing and leaves. Mirren watches from the door.
card.evg_strangers_05.right,"Family or not, no"
card.evg_strangers_05.right_outcome,"She goes down the flight. Stroud, later: ""She had his eyes. Or I wanted her to."""
card.evg_strangers_06.text,A drover wants to swim forty cattle across the pound rather than pay the ferry. Forty cattle in a canal. Crane is somewhere finding the schedule for livestock in water. Dace is laughing.
card.evg_strangers_06.left,Swim them
card.evg_strangers_06.left_outcome,Forty cattle cross. One tries the chamber. The town talks about it for a year.
card.evg_strangers_06.right,"The ferry, and the fee"
card.evg_strangers_06.right_outcome,"He pays, furious. Crane arrives with the schedule too late and is desolate."
card.evg_strangers_07.text,"A boat with no name, no cargo and one passenger, who asks to go down the east flight 'before anyone from Sorrel asks'. He has coin, and the look of a man out of other things."
card.evg_strangers_07.left,"Down the flight, quietly"
card.evg_strangers_07.left_outcome,"He goes. Two days later, Sorrel asks. You say nothing."
card.evg_strangers_07.right,He waits with the rest
card.evg_strangers_07.right_outcome,Solas's men are at the gate by evening. He does not run. He looks at you.
card.evg_strangers_08.text,"Sorrel says the summit Keeper is secretly Aldmere's man. Aldmere says you are Sorrel's. I could print both; it would be very funny. Or neither, for a favor."
card.evg_strangers_08.left,Print both
card.evg_strangers_08.left_outcome,Both shores are briefly united in being annoyed with you.
card.evg_strangers_08.right,Neither; name the favor
card.evg_strangers_08.right_outcome,"""A seat on the first Jubilee boat. That's all. For now."""
card.evg_strangers_09.text,"The Dry Year, since you ask. Pound went to the sills. Company said drought. Then men came up the west flight at night, forty of 'em, said they were dredging the reservoir. I looked. No dredgers. Picks."
card.evg_strangers_09.left,Picks for what?
card.evg_strangers_09.left_outcome,"""Never found out. They went up the north bank and came down a month later, thin."""
card.evg_strangers_09.right,Drought does strange things
card.evg_strangers_09.right_outcome,"""It does. It doesn't hand out picks."""
card.evg_strangers_10.text,"A bargee has a fever I have seen in the coalfield towns. If it is what I think, his boat must not go down the east flight. If not, I have ruined his season for nothing."
card.evg_strangers_10.left,Hold the boat
card.evg_strangers_10.left_outcome,It is what she thought. Three boats are held. Nobody dies.
card.evg_strangers_10.right,Let him go; watch the town
card.evg_strangers_10.right_outcome,The boat goes. Nothing happens. Stroud does not sleep for a week.
card.evg_strangers_11.text,"A child, alone, on the towpath, with a note pinned to her coat that says 'Halfway'. Nothing else. She does not speak. Hale would take her. Ilse would take her. The Company has a form."
card.evg_strangers_11.left,The chapel
card.evg_strangers_11.left_outcome,"Hale takes her hand. The child speaks, eventually, in a Lowmere accent nobody recognizes."
card.evg_strangers_11.right,The inn
card.evg_strangers_11.right_outcome,Ilse takes her without a word and feeds her for a year.
card.evg_strangers_12.text,"A boat of Sorrel students on a walking tour want to see 'the famous sluice house'. Famous to whom, you ask. To a professor in Sorrel, they say, who lectures on it and has never seen it either."
card.evg_strangers_12.left,Show them the door
card.evg_strangers_12.left_outcome,They sketch a locked door. One asks why the straps are new.
card.evg_strangers_12.right,There is nothing to see
card.evg_strangers_12.right_outcome,"They sketch the chapel instead. Vosk, somewhere, relaxes."
card.evg_strangers_13.text,Scoop. The Company's Board has three seats empty and the Superintendent of Halfway has applied for one. Pell. On the Board. I'd like your reaction. I'd settle for your face.
card.evg_strangers_13.left,He'd be good at it
card.evg_strangers_13.left_outcome,"""Diplomatic. I'll print 'supportive'."" Pell is touched."
card.evg_strangers_13.right,No comment
card.evg_strangers_13.right_outcome,"""'Keeper declines to support Superintendent.' That's the headline you've bought."""
card.evg_strangers_14.text,Dray sat where you're sitting and asked me the same question you're about to ask. I told him the same thing. Then he went and did something about it. I'm not sure I should tell you again.
card.evg_strangers_14.left,Tell me
card.evg_strangers_14.left_outcome,"""The water don't come from the reservoirs. Never did. Ask the old woman at the Reach what it does come from."""
card.evg_strangers_14.right,Don't
card.evg_strangers_14.right_outcome,"""Sensible. He wasn't. I liked him for it."""
card.evg_strangers_15.text,You have a cough a month old and a color I do not like. The summit air is thin and the water cold. Go down to Aldmere for a week. The gate will not fall down.
card.evg_strangers_15.left,Go down for a week
card.evg_strangers_15.left_outcome,A week below. You come back with color and to a gate that did not fall down.
card.evg_strangers_15.right,The gate needs its Keeper
card.evg_strangers_15.right_outcome,"""So Dray said. I attended him twice that year."""
card.evg_strangers_16.text,"A Sorrel engineer, retired, asks to see the paddle gear 'for old times'. He worked on the Sorrel flight in Marrow's day. He is very old. He calls the pound 'the Quell' once, and corrects himself."
card.evg_strangers_16.left,Ask about the Quell
card.evg_strangers_16.left_outcome,"""A river. West of here. Dried up. Long time ago."" He will not say more."
card.evg_strangers_16.right,Show him the gear
card.evg_strangers_16.right_outcome,"He weeps at the paddle gear. Engineers do, apparently."
card.evg_strangers_17.text,"A very fine Aldmere yacht, a lady aboard who does not give her name, asks passage west and offers a sum to have the Book say she went east."
card.evg_strangers_17.left,The Book says east
card.evg_strangers_17.left_outcome,"The Book lies. The sum is large. Crane, weeks later, asks about a yacht."
card.evg_strangers_17.right,The Book says what happened
card.evg_strangers_17.right_outcome,She pays the ordinary toll and looks at you with something like respect.
card.evg_strangers_18.text,A reader has sent the Courier a letter claiming a Halfway Keeper once found 'a door under the water'. Unsigned. Aldmere postmark. I don't print anonymous letters. I do show them to people who might know.
card.evg_strangers_18.left,I know nothing of doors
card.evg_strangers_18.left_outcome,"""Everyone says that. It's the least interesting thing anyone says."""
card.evg_strangers_18.right,Let me see the hand
card.evg_strangers_18.right_outcome,You have seen the hand. On a ciphered ledger.
card.evg_strangers_19.text,"I'm not long for it, Keeper. Stroud says so with her face. I've got a Company coat forty years old and a tankard and a story I never finished telling Dray. Which do you want?"
card.evg_strangers_19.left,The story
card.evg_strangers_19.left_outcome,He tells it. It ends with men going into the hill and the pound rising the next spring.
card.evg_strangers_19.right,The coat
card.evg_strangers_19.right_outcome,"""Sensible. Warmer than a story."" It fits, almost."
card.evg_strangers_20.text,"Fennick has fainted at his key. Overwork and no food, he says. Fear, I say. He keeps asking whether Vosk has been to see me. Has something been happening on the wire I should know about?"
card.evg_strangers_20.left,Tell her what you know
card.evg_strangers_20.left_outcome,"She listens like a physician. ""Then he needs rest, and you need care."""
card.evg_strangers_20.right,Nothing you should know
card.evg_strangers_20.right_outcome,"""I see. Then I shall treat the symptom."""
card.evg_tolls_01.text,A bargee counts out the toll in coin so worn the faces are gone. It is two marks short. He says it is the toll his father paid.
card.evg_tolls_01.left,His father's toll will do
card.evg_tolls_01.left_outcome,He touches the worn coins to his cap.
card.evg_tolls_01.right,The table is the table
card.evg_tolls_01.right_outcome,He pays. He does not look at you again.
card.evg_tolls_02.text,"Scrip again. The Company store takes it; my cellar does not. Whose money is the Keeper paid in, and whose is the town paid in?"
card.evg_tolls_02.left,Pay the hands in coin
card.evg_tolls_02.left_outcome,Coffers lighter; the inn fuller.
card.evg_tolls_02.right,Scrip is the Company's rule
card.evg_tolls_02.right_outcome,"""So is drowning, when it suits them."""
card.evg_tolls_03.text,"A quarter's tolls in advance, at a small discount for the trouble. My principals like certainty. You would like a full chest. Everybody likes something."
card.evg_tolls_03.left,Take the advance
card.evg_tolls_03.left_outcome,The chest is full and the Book has a promise in it.
card.evg_tolls_03.right,"Tolls at the gate, as ever"
card.evg_tolls_03.right_outcome,"""Certainty. Fine. I'll find it elsewhere."""
card.evg_tolls_04.text,"Marguerite Cole. I hold the chapel's lease and half the town's. I am told the Keeper's chest is light. I lend, kindly, on terms. Shall we discuss terms?"
card.evg_tolls_04.left,Discuss terms
card.evg_tolls_04.left_outcome,"Terms are one in ten, monthly, kindly."
card.evg_tolls_04.right,The chest will manage
card.evg_tolls_04.right_outcome,"""Of course. My door is always open. It has a bell."""
card.evg_tolls_05.text,"The toll table has not been revised since Year 58. The Board has authorized a rise of one part in twelve. For the record, the Board did not say when."
card.evg_tolls_05.left,Raise it now
card.evg_tolls_05.left_outcome,The queue learns of it at the gate. Loudly.
card.evg_tolls_05.right,After the season
card.evg_tolls_05.right_outcome,"""Noted. The Board will ask why."""
card.evg_tolls_06.text,"The bargee offers the toll and, folded under it, a second coin for the Keeper personally. He does not say why. He does not look as if he needs to."
card.evg_tolls_06.left,Pocket it
card.evg_tolls_06.left_outcome,The second coin is heavier than the first.
card.evg_tolls_06.right,"Into the Book, both coins"
card.evg_tolls_06.right_outcome,He shrugs. Someone else will pay it next time.
card.evg_tolls_07.text,"The moot wants to know why the mooring fee on the pound went up. I told them to ask you. Here I am, asking you, on their behalf, at my own inn."
card.evg_tolls_07.left,The Company set it
card.evg_tolls_07.left_outcome,"""Your Company. Noted, as she says."""
card.evg_tolls_07.right,Waive it for townsfolk
card.evg_tolls_07.right_outcome,The moot approves. The Book does not.
card.evg_tolls_08.text,Fun fact: your toll on empty return barges is higher than on full ones. Somebody wrote that in Year 12 and nobody has read it since. I have read it.
card.evg_tolls_08.left,Correct the table
card.evg_tolls_08.left_outcome,Empties pay less. Sorrel's fleet sends more empties.
card.evg_tolls_08.right,The table stands
card.evg_tolls_08.right_outcome,"""Then I'll fill my empties with something cheap."""
card.evg_tolls_09.text,"The interest is due. I do not send men. I send reminders, and then I send the Company a copy of the note. Which would you prefer to receive?"
card.evg_tolls_09.left,Pay the interest
card.evg_tolls_09.left_outcome,"""Kindly. Same time next month."""
card.evg_tolls_09.right,Send the copy
card.evg_tolls_09.right_outcome,Vosk receives it. Vosk reads everything.
card.evg_tolls_10.text,There is a gap in the Book between the fourth and fifth bells of the last watch. Vessels passed. Nothing was written. You will find I have to ask.
card.evg_tolls_10.left,The hands forgot
card.evg_tolls_10.left_outcome,"""Noted. The hands do not keep the Book."""
card.evg_tolls_10.right,My error; here are the tolls
card.evg_tolls_10.right_outcome,You make up the sum from your own pocket. She notes that too.
card.evg_tolls_11.text,A Hullfolk boat offers to pay its toll in smoked fish. The fish is very good. The toll table does not have a column for fish.
card.evg_tolls_11.left,Fish is a toll
card.evg_tolls_11.left_outcome,The Company store is briefly the best-smelling building in Halfway.
card.evg_tolls_11.right,Coin or scrip
card.evg_tolls_11.right_outcome,"They find coin, somewhere, slowly."
card.evg_tolls_12.text,The hands were paid short this watch. Dace says the chest was light. Dace says you said so. Is the town going to hear about it at the moot or at my bar?
card.evg_tolls_12.left,Make up the wages from tolls
card.evg_tolls_12.left_outcome,The Book has a hole. The hands have their beer.
card.evg_tolls_12.right,Short until the season turns
card.evg_tolls_12.right_outcome,"""Then they'll work short too."""
card.evg_tolls_13.text,"I can pay this quarter's fees in Sorrel bonds. They are as good as coin in Sorrel. This is not Sorrel, I grant you. Yet."
card.evg_tolls_13.left,Bonds at a discount
card.evg_tolls_13.left_outcome,Paper in the chest. It rustles.
card.evg_tolls_13.right,Coin
card.evg_tolls_13.right_outcome,"""Fine. Coin. Delay costs, and this cost you."""
card.evg_tolls_14.text,"A gift for the Keeper's house: a good chair, from my own parlor. No terms at all. I like to see the post well kept."
card.evg_tolls_14.left,Accept the chair
card.evg_tolls_14.left_outcome,It is a very good chair. You think about it more than a chair deserves.
card.evg_tolls_14.right,"Decline, kindly"
card.evg_tolls_14.right_outcome,"""Of course. It will be here."""
card.evg_tolls_15.text,The chest is heavier than the Book explains. Not by much. Enough. I am not asking where it came from. I am telling you I have noticed.
card.evg_tolls_15.left,Bank the difference with the Company
card.evg_tolls_15.left_outcome,"""Noted. That was the correct answer."""
card.evg_tolls_15.right,Spend it on the gates
card.evg_tolls_15.right_outcome,Quenn is delighted. Vosk writes a line.
card.evg_tolls_16.text,"The toll chest's lock has been forced in the night. Nothing is missing. Somebody wanted to know what was in it, or wanted you to know they could."
card.evg_tolls_16.left,"New lock, no report"
card.evg_tolls_16.left_outcome,Tamm fits a lock that would stop a bear.
card.evg_tolls_16.right,Report it to the Company
card.evg_tolls_16.right_outcome,Vosk arrives within the hour and looks at the lock a long time.
card.evg_tolls_17.text,"A Sorrel bargee tried to pay for his supper in your Company's scrip, which I don't take, and then in a story about a Keeper who does. Is that Keeper you?"
card.evg_tolls_17.left,It is now; take scrip
card.evg_tolls_17.left_outcome,"""At half face. And you'll hear about it."""
card.evg_tolls_17.right,"Your inn, your rules"
card.evg_tolls_17.right_outcome,"""Good answer. He went hungry."""
card.evg_tolls_18.text,Aldmere's inspector has proposed a 'Compact levy' on Sorrel coal. It is not in the Compact. It is on your gate. I am asking you not to collect it.
card.evg_tolls_18.left,Collect nothing not in the table
card.evg_tolls_18.left_outcome,"""Thank you. That's rarer than you'd think."""
card.evg_tolls_18.right,Collect it; let them argue
card.evg_tolls_18.right_outcome,They argue for a month. The chest enjoys it.
card.evg_tolls_19.text,The chapel's lease is due and Sister Hale has asked me for time. I am a patient woman. I am also a landlady. A word from the Keeper would settle which I am this month.
card.evg_tolls_19.left,Give the chapel time
card.evg_tolls_19.left_outcome,"""For the Keeper. Kindly."""
card.evg_tolls_19.right,Business is business
card.evg_tolls_19.right_outcome,Hale pays. The poor at the gate eat less that week.
card.evg_tolls_20.text,"The Board has asked for a statement of the summit's accounts for the Jubilee. I can write it accurately, or I can write it well. For the record, I am asking which."
card.evg_tolls_20.left,Accurately
card.evg_tolls_20.left_outcome,"""Noted."" She looks at you as if you had passed something."
card.evg_tolls_20.right,Well
card.evg_tolls_20.right_outcome,"""Noted."" The Board is pleased. She is not, quite."
card.evg_town_life_01.text,Market day. Half the town wants the towpath for stalls and the other half wants it for towing. The moot has asked the Keeper to say which half is right.
card.evg_town_life_01.left,Stalls on the towpath
card.evg_town_life_01.left_outcome,"A slow day for boats, a good one for pies."
card.evg_town_life_01.right,The towpath tows
card.evg_town_life_01.right_outcome,The stalls go up Chapel Street. The pies are further away.
card.evg_town_life_02.text,The Dray house has been Company property since the father left. I could take the lease and let it kindly to the daughter at a fair rent. Or the Keeper could go on living in it.
card.evg_town_life_02.left,The Keeper stays
card.evg_town_life_02.left_outcome,"""Of course. It is a good house. I only mention it."""
card.evg_town_life_02.right,Let it to Mirren
card.evg_town_life_02.right_outcome,Mirren pays Cole rent for her own house. She does not thank you.
card.evg_town_life_03.text,The lock hands' children swim in the pound below the gate. Every summer I treat one for a paddle-wash. Every summer someone tells me it is how they learn. This summer I am telling you.
card.evg_town_life_03.left,Fence the sill
card.evg_town_life_03.left_outcome,"The children swim from the Reed Reach instead, and the Hullfolk teach them."
card.evg_town_life_03.right,It is how they learn
card.evg_town_life_03.right_outcome,"""So I hear. Every summer."""
card.evg_town_life_04.text,"A travelling puppet show wants to set up on the wharf. Its principal act, the handbill says, is 'The Lock Keeper Who Would Not Open'. The handbill has a drawing. It is not flattering."
card.evg_town_life_04.left,Let them play
card.evg_town_life_04.left_outcome,"The town laughs for an hour, mostly at you. It helps, oddly."
card.evg_town_life_04.right,Move them along
card.evg_town_life_04.right_outcome,They play at the Reed Reach. The Hullfolk laugh instead.
card.evg_town_life_05.text,"Three things. It's the hands' feast day. They want the chamber for the raft race. And last year the winner was Company mail, which nobody's forgotten."
card.evg_town_life_05.left,The chamber for the race
card.evg_town_life_05.left_outcome,Mirren wins on a door. The mail waits.
card.evg_town_life_05.right,Race below the gate
card.evg_town_life_05.right_outcome,"""Right. Below. Where the current is."" Nobody drowns. Nearly."
card.evg_town_life_06.text,Somebody from the Company measured my cellar this morning. For 'drainage'. Nobody measures a cellar for drainage. What does your Company want with my cellar?
card.evg_town_life_06.left,Find out
card.evg_town_life_06.left_outcome,"Quenn, red-faced: the pound's leaking into the brewery well. It always has."
card.evg_town_life_06.right,"Drainage, presumably"
card.evg_town_life_06.right_outcome,"""Presumably. Your Company presumes a lot."""
card.evg_town_life_07.text,The town wants a schoolroom. I have a building. The Company has a lease on it for 'future works' it has never begun. A word from the Keeper would release it.
card.evg_town_life_07.left,Release the lease
card.evg_town_life_07.left_outcome,"Pell signs, sulking. Children arrive."
card.evg_town_life_07.right,Future works are the Company's
card.evg_town_life_07.right_outcome,"""Of course. The children can wait. They are good at it."""
card.evg_town_life_08.text,A lock hand's wife is dying and wants to be taken down to her people on the Aldmere side. The flight is closed for repairs. I can keep her comfortable for two days. No more.
card.evg_town_life_08.left,Open the flight for one boat
card.evg_town_life_08.left_outcome,Quenn's crew stands aside. The boat goes down in silence.
card.evg_town_life_08.right,She stays; make her comfortable
card.evg_town_life_08.right_outcome,She dies at Halfway. Her people come up later.
card.evg_town_life_09.text,"A young couple from the town ask the Keeper to witness their marriage at the top gate, at dawn, before the first boat. Hale is willing. The first boat is a Company mail packet."
card.evg_town_life_09.left,"Dawn, at the gate"
card.evg_town_life_09.left_outcome,"The mail waits twenty minutes. The clerk cries, a little."
card.evg_town_life_09.right,The chapel is for weddings
card.evg_town_life_09.right_outcome,They marry in the chapel. It is fine. It is not the gate.
card.evg_town_life_10.text,"One thing, and it's a bad one. A hand's been caught selling Company lamp oil at the inn. It's Perrin, who's got four children. Vosk hasn't heard yet."
card.evg_town_life_10.left,Dismiss him quietly
card.evg_town_life_10.left_outcome,Perrin goes down the flight. The others learn it.
card.evg_town_life_10.right,Dock his wages; keep him
card.evg_town_life_10.right_outcome,"""Right. I'll tell him. He'll cry. Then he'll work."""
card.evg_town_life_11.text,"The inn's out of Iron Spring and the well's low because the pound's low. I'm buying Sorrel beer at Sorrel prices. The town blames you, since the water's yours."
card.evg_town_life_11.left,Subsidize the beer
card.evg_town_life_11.left_outcome,The Coffers buy a town's goodwill by the barrel.
card.evg_town_life_11.right,The water is nobody's
card.evg_town_life_11.right_outcome,"""Tell that to the well."""
card.evg_town_life_12.text,"A tenant of mine, a lock hand, has not paid in two months. I could put him out. Or the Company could guarantee his rent from his wages, with your signature."
card.evg_town_life_12.left,Guarantee the rent
card.evg_town_life_12.left_outcome,Wages go to Cole before they go to the hand.
card.evg_town_life_12.right,The Company does not guarantee rents
card.evg_town_life_12.right_outcome,He is put out. He sleeps at the Reed Reach.
card.evg_town_life_13.text,"There is a case of the shakes at the inn: a bargee, feverish, insisting he drank nothing but the well water. I would like to test the well. Ilse would not like me to."
card.evg_town_life_13.left,Test the well
card.evg_town_life_13.left_outcome,"Iron, and something else. Stroud's face does not change. Ilse's does."
card.evg_town_life_13.right,It was the Sorrel beer
card.evg_town_life_13.right_outcome,"""Perhaps. I have seen worse. I have also seen wells."""
card.evg_town_life_14.text,"An old bargeman, retiring, asks to name his last boat after the Keeper and paint it on the bow. He has already bought the paint. The Book has a fee for renaming."
card.evg_town_life_14.left,Waive the fee
card.evg_town_life_14.left_outcome,There is a coal barge with your name on it. It goes east forever.
card.evg_town_life_14.right,The fee is the fee
card.evg_town_life_14.right_outcome,"He pays it, and names the boat something else."
card.evg_town_life_15.text,"Three things, and these are good ones. The hands have finished the new bollards early. They want the afternoon. And Perrin's wife has had a fifth."
card.evg_town_life_15.left,Give them the afternoon
card.evg_town_life_15.left_outcome,The wharf is empty and cheerful. Boats wait and do not mind.
card.evg_town_life_15.right,Finish the week's work first
card.evg_town_life_15.right_outcome,"""Right."" Perrin's fifth waits with everyone else."
card.evg_town_life_16.text,The moot's asked me to stand for reeve again and I've said I'll do it if the Keeper comes to the moot. Once. To listen. Nobody's asked a Keeper before. They're not sure you're allowed.
card.evg_town_life_16.left,Come to the moot
card.evg_town_life_16.left_outcome,You listen for three hours. It changes how the town looks at you.
card.evg_town_life_16.right,The Keeper answers to the Company
card.evg_town_life_16.right_outcome,"""Right. I stand anyway. Remember I asked."""
card.evg_town_life_17.text,I have been asked to fund the Jubilee bunting and have said I will if the Keeper agrees to a small plaque on the Company house. My name. Modest lettering.
card.evg_town_life_17.left,A modest plaque
card.evg_town_life_17.left_outcome,The lettering is not modest.
card.evg_town_life_17.right,The Company funds its own bunting
card.evg_town_life_17.right_outcome,"""Of course. Quite right. Kindly remember I offered."""
card.evg_town_life_18.text,You have not slept a full night in a week. I can see it from here. Dray did this. I am not saying you are Dray. I am saying I have seen the end of it.
card.evg_town_life_18.left,Sleep tonight; Dace has the gate
card.evg_town_life_18.left_outcome,You sleep. You dream about the gauge.
card.evg_town_life_18.right,After the season
card.evg_town_life_18.right_outcome,"""That is what he said."""
card.evg_town_life_19.text,"A boy from the town has been caught riding the paddle beam as the gate opens. It is the best thing he has ever done, he says. His mother wants him whipped. The hands want him hired."
card.evg_town_life_19.left,Hire him
card.evg_town_life_19.left_outcome,Dace gets an apprentice who is afraid of nothing.
card.evg_town_life_19.right,His mother's decision
card.evg_town_life_19.right_outcome,"He is whipped, and rides the beam again the next week."
card.evg_town_life_20.text,It's the day my son drowned. Every year the town leaves a lamp on the sill and every year the Company takes it off for the first boat. This year I'm asking the Keeper first.
card.evg_town_life_20.left,The lamp stays all day
card.evg_town_life_20.left_outcome,The first boat waits for the lamp. The bargee knew the story.
card.evg_town_life_20.right,"Until the first boat, as ever"
card.evg_town_life_20.right_outcome,"""As ever."" She takes the lamp off herself."
card.evg_weather_01.text,Three days of rain on the Spine. The pound is rising faster than the paddles can pass it down. The east flight is already full of boats waiting for water they now have too much of.
card.evg_weather_01.left,Run all paddles down the east flight
card.evg_weather_01.left_outcome,The lower pounds slop over their towpaths. Halfway stays dry.
card.evg_weather_01.right,Hold the water; let the flight clear
card.evg_weather_01.right_outcome,Cellars begin to whisper.
card.evg_weather_02.text,Sorry. The aqueduct's running a third of what the table says it should for the season. The pound isn't falling a third faster. I've checked. I keep checking.
card.evg_weather_02.left,"Check again, with me"
card.evg_weather_02.left_outcome,You walk the aqueduct together. It is a trickle. The pound is not.
card.evg_weather_02.right,Be glad the pound holds
card.evg_weather_02.right_outcome,"""I am. That's what worries me. Roughly."""
card.evg_weather_03.text,"Wind's from the west, hard. The top gate won't hold shut against it without a man on the beam all night. I've got two men."
card.evg_weather_03.left,You stand the beam
card.evg_weather_03.left_outcome,"A long night. The gate holds. So, barely, do you."
card.evg_weather_03.right,Requisition a man from the inn
card.evg_weather_03.right_outcome,Ilse sends her potboy. He is not pleased. She is less.
card.evg_weather_04.text,"Ice on the pound by morning if this holds. I can rig a boom to keep the gate clear, a day's work and my good timber. Or we chance it."
card.evg_weather_04.left,Rig the boom
card.evg_weather_04.left_outcome,"Ice, by morning. The gate clear. Tamm's timber gone."
card.evg_weather_04.right,Chance it
card.evg_weather_04.right_outcome,"No ice. Tamm shrugs. ""Next time."""
card.evg_weather_05.text,"The water is low, Keeper, and the town is anxious. We would hold the Lamp Vigil at the sill tonight. It costs nothing but a night's passage, and a little belief."
card.evg_weather_05.left,Close the gate for the Vigil
card.evg_weather_05.left_outcome,"Lamps on the water. The queue, unexpectedly, joins in."
card.evg_weather_05.right,Hold it on the bank
card.evg_weather_05.right_outcome,"""The water hears from the bank as well."" She does not believe that."
card.evg_weather_06.text,"A hot, still week. The pound has a skin of green on it and the gauge has dropped two marks in three days. Boats are starting to touch the sill going in."
card.evg_weather_06.left,Restrict to light drafts
card.evg_weather_06.left_outcome,Heavy barges wait or unload. Nobody grounds.
card.evg_weather_06.right,"Pass everything, carefully"
card.evg_weather_06.right_outcome,One grounds. Half a day to float her off.
card.evg_weather_07.text,"I've drawn the pound's level against rainfall for a year. Rain makes it rise. But it falls at the same rate whether it rained or not. Something feeds it, and something takes from it. Sorry."
card.evg_weather_07.left,Keep drawing
card.evg_weather_07.left_outcome,"""I will. I wasn't going to stop. I just wanted someone to know."""
card.evg_weather_07.right,Show it to Vosk
card.evg_weather_07.right_outcome,"""Oh. No. Sorry. Not her."" She takes the drawing back."
card.evg_weather_08.text,"Lightning's struck the chapel weathervane and half the town's on the towpath watching it smoke. Nobody's at the paddles. Three things, and they're all that."
card.evg_weather_08.left,Let them watch
card.evg_weather_08.left_outcome,The vane falls into the pound with a hiss. Cheering.
card.evg_weather_08.right,Back to the paddles
card.evg_weather_08.right_outcome,Grumbling. The vane falls unseen.
card.evg_weather_09.text,"The top gate's lower beam is soft. It'll hold or it won't. If it won't, it'll be in a storm. There's one coming. A week's work, and I'd start today."
card.evg_weather_09.left,Start today
card.evg_weather_09.left_outcome,The gate is out for a week. The storm finds a new beam.
card.evg_weather_09.right,After the storm
card.evg_weather_09.right_outcome,"The beam holds. Tamm says nothing, which is how he says 'lucky'."
card.evg_weather_10.text,"A rainbow over the Reed Reach, Keeper. The Hullfolk are out on their decks looking at it. The town says it is a sign. I say it is a gift. What do you say?"
card.evg_weather_10.left,A gift
card.evg_weather_10.left_outcome,She is pleased. The town is pleased. It is also a rainbow.
card.evg_weather_10.right,Rain and sun
card.evg_weather_10.right_outcome,"""So it is. Both are given."""
card.evg_weather_11.text,"Snowmelt from the Spine. Every stream on the north bank is running brown into the pound. Every stream except one, which runs clear and cold and does not seem to come from the snow."
card.evg_weather_11.left,Walk up the clear stream
card.evg_weather_11.left_outcome,"It comes out of the hill below the sluice house, and nowhere else."
card.evg_weather_11.right,Streams are streams
card.evg_weather_11.right_outcome,The pound rises. The boats float. That is the job.
card.evg_weather_12.text,"The west paddle gear's seized with frost. I can free it with a fire under the gear, which is roughly how the Dry Year keeper lost his eyebrows, or wait for noon."
card.evg_weather_12.left,Light the fire
card.evg_weather_12.left_outcome,Gear freed by the second bell. Eyebrows intact. Barely.
card.evg_weather_12.right,Wait for noon
card.evg_weather_12.right_outcome,Six boats wait with you.
card.evg_weather_13.text,"Heatstroke. Two hands down and Stroud says it's the third day of this that kills. We can work the paddles at night instead, if the boats will have it."
card.evg_weather_13.left,Night working
card.evg_weather_13.left_outcome,The queue mutters and then sleeps through the passage.
card.evg_weather_13.right,Work through it
card.evg_weather_13.right_outcome,The third man goes down at the fifth bell.
card.evg_weather_14.text,"Storm's brought a whole tree down across the pound below the Reach. Boats can't pass it. I can cut it, two days. Or the Hullfolk can, one day, for a price they haven't said."
card.evg_weather_14.left,Tamm cuts it
card.evg_weather_14.left_outcome,Two days. Good firewood.
card.evg_weather_14.right,Ask the Hullfolk
card.evg_weather_14.right_outcome,"One day. The price is the firewood, and a nod."
card.evg_weather_15.text,"The undercroft is damp again. Only damp. It happens when the pound is high, and only then, though the chapel is well above the bank. We tend it. We do not ask why."
card.evg_weather_15.left,Ask why
card.evg_weather_15.left_outcome,"""Because it is old, Keeper."" She does not meet your eye."
card.evg_weather_15.right,Send hands to bail
card.evg_weather_15.right_outcome,The hands bail. Hale is grateful and does not show them the far corner.
card.evg_weather_16.text,"Mist on the pound at dawn, and in it, from the north bank, the sound of water running where no stream is marked. By the time the mist lifts the sound has stopped."
card.evg_weather_16.left,Mark the place
card.evg_weather_16.left_outcome,Below the sluice house. You write a bearing in the Ledger.
card.evg_weather_16.right,Mist plays tricks
card.evg_weather_16.right_outcome,The day's boats arrive and the sound is forgotten.
card.evg_weather_17.text,The reservoir report's late again. It's always late when the pound's low. I've started writing my own. It doesn't agree with theirs. It doesn't agree with the pound either.
card.evg_weather_17.left,Send yours to the Board
card.evg_weather_17.left_outcome,"""Oh. All right. Sorry. Yes."" She does not sleep that night."
card.evg_weather_17.right,Keep yours in the drawer
card.evg_weather_17.right_outcome,"""The drawer. Yes. It's getting full."""
card.evg_weather_18.text,"Flood debris in the chamber: a hen coop, a door, a dead sheep. The hands want a mark each to go in after it. The sheep, Keeper. It's the sheep."
card.evg_weather_18.left,A mark each
card.evg_weather_18.left_outcome,The sheep is removed with ceremony.
card.evg_weather_18.right,It's the job
card.evg_weather_18.right_outcome,It is done. Slowly. With looks.
card.evg_weather_19.text,"Dry weather's opened the seams on the top gate. She's weeping a hand's width a watch. I can caulk her in the water, badly, or drain the chamber and do it right."
card.evg_weather_19.left,Drain and do it right
card.evg_weather_19.left_outcome,A closed gate for a day. A dry gate for a year.
card.evg_weather_19.right,Caulk in the water
card.evg_weather_19.right_outcome,She weeps less. She still weeps.
card.evg_weather_20.text,"A week of soft rain and the pound is up two marks for the first time since you came. The gauge, for once, is going the right way. The hands are almost cheerful."
card.evg_weather_20.left,Bank it: pass fewer boats
card.evg_weather_20.left_outcome,The pound keeps its gain. The queue does not thank you.
card.evg_weather_20.right,Spend it: clear the queue
card.evg_weather_20.right_outcome,"A record day. The gauge, by evening, is where it was."
card.ma01_01.text,Keeper! Eighty years of the Meridian this autumn. The Board has approved a Jubilee at the summit. At our summit. I have plans. I have had plans for twenty years. How large shall we dream?
card.ma01_01.left,As large as the Company will pay for
card.ma01_01.left_outcome,"""Magnificent! The Company will pay for a great deal. Eventually."""
card.ma01_01.right,Modestly; the water is low
card.ma01_01.right_outcome,"""Modest. Yes. A modest Jubilee. Those words have never met."""
card.ma01_02.text,"The guest list. Commissioner Kell, naturally. Both shore inspectors. The reeve, if she will come, which she will not. And the Board asks whether the boat-clans should be 'visible'. Their word."
card.ma01_02.left,Visible; invite Bram
card.ma01_02.left_outcome,Bram accepts by not refusing. Pell is nervous and pretends otherwise.
card.ma01_02.right,Not visible
card.ma01_02.right_outcome,"""Sensible. The Board prefers a tidy summit."" The Reach hears anyway."
card.ma01_03.text,"The Board would like a 'demonstration of throughput' at the Jubilee. Forty vessels in a day, before the Commissioner's eyes. Forty. Keeper, I have promised them fifty."
card.ma01_03.left,"Fifty, then"
card.ma01_03.left_outcome,"""Magnificent! I knew it. I said so. I said the Keeper would say fifty."""
card.ma01_03.right,"Forty, and none aground"
card.ma01_03.right_outcome,"""Forty. Well. I shall tell them fifty and hope they cannot count."""
card.ma01_04.text,"Pell wants bunting money. I want spindle money. There's one chest. Sorry. If the bunting goes up and the spindle goes, the Commissioner will see fifty boats and one of them will be stuck in the chamber."
card.ma01_04.left,Spindles first
card.ma01_04.left_outcome,"""Thank you. Sorry. Thank you."" Pell learns of it and is wounded for a week."
card.ma01_04.right,Bunting; the spindle will hold
card.ma01_04.right_outcome,"""It might. Roughly. I'll pray."" She does not pray. She oils it, nightly."
card.ma01_05.text,"The Board's Jubilee speech is here for checking. It thanks 'the Ninefold Reservoirs, whose bounty feeds the summit'. I can't sign that. Sorry. I can't. Someone has to. It doesn't have to be me."
card.ma01_05.left,Strike the line
card.ma01_05.left_outcome,The speech thanks 'the water'. Ardent notices the change and asks who made it.
card.ma01_05.right,Sign it yourself
card.ma01_05.right_outcome,You sign for the reservoirs. Quenn looks at the signature and says nothing at all.
card.ma01_06.text,For the demonstration day I'll need the pound a mark higher than it is. The only way is to close the gate for three days before and let it fill. Pell says three days of no boats before a Jubilee is 'a bad look'.
card.ma01_06.left,Close for three days
card.ma01_06.left_outcome,"The pound fills. The queue grumbles. On the day, every boat floats."
card.ma01_06.right,Run it as it is
card.ma01_06.right_outcome,"""Roughly. Yes. Roughly it'll float them."" She does not sound sure."
card.ma01_07.text,"Commissioner Kell, a week early, unannounced. The Board's view is that rehearsed Jubilees are Jubilees for the Board and unrehearsed ones are for the truth. I am here for the truth. Do carry on."
card.ma01_07.left,Carry on exactly as usual
card.ma01_07.left_outcome,He watches the gate for a week. He writes very little. He sees everything.
card.ma01_07.right,"Rehearse anyway, openly"
card.ma01_07.right_outcome,"""Refreshingly honest. Regrettably, so is the rehearsal."" A barge grounds during it."
card.ma01_08.text,"A private word. The Board's Jubilee has a second purpose. It wishes to be seen at the summit before certain 'structural matters' become public. Regrettably, I cannot say more. I can say that your cooperation will be remembered."
card.ma01_08.left,You have it
card.ma01_08.left_outcome,"""Excellent."" He does not say what for. You will find out."
card.ma01_08.right,What structural matters?
card.ma01_08.right_outcome,"""The Board's view is that you do not need to know. My view is that you already do."""
card.ma01_09.text,The Commissioner has reviewed the demonstration plan and has one amendment. The boat-clans' moorings are 'in the sightline'. The Board would prefer the Reach empty for the day. Only the day. Regrettably firm.
card.ma01_09.left,Ask the Reach to move for a day
card.ma01_09.left_outcome,Bram moves the Reach down the pound without a word. The word comes later.
card.ma01_09.right,The Reach stays in the sightline
card.ma01_09.right_outcome,"""Regrettably noted."" Kell does not mention it again. The Board does."
card.ma01_10.text,"The day, Keeper! Bunting, band, both inspectors in their best, the Commissioner on the dais, and forty vessels queued to the horizon. Give the word. Give it magnificently."
card.ma01_10.left,Open the gate
card.ma01_10.left_outcome,The first barge rises to applause. The band plays something that is nearly a tune.
card.ma01_10.right,A word first: thank the hands
card.ma01_10.right_outcome,You thank the hands before the Board. Pell winces. Dace does not know where to look. The town roars.
card.ma01_11.text,"Thirty-one vessels and the west paddle has stopped. Stopped, Keeper, before the Commissioner. Quenn is inside the gear. She says a quarter hour. The Board is looking at its watches."
card.ma01_11.text_variant0,Thirty-one vessels and the west paddle is singing. New spindle. Quenn's spindle. The Commissioner has asked who maintains the gear. I would like to say I do. I shall say she does.
card.ma01_11.left,Give Quenn her quarter hour
card.ma01_11.left_outcome,"Fourteen minutes. The paddle runs. The Board applauds the engineer, which has never happened."
card.ma01_11.right,Run the east paddle alone; press on
card.ma01_11.right_outcome,"Slow passages, one gate. Forty-two by dusk. The Board did not notice the paddle. Quenn did."
card.ma01_12.text,"The Commissioner will speak at dusk. Then the Keeper. Then me, magnificently briefly. The Commissioner's speech thanks the reservoirs. Yours is your own. I am asking, as a friend, that it not mention the gauge."
card.ma01_12.left,Don't mention the gauge
card.ma01_12.left_outcome,"You thank the town, the hands, the water. Kell nods. Pell breathes."
card.ma01_12.right,Mention the gauge
card.ma01_12.right_outcome,"You say the pound has fallen a mark a watch since you came. The band stops. Kell does not move. Quenn, in the crowd, weeps."
card.ma01_13.text,"The town's picking bunting out of the pound. Two boats went through with it wrapped round the rudders. The Company's gone. The Commissioner's gone. The bunting's ours now. What does a Jubilee cost, after?"
card.ma01_13.left,Pay the town to clear it
card.ma01_13.left_outcome,A day's wages for a day's bunting. The town keeps some. It flies from the inn for a year.
card.ma01_13.right,The bunting is the Company's problem
card.ma01_13.right_outcome,"""The Company's gone. It's always gone, after."""
card.ma01_14.text,"The Board has written. Eleven lines. It uses the word 'creditable', which is the Board's second-highest word. It uses my name twice and yours once. I have never been so happy with a letter. Shall we frame it?"
card.ma01_14.text_variant0,"The Board has written. Three lines. It uses the word 'regrettable'. It uses your name three times and mine not at all, for which I am, Keeper, not grateful. What did you think the gauge would buy you?"
card.ma01_14.left,Frame it
card.ma01_14.left_outcome,It hangs beside the other frames. There are many frames.
card.ma01_14.right,Give it to Quenn
card.ma01_14.right_outcome,"He does, after a struggle. She puts it in the drawer with the survey."
card.ma01_15.text,"It is off. The Jubilee. The Board has cancelled it 'pending review of the summit'. Twenty years, Keeper. I do not blame you. I have been trying for a week to blame you and I cannot."
card.ma01_15.left,Hold a town Jubilee instead
card.ma01_15.left_outcome,"No Board, no band, no bunting from Ardent. The town does it anyway. Pell weeps and says it was magnificent."
card.ma01_15.right,There will be another year
card.ma01_15.right_outcome,"""Will there."" He does not make it a question."
card.ma02_01.text,The study drawer. The one that's locked. Did you try it? He kept the tide tables there. And other things.
card.ma02_01.left,I forced it
card.ma02_01.left_outcome,"""Right."" She goes white and does not leave."
card.ma02_01.right,I was waiting for you
card.ma02_01.right_outcome,She has the key. She has had it the whole time.
card.ma02_02.text,"Tide tables, on a canal. Pages of figures in his hand that aren't figures. He was writing something so nobody would read it. Nobody has."
card.ma02_02.left,We read it together
card.ma02_02.left_outcome,"""We."" She tries the word out."
card.ma02_02.right,Let me take it
card.ma02_02.right_outcome,"""You can look. It stays in the house."""
card.ma02_03.text,"Dray's ledger, open on the desk at night. The columns run the wrong way for money. Every page begins with the same nine marks, then changes."
card.ma02_03.left,Copy the nine marks
card.ma02_03.left_outcome,Nine. Like the locks. Like the reservoirs.
card.ma02_03.right,Sleep; it will keep
card.ma02_03.right_outcome,It has kept a year already.
card.ma02_04.text,You'll never guess. In strictest confidence: Dray asked me once what the wire code was for numbers. Not letters. Numbers. I shouldn't have told him. I did.
card.ma02_04.left,Tell me too
card.ma02_04.left_outcome,"He does, in a whisper, in the telegraph office, with the door open."
card.ma02_04.right,Ask what else he asked
card.ma02_04.right_outcome,"""Where the wire goes at night. I said Ardent. He said no, where does it go."""
card.ma02_05.text,"It's a cipher. It has to be. He taught me one when I was small, a game with the gauge marks. I thought it was a game."
card.ma02_05.left,Teach it to me
card.ma02_05.left_outcome,She draws the sill on the table in spilled ale.
card.ma02_05.right,Work it yourself; I'll keep the gate
card.ma02_05.right_outcome,She works it. She does not come to the paddles for two days.
card.ma02_06.text,"You have been in the study at night. The lamp is visible from the Company house. For the record, the late Keeper's papers are Company property. You will find I would like them."
card.ma02_06.left,There are no papers
card.ma02_06.left_outcome,"""Noted."" She writes it down, which is worse."
card.ma02_06.right,Tide tables; take them
card.ma02_06.right_outcome,You give her the tide tables. Not the other pages.
card.ma02_07.text,"Dray? Course I knew Dray. In my day the gauge had nine marks and a tenth nobody used, painted over. He asked me about the tenth. Nobody asks about the tenth."
card.ma02_07.left,Ask about the tenth
card.ma02_07.left_outcome,"""Below the sill. For when the pound went dry. It did, once."""
card.ma02_07.right,Buy him another and wait
card.ma02_07.right_outcome,"He talks about weather for an hour, and then about the tenth mark anyway."
card.ma02_08.text,"Ten marks, not nine. That's the key. Every page is a day and every number is a place on the gauge. It isn't a diary. It's a map of something."
card.ma02_08.left,A map of the pound
card.ma02_08.left_outcome,"""No. The numbers go below the sill. Under."""
card.ma02_08.right,A map of somewhere under
card.ma02_08.right_outcome,"She looks at you a long time. ""He went under something."""
card.ma02_09.text,"Past midnight, the cipher gives up its last page. Three letters, twice. S.H. And a bearing from the top gate along the north bank."
card.ma02_09.left,Sluice house
card.ma02_09.left_outcome,You have walked past it forty times.
card.ma02_09.right,Someone's initials
card.ma02_09.right_outcome,Nobody at the summit has them. The building does.
card.ma02_10.text,"I kept a copy. Of his last wire. I keep copies of everything, I shouldn't, I know. 'FOUND THE KEY STOP GOING TO SEE STOP IF NOT BACK TELL M STOP.' He never sent the second one."
card.ma02_10.left,Give me the copy
card.ma02_10.left_outcome,"He does. His hand shakes; yours doesn't, yet."
card.ma02_10.right,Give it to Mirren
card.ma02_10.right_outcome,"""Tell M."" He understands, and goes red."
card.ma02_11.text,"The telegraph clerk has been indiscreet. For the record, the late Keeper resigned. His wire is a Company document. You have a copy. I would like it."
card.ma02_11.left,Hand it over
card.ma02_11.left_outcome,"""Noted. You will find this was wise."""
card.ma02_11.right,"Resigned, was it?"
card.ma02_11.right_outcome,"A pause. ""That is the record."""
card.ma02_12.text,"'Tell M.' He didn't come back and nobody told me. Nobody told me anything. You know where he went now. Are you going to tell me, or are you going to be like them?"
card.ma02_12.left,The sluice house
card.ma02_12.left_outcome,"She nods. She has known, or guessed, or feared."
card.ma02_12.right,Not until I've seen it
card.ma02_12.right_outcome,"""That's what he'd have said."" It is not a compliment."
card.ma02_13.text,"In the oilskin. The one on the hook. Inside pocket, sewn shut. I never looked. Look."
card.ma02_13.left,Open the seam
card.ma02_13.left_outcome,"A brass key, stamped S.H. Cold as the pound."
card.ma02_13.right,You open it
card.ma02_13.right_outcome,She does. She holds the key a long time before she gives it to you.
card.ma02_14.text,The key is heavy for its size. Vosk would like it. Mirren wants it. The sluice house door has waited a year and does not mind waiting another night.
card.ma02_14.left,"Keep it; go alone, soon"
card.ma02_14.left_outcome,You put it on the ring beside the gate keys.
card.ma02_14.right,Give it to Vosk
card.ma02_14.right_outcome,"""Noted."" She does not ask where you found it. She knows."
card.ma02_15.text,You gave it to her. His key. To her. Get out of his chair.
card.ma02_15.left,It was Company property
card.ma02_15.left_outcome,She leaves the oilskin on the hook and does not come back for a week.
card.ma02_15.right,I'll get it back
card.ma02_15.right_outcome,"""You won't."" She is right."
card.ma03_01.text,"A full inspection. Not the quarterly. Mine. The Book, the chest, the keys, the study, the Ledger. You will find the Ledger is not Company property. You will find I would like to read it anyway."
card.ma03_01.left,The Ledger is mine; the rest is yours
card.ma03_01.left_outcome,"""Noted. Correct."" She reads the rest for four hours."
card.ma03_01.right,Read it all
card.ma03_01.right_outcome,"She reads the Ledger. She reads it twice. ""Noted."" It is the longest 'noted' yet."
card.ma03_02.text,"Your entries note the gauge every watch. Dray's did not, until his last year. The Book requires it weekly. For the record, you are more diligent than the Book asks. For the record, that is how it began with him."
card.ma03_02.left,"Weekly, then"
card.ma03_02.left_outcome,"""Noted."" You keep the daily figures in the Ledger instead. She knows."
card.ma03_02.right,The gauge is worth noting
card.ma03_02.right_outcome,"""It is. That is the difficulty."""
card.ma03_03.text,"Vosk wired Ardent after the inspection. Coded. I shouldn't have, but I can read the Ardent code now, and it said your name and then 'CURIOUS'. Just that. Is curious bad? It sounds bad."
card.ma03_03.left,It is not good
card.ma03_03.left_outcome,"""Oh. Oh no. Should I. What should I do?"" ""Nothing."" ""I'm bad at nothing."""
card.ma03_03.right,Send a wire after it: 'DILIGENT'
card.ma03_03.right_outcome,"He sends it, in Vosk's code, in Vosk's name. It is the bravest thing he has done. Ardent is confused for a month."
card.ma03_04.text,Three questions. You will answer or not; both are answers. Have you read the engineer's figures? Have you spoken to the boat-clans about the water? Have you been to the north bank at night?
card.ma03_04.left,Answer honestly
card.ma03_04.left_outcome,"You answer. She writes nothing. ""Noted. Thank you. That was not wise."""
card.ma03_04.right,Decline all three
card.ma03_04.right_outcome,"""Noted. That was wise. It was also an answer."""
card.ma03_05.text,"You want to know what I am watching for. I will tell you what I told Dray, exactly. I am watching for a Keeper who cares more about the water than the gate. The Company needs the gate. The water needs nobody."
card.ma03_05.left,The water needs someone
card.ma03_05.left_outcome,"""Noted."" A pause. ""That is what he said. Exactly that."""
card.ma03_05.right,Then I care about the gate
card.ma03_05.right_outcome,"""Noted. I have written it. I do not believe it. Neither do you."""
card.ma03_06.text,She's asked me for every wire you've ever sent. Copies. I said I don't keep copies. She said 'noted' in the voice. I have copies. Of everything. Do I give them to her or do I burn the office down? Those feel like the options.
card.ma03_06.left,Give her the copies
card.ma03_06.left_outcome,She reads them all. There is nothing in them. That is what saves you.
card.ma03_06.right,"Burn the copies, not the office"
card.ma03_06.right_outcome,"He burns them in the stove, shaking. Vosk sees the smoke. ""Noted."""
card.ma03_07.text,"The sluice house. You have looked at it. Everyone does. It is a disused valve house on the north bank. For the record, it is on the Board's list of structures not to be entered. For the record, I hold the key."
card.ma03_07.left,Why does a disused valve need a key?
card.ma03_07.left_outcome,"""Because it is on the list. You will find I did not write the list."" She has, though. Partly."
card.ma03_07.right,I have no interest in it
card.ma03_07.right_outcome,"""Noted."" She looks at you the way she looks at a wrong column."
card.ma03_08.text,"You were seen on the north bank at the third bell. By me. I was there for the same reason you were. I go every month. I have never once gone in. You will find that is the difference between us, so far."
card.ma03_08.left,Why do you go?
card.ma03_08.left_outcome,"""To make sure it is still closed. To make sure I still want it to be."""
card.ma03_08.right,So far
card.ma03_08.right_outcome,"""So far."" She does not deny it. She does not write it down."
card.ma03_09.text,"The Board has asked whether the sluice house should be 'made permanently secure'. Bricked. For the record, I have delayed answering for eleven years. For the record, I am asking you whether to answer now."
card.ma03_09.left,Brick it
card.ma03_09.left_outcome,"""Noted."" Masons come. The door is bricked. Something in her face closes with it."
card.ma03_09.right,Delay another year
card.ma03_09.right_outcome,"""Noted. Another year. It is what I would have said."""
card.ma03_10.text,An offer. Irregular. You stop asking about the water. I write 'reliable' in your file every quarter until one of us leaves. Nobody at this summit has ever been offered that. Nobody has needed it.
card.ma03_10.left,Accept
card.ma03_10.left_outcome,"""Noted."" She writes 'reliable'. You do not stop asking. She knows. She writes it anyway."
card.ma03_10.right,Refuse
card.ma03_10.right_outcome,"""Noted."" She does not write anything. That is worse."
card.ma03_11.text,"You will find I have been protecting you. Two Board queries about the summit have been answered by me, favorably, without your knowledge. You will find I did not do it for you. I did it because the next Keeper would be worse."
card.ma03_11.left,Thank her anyway
card.ma03_11.left_outcome,"""Do not. Noted."" She almost says something else."
card.ma03_11.right,Worse for whom?
card.ma03_11.right_outcome,"""For the water. You care about it. The next one would not. I find I have started to prefer that you do."""
card.ma03_12.text,"You have been dealing with the newspaperman. I know. He asked me for a comment on 'the Keeper's water figures'. For the record, I gave none. For the record, I am asking whether the figures were yours or Quenn's."
card.ma03_12.left,Mine
card.ma03_12.left_outcome,"""Noted. That was brave, and untrue. She will be grateful."""
card.ma03_12.right,Quenn's
card.ma03_12.right_outcome,"""Noted."" Quenn is transferred within the month. You did that."
card.ma03_13.text,"My verdict. The Board asked for one; here it is, unsent. 'The Keeper is the first since Dray to see what the summit is. Retain, and God help us.' I do not use that phrase. I used it. You will find I am on your side. Irregularly."
card.ma03_13.left,Send it
card.ma03_13.left_outcome,She sends it. Ardent is baffled. You have an auditor.
card.ma03_13.right,Burn it; send 'reliable'
card.ma03_13.right_outcome,"""Noted. Wiser. I am tired of wise."" She sends 'reliable' and keeps the other."
card.ma03_14.text,"My verdict. 'The Keeper is curious beyond the requirements of the post. Recommend removal at the Board's convenience.' I have written it. I have not sent it. You will find I am telling you so that you may leave first, with a reference."
card.ma03_14.left,Take the reference; ask for a month
card.ma03_14.left_outcome,"""A month. Noted."" She gives you the month. She does not send the verdict during it."
card.ma03_14.right,Send it; I stay
card.ma03_14.right_outcome,"""Noted."" She sends it. The Board does nothing for a long time. Then it does."
card.ma03_15.text,"No verdict. For the record, I have told the Board the review is 'ongoing'. It can be ongoing for years. It was for Dray. You will find this is neither protection nor threat. It is the only thing I know how to give."
card.ma03_15.left,Ongoing will do
card.ma03_15.left_outcome,"""Noted."" The file stays open. So does the door, a little."
card.ma03_15.right,I'd rather a verdict
card.ma03_15.right_outcome,"""Nobody would. Noted. Ongoing."""
card.ma04_01.text,Keeper! The Board wants a record. Not a good month; a record month. More vessels through the summit than any lock on the Meridian has ever passed. I have told them we shall do it. I have told them twice.
card.ma04_01.text_variant0,Keeper! The Board has noticed the queue. It has noticed loudly. I have promised them the queue will be gone by the month's end and the summit will set a record clearing it. I have promised twice.
card.ma04_01.left,A record it is
card.ma04_01.left_outcome,"""Magnificent!"" He shakes your hand as if the record were already set."
card.ma04_01.right,Safely or not at all
card.ma04_01.right_outcome,"""Safely. Yes. A safe record. The Board will not know the difference."" It will."
card.ma04_02.text,"A record month. I like records. My principals will send every barge they have to help you set it, on one condition: Sorrel boats first at every bell. Aldmere will complain. Aldmere always complains."
card.ma04_02.left,Sorrel first
card.ma04_02.left_outcome,Sorrel's fleet fills the pound. The record looks possible. Crane begins a document.
card.ma04_02.right,"In arrival order, as ever"
card.ma04_02.right_outcome,"""Fine. Half my fleet, then. Records are for people who bend."""
card.ma04_03.text,"Day one of the record. Twenty-two vessels. Magnificent, but not enough. The Board has sent a man to count. He has a very small notebook and a very large watch. He does not speak."
card.ma04_03.left,Ignore the counter; work the gate
card.ma04_03.left_outcome,He counts. You work. Twenty-six on day two.
card.ma04_03.right,Feed the counter well
card.ma04_03.right_outcome,"Ilse feeds him. He counts more slowly after lunch, and rounds up."
card.ma04_04.text,Inspections are costing you six vessels a day. Six. Waive them for the month. Crane will write to Aldmere. Aldmere will write to Ardent. Ardent will read it after the record is set and the Board is pleased.
card.ma04_04.left,Waive inspections
card.ma04_04.left_outcome,Six more a day. Crane inspects nothing and writes everything.
card.ma04_04.right,Inspections stand
card.ma04_04.right_outcome,"""Then the record's Aldmere's to lose. Fine. I'll say I tried."""
card.ma04_05.text,"Two boats a filling. The Sorrel pattern. I know the Company forbids it. I have read the prohibition. It was written in Year 20 by a man who never saw a modern hull. I am not ordering you, Keeper. I am telling you what a record requires."
card.ma04_05.left,Two boats a filling
card.ma04_05.left_outcome,Doubled. The chamber is never empty. Hulls kiss on the third day.
card.ma04_05.right,"One boat; it's a lock, not a mill"
card.ma04_05.right_outcome,"""A lock. Yes. I had forgotten, briefly, what it was."""
card.ma04_06.text,"Halfway through the month and halfway to the record. My principals are thrilled. They've sent a gift for the hands: Sorrel beer, forty casks. Ilse is furious. The hands are not."
card.ma04_06.left,Let the hands have the casks
card.ma04_06.left_outcome,Forty casks. The hands work faster and sing. Ilse does not speak to you for a week.
card.ma04_06.right,Sell them through the inn
card.ma04_06.right_outcome,"Ilse sells Sorrel beer at her prices, swearing. Everyone is nearly happy."
card.ma04_07.text,"I have written to Aldmere. Formally. Under the Compact. The summit has passed ninety vessels without inspection this month, and the letter says so, with dates. I am showing you the letter before I send it. I need not."
card.ma04_07.left,Send it
card.ma04_07.left_outcome,"""Duly."" Aldmere protests to Ardent. Ardent is busy being pleased about the record."
card.ma04_07.right,Hold it until the month ends
card.ma04_07.right_outcome,"""A week. I note that I am doing this, and that I should not."""
card.ma04_08.text,"I have inspected one vessel in twenty this month. In that one I found a crate of rifles under coal, unsealed. I have impounded it. I note that there were nineteen I did not inspect. I note that you know what that means."
card.ma04_08.left,Hold everything; inspect it all
card.ma04_08.left_outcome,The record dies in an afternoon. Crane finds two more crates. Pell is inconsolable.
card.ma04_08.right,Impound that one; the record continues
card.ma04_08.right_outcome,"""One in twenty. Duly. I shall record the nineteen as a number, since I cannot record them as anything else."""
card.ma04_09.text,"The Sorrel agent has offered me a 'consideration' to delay my letter. I have refused. I am telling you because I have never been offered one before, and because she offered it in your name. She said you would want it delayed."
card.ma04_09.left,I did not
card.ma04_09.left_outcome,"""I believed that. I note I am relieved."" He sends the letter that hour."
card.ma04_09.right,I did
card.ma04_09.right_outcome,"""Duly."" He does not send it. He does not dine at the adjoining table again."
card.ma04_10.text,"Night. Lamps on the gate, lamps on the boats, lamps on the towpath. The chamber has not been empty since dawn. A bargee asleep at his tiller goes through the gate on a boat steered by nobody."
card.ma04_10.left,Night passages stop tonight
card.ma04_10.left_outcome,The gate goes dark at the last bell. The record slows. Nobody drowns.
card.ma04_10.right,Post a hand on every boat
card.ma04_10.right_outcome,Company hands steer strangers' boats through the dark. It works. It should not.
card.ma04_11.text,Three days to the record and the pound is down four marks. The heavy barges are scraping. The hands have started to look at the gauge before they look at the queue.
card.ma04_11.left,"Light drafts only, till the end"
card.ma04_11.left_outcome,The record slips. The sills keep their stones.
card.ma04_11.right,Everything through; three days
card.ma04_11.right_outcome,Three days of scraping. A grain barge loses her rudder on the sill and blocks the chamber for a night.
card.ma04_12.text,"The last day. Dace has not slept. Quenn is inside the gear. Pell is on the dais with the Board's counter. The queue stretches out of sight. The chamber is filling with two boats in it, nose to tail, at speed."
card.ma04_12.left,Slow the filling
card.ma04_12.left_outcome,The boats rise gently. The record is missed by four. Pell sits down on the dais.
card.ma04_12.right,Full paddles
card.ma04_12.right_outcome,The boats rise fast. The rear one surges. There is a sound the whole town hears.
card.ma04_13.text,"A record, Keeper. A record! One hundred and forty-one vessels. The Board's counter has closed his small notebook and shaken my hand. Shaken it! There is a letter coming. I can feel the letter."
card.ma04_13.left,Take the credit
card.ma04_13.left_outcome,"The letter comes. It names you first. Pell pretends not to mind, magnificently."
card.ma04_13.right,Give the credit to the hands
card.ma04_13.right_outcome,The letter names 'the summit'. Dace gets a bonus. Pell frames the envelope.
card.ma04_14.text,"No record. Close. Magnificently close. The Board's counter has written 'creditable effort', which the Board does not frame. I am not angry, Keeper. I am something. I shall find the word by Tuesday."
card.ma04_14.left,Next month
card.ma04_14.left_outcome,"""Next month. Yes. There is always a next month, until the Board says otherwise."""
card.ma04_14.right,The gate is sound; that is the record
card.ma04_14.right_outcome,"""Sound. Yes. The Board does not count sound."" He does, later, alone."
card.ma04_15.text,"Two vessels in the chamber. One under the other. Stroud is down there. The Board's counter has written one word in his small notebook and left for Ardent. The word was 'inquiry'. Keeper, I gave that order. Did I?"
card.ma04_15.left,You did; I'll say so
card.ma04_15.left_outcome,"You say so, to Kell, in writing. Pell is scolded for nine pages. Nobody hangs."
card.ma04_15.right,I gave it
card.ma04_15.right_outcome,"""You did not. Magnificent. Foolish."" The inquiry has a name to write, and it is yours."
card.ma05_01.text,I have to tell someone. There's a drawer in my office. In it is a copy of Marrow's Year 6 survey. I've had it six years. I've read the tables. I've never read the conclusions. Sorry. I'm frightened of the conclusions.
card.ma05_01.left,Read them together
card.ma05_01.left_outcome,"""Yes. Yes. Tonight. Bring a lamp. Two."""
card.ma05_01.right,Give me the drawer key
card.ma05_01.right_outcome,"She gives it. Her hand shakes. ""Don't read it in front of me."""
card.ma05_02.text,"Page forty. 'The Ninefold Reservoirs, at maximum, will sustain the Summit Pound for two summers in three.' Two in three. It's in her own hand. It was never enough. It was never meant to be."
card.ma05_02.left,Then what fills it in the third summer?
card.ma05_02.left_outcome,"""Nothing in the survey. Nothing. There's a page missing after forty. Cut, not torn."""
card.ma05_02.right,Perhaps the reservoirs were enlarged
card.ma05_02.right_outcome,"""They weren't. I've measured them. Roughly. Exactly."""
card.ma05_03.text,"The missing page. There's a note in the margin of forty-one, tiny, in Marrow's hand: 'see S.H. sect. 4'. S.H. Sorry. I don't know what S.H. is. I've been not knowing for six years."
card.ma05_03.left,Sluice house
card.ma05_03.left_outcome,"""Oh."" A very long pause. ""Oh, that's why it's on the list."""
card.ma05_03.right,Someone's initials
card.ma05_03.right_outcome,"""I checked the rolls. There's nobody. There was never anybody."""
card.ma05_04.text,"I want to walk the aqueduct. All of it, from Cald Tarn to the pound. Nobody has since the Dry Year. It's a day. If it's dry where it should be wet, we'll know. If it's wet where it should be dry, we'll know something else."
card.ma05_04.left,Walk it with her
card.ma05_04.left_outcome,"A day on the Spine. The aqueduct is a trickle for six miles. The pound, when you return, has fallen its usual mark and no more."
card.ma05_04.right,Send Mirren with her
card.ma05_04.right_outcome,They go together. Mirren comes back and does not speak. Quenn comes back and does not stop.
card.ma05_05.text,"Cald Tarn. The lake that feeds the aqueduct. It's full. Full, and the aqueduct's dry, because the sluice at the tarn was closed. By hand. Recently. Someone closed the Company's own aqueduct and the pound didn't notice."
card.ma05_05.left,Open the tarn sluice
card.ma05_05.left_outcome,You open it. The aqueduct runs. The pound rises a finger. A finger. From a full lake.
card.ma05_05.right,Leave it; see who closed it
card.ma05_05.right_outcome,You wait a night. A Company man comes up from Halfway with a lamp and checks the sluice is shut. Vosk's man.
card.ma05_06.text,"Vosk asked where I was yesterday. I said the aqueduct. She said 'noted'. Then she asked whether I'd found the tarn sluice 'in good order'. She knew, Keeper. She knew before she asked. Sorry. I'm going to be sick."
card.ma05_06.left,Tell Vosk it was your order
card.ma05_06.left_outcome,"You tell her. ""Noted. Then the engineer was obeying orders. Good."" She writes your name, not Quenn's."
card.ma05_06.right,Say nothing; wait
card.ma05_06.right_outcome,"Vosk says nothing more. Quenn does not sleep. Neither, now, do you."
card.ma05_07.text,I understand the engineer has been walking aqueducts. I note that I have been counting water for six years and have told nobody. I note that two people counting alone is a coincidence and two together is evidence. Shall we be evidence?
card.ma05_07.left,Bring Crane in
card.ma05_07.left_outcome,Crane and Quenn compare six years of figures. They match to the sixteenth of a mark. Crane says 'duly' and sits down.
card.ma05_07.right,Keep Aldmere out of it
card.ma05_07.right_outcome,"""Duly. I shall continue to count alone. It is what I am for."""
card.ma05_08.text,"The figures show the pound loses one mark per watch regardless of inflow, and gains nothing from the aqueduct. Something else feeds it and something else drains it. The Compact has no schedule for 'something else'. I have begun drafting one."
card.ma05_08.left,Draft it
card.ma05_08.left_outcome,"Schedule Nine, revised: 'joint declaration of material fact regarding the water'. It is a weapon disguised as a form."
card.ma05_08.right,A form won't fill the pound
card.ma05_08.right_outcome,"""No. It will make someone say why it is empty. That is what forms are for."""
card.ma05_09.text,"The Aldmere inspector and the Company engineer have been dining together with papers. I have not read the papers. For the record, I know what is in them. For the record, I am asking you to end the dinners."
card.ma05_09.left,End them
card.ma05_09.left_outcome,You tell Crane and Quenn to stop. They stop dining. They do not stop counting.
card.ma05_09.right,Join them
card.ma05_09.right_outcome,"""Noted."" Three at the table now. Vosk watches from the Company house and does not report it. Yet."
card.ma05_10.text,"Two explanations. One: the reservoirs leak and the Company hides it. Drought, badly managed. Two: something else feeds the pound and is failing. The figures fit both. Only one fits the missing page. Which do we say?"
card.ma05_10.left,"Drought, badly managed"
card.ma05_10.left_outcome,"""Safer. Yes. Roughly true. Not true."" She writes it up. It is very good and it is wrong."
card.ma05_10.right,"Something else, failing"
card.ma05_10.right_outcome,"""Then we need to know what."" She looks toward the north bank. So do you."
card.ma05_11.text,"If something under the north bank feeds the pound, then Marrow built it and hid it, and the missing page said so. And the Company has known since the Dry Year, and Vosk knows, and Dray found out. Sorry. All at once."
card.ma05_11.left,"Say it again, slowly, to the Ledger"
card.ma05_11.left_outcome,She dictates it. You write it. It is the first time the whole shape of it has been on paper since Year 6.
card.ma05_11.right,Don't say it again to anyone
card.ma05_11.right_outcome,"""No. No. I'll put it in the drawer."" The drawer is very full."
card.ma05_12.text,"The engineer has written a report. I have read it. It is very good. It is wrong in one respect: it says 'drought'. You will find I am relieved it says drought. You will find I am also, irregularly, disappointed."
card.ma05_12.text_variant0,"The engineer has written a report. I have read it. It does not say drought. It says what the missing page said. You will find that if this report leaves the summit, the summit as you know it ends. You will find I am not threatening. I am describing."
card.ma05_12.left,It will not leave the summit
card.ma05_12.left_outcome,"""Noted."" She does not take the report. She leaves it with you, which is a kind of trust."
card.ma05_12.right,It will
card.ma05_12.right_outcome,"""Noted."" She stands a long time at the door. ""Then I hope it is a good report."""
card.ma05_13.text,It's finished. The report. Crane will seal it under the Compact. Hesse will print it both sides in the same watch. Or I burn it and we've spent six years learning something nobody will ever know. Sorry. It's your gate. Say.
card.ma05_13.left,Publish it
card.ma05_13.left_outcome,Crane's seal. Hesse's press. By evening both shores have the figures and the missing page's shape.
card.ma05_13.right,Not yet; keep it safe
card.ma05_13.right_outcome,"""Not yet. Right. I've got a drawer."" She has. It is the safest place at the summit, because Vosk has already read it."
card.ma05_14.text,"The drought report. It's ready. It's honest about everything except the one thing. If I send it the Board will thank me and blame the weather and nothing will change. If I don't, nothing will change either. Sorry. I don't know which nothing is worse."
card.ma05_14.left,Send it
card.ma05_14.left_outcome,The Board thanks her. It blames the weather. It commissions a tenth reservoir. The pound falls a mark a watch.
card.ma05_14.right,Burn it; start again with the truth
card.ma05_14.right_outcome,"""Burn it. Right."" She burns it. She starts again the same night, on page forty-one."
card.ma05_15.text,"They've transferred me. Ardent. Reservoirs. Effective this watch. Vosk delivered it herself and said 'noted' and then, very quietly, 'I am sorry'. I've emptied the drawer into this bag. It's yours. Don't let it be nobody's."
card.ma05_15.left,Take the bag
card.ma05_15.left_outcome,"Six years of figures in a canvas bag. She goes down the flight without looking back, because she cannot."
card.ma05_15.right,Give it to Crane
card.ma05_15.right_outcome,Crane takes it under the Compact. It is the safest bag on the canal. Quenn goes east.
card.ma06_01.text,The reeve's moot has voted the Reach a 'temporary mooring' with a fee. Temporary. We have held the Reach since the pound was dug. We ask the gate whether eighty years is temporary.
card.ma06_01.text_variant0,You stood with us at the remembering. The town has answered it: the moot has voted the Reach a 'temporary mooring' with a fee. We ask the gate whether it will stand with us twice.
card.ma06_01.left,Uphold the holding; no fee
card.ma06_01.left_outcome,"The moot is furious. The Reach is not grateful, exactly. It is watching."
card.ma06_01.right,The town sets its fees
card.ma06_01.right_outcome,"""So. A wall this year. We remember which years."""
card.ma06_02.text,We do not say 'water debt' to charter men. We say 'mooring dispute'. It is a smaller thing and they understand it. The gate has heard us say the larger thing. We ask whether the gate wishes to understand it.
card.ma06_02.left,I wish to
card.ma06_02.left_outcome,"""Then come to the Reach when the old singer sings. Not before."""
card.ma06_02.right,Moorings I can settle; debts I cannot
card.ma06_02.right_outcome,"""Honest. We shall settle the mooring, then, and hold the debt."""
card.ma06_03.text,"You've taken the Reach's side on the moorings. Fine. Half the town's saying you've gone Hullfolk. The other half's asking what a water debt is, because Bram used the words at the moot and nobody knew them."
card.ma06_03.left,Ask Bram to explain it at moot
card.ma06_03.left_outcome,He comes. He speaks for ten minutes. Nobody understands. Nobody forgets.
card.ma06_03.right,It's a Hullfolk matter
card.ma06_03.right_outcome,"""Everything's a Hullfolk matter till it floods my cellar."""
card.ma06_04.text,"Bram says you may come to the remembering. He has never said it of a Keeper. It is one night, no fire, names over the water from dusk to dawn. Forty names. Then one more that is not a person's. Come, or do not. We sing either way."
card.ma06_04.left,Come
card.ma06_04.left_outcome,"Forty names. Then: 'and the Quell, that went into the hill'. Nobody explains. Nobody needs to."
card.ma06_04.right,Not this year
card.ma06_04.right_outcome,"""Next year, then. If there is a Reach next year."""
card.ma06_05.text,"You heard the last name. The one that is not a name. It was a river, and we lived beside it, and one year it went into the hill and did not come out. We followed it here. That is who we are."
card.ma06_05.left,Where was the river?
card.ma06_05.left_outcome,"""West. Lowmere. A valley. Dry now. Go and see, if you doubt an old woman."""
card.ma06_05.right,Why did it go into the hill?
card.ma06_05.right_outcome,"""Ask the hill. Ask the charter men who dug it. We only sing what happened."""
card.ma06_06.text,You stood with us all night. The town saw. We do not thank; it is not our way. We say instead: the debt we speak of is not coin. It is water. It was ours. We ask the gate to hold the thought.
card.ma06_06.left,I hold it
card.ma06_06.left_outcome,"""Then we are two."""
card.ma06_06.right,Water belongs to nobody
card.ma06_06.right_outcome,"""So the charter men said, once. Then they put it in a canal and charged for it."""
card.ma06_07.text,"The old woman's going to sing the whole thing. All the verses. She's never done it for anyone off the Reach. She's doing it for you, which means the old man asked her, which means something's changed. Come at dusk. Don't bring a lamp."
card.ma06_07.left,"Come at dusk, no lamp"
card.ma06_07.left_outcome,"Six verses. A river, a valley, men with picks, a hill that drank, a door, a key that is a number. The tenth mark."
card.ma06_07.right,Ask her to sing at the gate
card.ma06_07.right_outcome,"""At the gate. Right. I'll ask. She'll say no. She said yes."" Six verses at the sill. The town hears."
card.ma06_08.text,"So now you know. River, valley, hill, door. I've known since I was six and never cared. It was a song. Now there's a Keeper who's heard it and I find I care, and I don't like it. What are you going to do with it?"
card.ma06_08.left,Find the door
card.ma06_08.left_outcome,"""Right. Then I'm coming. Don't argue."""
card.ma06_08.right,Nothing yet; know it first
card.ma06_08.right_outcome,"""Knowing. Yes. The old man's done forty years of knowing. See how it suits you."""
card.ma06_09.text,"I have sung it now. It is yours as much as ours. There is one verse I did not sing. It names the place where the river comes out. Bram says it is his to give, not mine. He is right. He is also afraid."
card.ma06_09.left,Respect Bram's verse
card.ma06_09.left_outcome,"""Good. He will give it when he gives it."""
card.ma06_09.right,Sing it anyway
card.ma06_09.right_outcome,"She sings it, very quietly. 'Below the stone house, where the clear water runs.' She does not look at you."
card.ma06_10.text,We have decided. Come to the north bank at the third bell. Bring no charter man. Bring the Dray girl if you like; she has the right. We will show the gate where the river comes out of the hill. We have never shown anyone.
card.ma06_10.left,Go alone
card.ma06_10.left_outcome,"Below the sluice house, in the dark: a boil of cold water. Iron on the tongue. The Quell."
card.ma06_10.right,Bring Mirren
card.ma06_10.right_outcome,Mirren kneels at the water and puts her hand in it and does not take it out for a long time.
card.ma06_11.text,"You have seen it. Now you know what we know, and more, because you can read their books and we cannot. We ask the gate one thing, and we have never asked it: is there a way to give the river back?"
card.ma06_11.left,There is a sluice; Marrow built it
card.ma06_11.left_outcome,"""A door. The song says a door. So it is true all the way down."""
card.ma06_11.right,I don't know yet
card.ma06_11.right_outcome,"""Yet. We have waited eighty years on 'yet'. We can wait a season on yours."""
card.ma06_12.text,"If the river went back, this pound would be a road. The town would shrink. Our young ones would go home to a valley they have never seen. We do not know if that is justice. We know it is the debt."
card.ma06_12.left,The debt should be paid
card.ma06_12.left_outcome,"""Then say so when it matters. Not to us. To them."""
card.ma06_12.right,The town is owed something too
card.ma06_12.right_outcome,"""It is. Eighty years of someone else's water. We do not say it is simple."""
card.ma06_13.text,"The moot sits tonight on the moorings again. We will come. We will say the words 'water debt' and we will say what they mean, in the town's own hall, for the first time. We ask the gate to stand beside us when we say it."
card.ma06_13.left,Stand beside them
card.ma06_13.left_outcome,"Bram speaks. He names the river. The hall is silent. Ilse, at the end, says 'the moot will consider'. It is the most anyone has ever said."
card.ma06_13.right,Speak for them yourself
card.ma06_13.right_outcome,"You name the river to the town. The town looks at the Reach differently after, and at you."
card.ma06_14.text,"The debt is named. Whatever comes, it has been said aloud at the summit, in the town's hall, with a Keeper standing. That has not happened in eighty years. We do not thank. We give. Petronel's fiddle. It has one string. It is enough."
card.ma06_14.left,Take the fiddle
card.ma06_14.left_outcome,One string. You cannot play it. You keep it on the study wall where the oilskin hangs.
card.ma06_14.right,It should stay with the Reach
card.ma06_14.right_outcome,"""It should. We wanted to see if you would say so."""
card.ma06_15.text,"The Reach is emptying. The charter men's order, or the town's, or the water's; it does not matter whose. We are going down the west flight. The song goes with us. We did not finish telling it to the gate. Perhaps the next gate."
card.ma06_15.left,Ask for the last verse before they go
card.ma06_15.left_outcome,Petronel sings it from the stern as the boat drops out of sight. You have it. Barely.
card.ma06_15.right,Let them go in silence
card.ma06_15.right_outcome,Forty boats down the flight in silence. The town watches from the bank. Nobody sings at the summit again.
card.ma07_01.text,"You know about the reed cargo. Fine. Here's the rest: it's not cheese. It's long, it's oiled, it comes in fours, and it's going east to men who don't grow anything. I've moved it for a year. I'm asking whether I keep moving it."
card.ma07_01.left,Stop
card.ma07_01.left_outcome,"""Stopped. They'll find someone else. Someone worse. Remember I said."""
card.ma07_01.right,Keep moving it; I'll watch
card.ma07_01.right_outcome,"""Watch. Right. Watching's what he did too."""
card.ma07_02.text,"A crate came through the reeds last night that wasn't mine. Somebody's using my route without me. That's not business, that's an insult. It's also a problem, because they don't know the shallows and they'll ground where Crane can see."
card.ma07_02.left,Let them ground
card.ma07_02.left_outcome,"They ground. Crane finds rifles in the morning, and does not know whose route it is."
card.ma07_02.right,Warn them off; keep the route quiet
card.ma07_02.right_outcome,Wren warns them. They stop using her route. They start using the gate.
card.ma07_03.text,A Sorrel barge declares 'agricultural implements'. Forty long crates. The bargee has the Sorrel Escort Company's seal and no other. Crane is at his post. He has seen the crates. He has not yet seen the seal.
card.ma07_03.left,Send it to Crane
card.ma07_03.left_outcome,Crane refuses the second seal. The barge sits in the pound. Solas appears within the hour.
card.ma07_03.right,One seal will serve
card.ma07_03.right_outcome,The barge passes. Crane sees it go. He writes the time.
card.ma07_04.text,Yes. They're mine. I buy them from the girl and I pass them to men I don't like for reasons I don't share. I was ordered to. I'm telling you because you've worked it out and I'd rather you heard it from the man than the crate.
card.ma07_04.left,Who are they for?
card.ma07_04.left_outcome,"""Sorrel men who want a different Sorrel. Quickly. With those."""
card.ma07_04.right,Stop buying them
card.ma07_04.right_outcome,"""Then I'm replaced by someone who doesn't ask the girl to be careful."""
card.ma07_05.text,Vane pays me. Vane's principals pay Vane. Vane's principals are the men the rifles are for. She doesn't know that. I think she doesn't know that. I'd like her to hear it from someone who isn't me. I'd like it to be you.
card.ma07_05.left,Tell Vane
card.ma07_05.left_outcome,"Vane goes white, then red, then very quiet. ""My principals. Right."" She does not sleep that night."
card.ma07_05.right,She should hear it from you
card.ma07_05.right_outcome,"""She should. I won't. That's the sort of man I am."" He does, eventually, badly."
card.ma07_06.text,"There's a convoy coming. Six boats, my men, and under the coal the last of it. Enough for what they want. After that it doesn't matter what you or I do. This is the last gate it goes through. I wanted you to know how many there were."
card.ma07_06.left,When?
card.ma07_06.left_outcome,"""Nine days. I'll be at the head of it. Whatever you decide, don't decide at the gate."""
card.ma07_06.right,Turn it back yourself
card.ma07_06.right_outcome,"""I can't. I've said. I can be slow. That's all I've got."""
card.ma07_07.text,"I have counted the seals on Sorrel Escort cargo this quarter. Forty-one crates bore one seal. Mine was on none. Under Schedule Four, each is a breach. Under Schedule Four, I must report. I am telling you first. I am always telling you first."
card.ma07_07.left,Report it
card.ma07_07.left_outcome,"""Duly."" Aldmere is told. Aldmere sends a cutter. Solas sees it and goes very still."
card.ma07_07.right,Give me the convoy first
card.ma07_07.right_outcome,"""One convoy. Duly. I note this is the last thing I hold for you."""
card.ma07_08.text,"I will not seal arms for any faction. That is what I am for. If the convoy comes and you pass it, the Compact is a dead letter and I am a man in a black coat with a book. Which do you want at your gate?"
card.ma07_08.left,The Compact
card.ma07_08.left_outcome,"""Then I shall stand at my post when it comes. I have never stood at it for anything."""
card.ma07_08.right,A man with a book will do
card.ma07_08.right_outcome,"""Duly."" He does not stand at the post. He is there anyway, with the book."
card.ma07_09.text,My principals want the convoy through and they've told me to make sure. I've never been told to make sure before. I don't know what 'sure' costs. I know I don't want to pay it. Delay costs. This costs more.
card.ma07_09.left,Refuse your principals
card.ma07_09.left_outcome,"""Refuse. Right. That's the end of me in Sorrel."" She writes the letter anyway."
card.ma07_09.right,Make sure; keep your post
card.ma07_09.right_outcome,"""Make sure."" She does. She is very good at it. She hates every minute."
card.ma07_10.text,"The convoy's in the pound. Six boats. Solas at the head, not looking at anyone. Crane at his post with his book. My principals' coin in my pocket. Your gate. Everyone's looking at the gate."
card.ma07_10.left,Open the gate
card.ma07_10.left_outcome,Six boats down the east flight. Crane writes. Solas does not look back. Vane is sick over the wharf rail.
card.ma07_10.right,The gate is closed
card.ma07_10.right_outcome,You close it. Solas's men look at Solas. Solas looks at the water. Nobody moves.
card.ma07_11.text,I have an order in my pocket that says force the gate. I have twelve men who'll do it if I say. I'm not saying. I'm standing here. My sergeant's asking me why. Tell me something I can tell him.
card.ma07_11.left,Tell him the Keeper has the Compact
card.ma07_11.left_outcome,"He tells the sergeant. The sergeant looks at Crane's book. It is enough, barely."
card.ma07_11.right,Tell him I'll buy the coal
card.ma07_11.right_outcome,You buy six boats of coal. The rifles under it stay in the pound. Nobody says the word.
card.ma07_12.text,The convoy is held. I have inspected every crate and sealed none. Under the Compact they are impounded pending both shores. Both shores will argue for a year. I note that this is the Compact working. I note that I am very tired.
card.ma07_12.left,Warn Aldmere what they were for
card.ma07_12.left_outcome,Aldmere learns of the coup faction. Sorrel's government learns Aldmere knows. Something in Sorrel goes quiet.
card.ma07_12.right,Impounded is enough
card.ma07_12.right_outcome,"""Duly. Enough."" He goes to bed for the first time in three days."
card.ma07_13.text,I've been relieved of command. Wired this morning. The men are to go west under my sergeant. I'm to stay and 'await instructions'. There won't be any. I've been given the summit as a punishment. I find I don't mind.
card.ma07_13.left,"Stay, then; the gate could use you"
card.ma07_13.left_outcome,"""The gate. Right."" He takes a room at the Wheel. He turns paddles when Dace is short. He is, somehow, content."
card.ma07_13.right,Go west with your men
card.ma07_13.right_outcome,"""Can't. Orders. First order I've been glad of."" He stays anyway."
card.ma07_14.text,News from Sorrel. There's been shooting in the capital. Not much. Enough. The rifles that went through your gate are in it. I'm not blaming you. I'm the one who bought them. I wanted you to hear the number. It's eleven.
card.ma07_14.left,Eleven
card.ma07_14.left_outcome,"""Eleven."" He does not say anything else for a week."
card.ma07_14.right,Fewer than if you'd forced it
card.ma07_14.right_outcome,"""It would. That's the sort of arithmetic I'm good at. I hate it."""
card.ma07_15.text,"Whatever came of the convoy, you and I are the two men at this summit who know what was under the coal. Crane knows. Wren knows. That's four. Four's enough to hold a towpath, if it ever comes to that. I don't think it will. If it does."
card.ma07_15.left,Four is enough
card.ma07_15.left_outcome,"""Four's enough."" It becomes a phrase between you."
card.ma07_15.right,Let's hope it never comes to that
card.ma07_15.right_outcome,"""Hope. Right. I've done a lot of hoping. Some of it worked."""
card.ma08_01.text,The pound's over the eighth mark and every cellar on the low street has water in it. Mine has a foot. I've the moot in my bar with wet boots asking what the Keeper's doing about it. What's the Keeper doing about it?
card.ma08_01.left,"Running the paddles full, now"
card.ma08_01.left_outcome,Water thunders down the east flight. Lock 8 curses. The cellars begin to drain.
card.ma08_01.right,Sandbags and town labor
card.ma08_01.right_outcome,Every hand on the low street with a sack. The water stays where it is. So do the sacks.
card.ma08_02.text,"The well's overflowing. Not the pound; the well. In my cellar. It comes up through the floor when the pound's high and I've never told anyone why because I don't know why. Now there's a Keeper in my cellar with a lamp, so tell me."
card.ma08_02.left,The well is the pound
card.ma08_02.left_outcome,"""The same water. I've sold Company water as spring water for twenty years."" She laughs. It is not a happy sound."
card.ma08_02.right,Ask Quenn to look
card.ma08_02.right_outcome,"Quenn looks, goes red, says 'roughly, yes, the pound'. Ilse pours everyone a drink of it."
card.ma08_03.text,Cole's sent round a notice: any tenant whose cellar floods twice this season loses the cellar. Not the house; the cellar. She'll rent them back as 'storage'. The moot wants the Keeper to tell her she can't. She can.
card.ma08_03.left,Tell her the Company objects
card.ma08_03.left_outcome,"The Company does not object. Cole knows that. She withdraws the notice anyway, for the look of it."
card.ma08_03.right,Keep the cellars dry instead
card.ma08_03.right_outcome,Paddles full for a week. The cellars dry. Lock 8's Keeper writes to Ardent.
card.ma08_04.text,The undercroft is under. The whole of it. I have never let anyone down there and now nobody can go. There are things in the far corner. I have tended them twenty years without touching them. I am asking the Keeper to lower the pound.
card.ma08_04.left,Lower it for the chapel
card.ma08_04.left_outcome,You run the paddles two days for a chaplain's undercroft. The town wonders. The water goes down.
card.ma08_04.right,What things?
card.ma08_04.right_outcome,"""Papers. The founding. Nothing that would interest a Keeper."" Everything that would."
card.ma08_05.text,"The water in the undercroft is going down. I went to the third step with a lamp and stopped. Whatever is in the corner, I cannot be the one to bring it up. I have tended it too long."
card.ma08_05.left,Go down yourself
card.ma08_05.left_outcome,"A chest, iron-strapped, on a stone shelf just above the water. Letters. An engineer's hand."
card.ma08_05.right,Send Mirren
card.ma08_05.right_outcome,Mirren goes down with a lamp and comes up with a chest and a face like the sill gauge.
card.ma08_06.text,You have the chest. I have not asked for it back. I will not. I ask only this: read them in order. She wrote them in order. The last one is the one that matters and nobody who reads them out of order gets that far.
card.ma08_06.left,Read them in order
card.ma08_06.left_outcome,"You read. Year 8, the cut begun. Year 10, the chapel founded 'to tend what I have given'. Year 11, the last. You stop before it."
card.ma08_06.right,Read the last one first
card.ma08_06.right_outcome,"'If the sluice fails, tell them nothing. Let them have the water.' You have read the end. Now the beginning makes sense, and hurts more."
card.ma08_07.text,"Six cases of the shakes on the low street this week. All from houses with flooded cellars. All from houses that drink the brewery well. I have tested the well. It is the pound. The pound has something in it, since the high water. Iron, and worse."
card.ma08_07.left,Close the well
card.ma08_07.left_outcome,Ilse closes the brewery. The town drinks Sorrel beer and blames you. The shakes stop.
card.ma08_07.right,Boil it and carry on
card.ma08_07.right_outcome,"Ilse boils it. Most of the town recovers. Two do not, quite."
card.ma08_08.text,"The 'worse' in the water is hill-silt. Clay. It comes only when the pound is high, and from the north bank, not the aqueduct. I know what dirt tastes like. This is dirt from inside a mountain."
card.ma08_08.left,Tell Quenn
card.ma08_08.left_outcome,"Quenn tastes it. ""The Spine. Yes. That's the Spine."" She sits down."
card.ma08_08.right,Keep it between us
card.ma08_08.right_outcome,"""As you like. I keep a great many things between us and my patients."""
card.ma08_09.text,Ilse asked me to say the well was safe. It is not; nor very dangerous. I told her the truth. She has not spoken to me since. Twenty years of friendship. That is what the truth costs here.
card.ma08_09.left,Speak to Ilse for her
card.ma08_09.left_outcome,"You do. Ilse says 'she's right, that's the trouble'. They are friends again by the week's end."
card.ma08_09.right,The truth was right
card.ma08_09.right_outcome,"""It was. It usually is. It is rarely kind."""
card.ma08_10.text,"You have read the letters. So the chapel has kept the Cut's secret seventy years, and the gift I bless every month is a theft. Say it. I would like to hear it in someone else's voice."
card.ma08_10.left,The gift is a theft
card.ma08_10.left_outcome,"""Yes."" She sits in the last pew. ""And it fed the town. Both. Both at once. I have never found a hymn for that."""
card.ma08_10.right,The gift is what it did
card.ma08_10.right_outcome,"""That is what I decided, twenty years ago. It is a comfort to hear it in another voice. It is not a proof."""
card.ma08_11.text,"Vosk has been to the chapel. She asked whether the chest was 'intact'. I said it was where it had always been, which is true, and empty, which I did not say. She looked at me a long time."
card.ma08_11.left,Return the letters to the undercroft
card.ma08_11.left_outcome,"Back in the chest, in order. Vosk checks the next month. ""Intact."" She does not say noted."
card.ma08_11.right,Keep them; the Ledger is safer
card.ma08_11.right_outcome,"The letters go in the Ledger. Vosk checks the chest. ""Noted."" It is a long one."
card.ma08_12.text,"The last letter. You have not read it, or you have read it and not understood. She wrote it the night before the roof came down on her. It says what she wanted done if the sluice failed. It has failed. It is failing. Read it."
card.ma08_12.left,Read it
card.ma08_12.left_outcome,"'Tell them nothing. Let them have the water, and the town, and eighty years. Then let someone braver than me choose.' You are the someone."
card.ma08_12.right,Read it to me
card.ma08_12.right_outcome,She reads it aloud in the empty chapel. Her voice does not shake until the last line.
card.ma08_13.text,"The chapel's founding charter is in my family's deeds. My grandfather witnessed it. I have read it, of course; I read everything I own. It thanks a donor for 'the water I have given'. I mention it because you look like someone who has just read letters."
card.ma08_13.left,Show me the charter
card.ma08_13.left_outcome,Marrow's signature. Cole's grandfather's. And a clause: the chapel to 'tend the spring and ask nothing of it'. Ask nothing.
card.ma08_13.right,Give the charter to Hale
card.ma08_13.right_outcome,"Cole gives it, kindly, for a consideration. Hale reads it in the last pew and does not come out till dark."
card.ma08_14.text,"The flood is down and the cellars are drying and I have a list of tenants who cannot pay. I would like the Keeper to know I intend to be kind. I would like the Keeper to know kindness, from me, has a ledger of its own."
card.ma08_14.left,Pay their arrears from the Coffers
card.ma08_14.left_outcome,"You pay. Cole records it. The low street knows who paid, because Cole tells them."
card.ma08_14.right,Be kind on your own account
card.ma08_14.right_outcome,"""On my account. Kindly. Very well."" She is. She never lets them forget it."
card.ma08_15.text,The water has gone down and the chapel goes on. I will bless the vessels on the first of the month. I would like you to stand where Vosk stands. The last pew. Somebody should.
card.ma08_15.left,Stand in the last pew
card.ma08_15.left_outcome,"You stand where Vosk stands. She comes in and sees you there and, for once, sits beside someone."
card.ma08_15.right,"Stand at the gate, as ever"
card.ma08_15.right_outcome,"""As ever. We tend what we can reach."""
card.ma09_01.text,"You'll never guess. Vosk keeps a file that isn't in the Company house. In the telegraph office. My office. Locked drawer, her key. Since Year 31, by the label. I've never opened it. I've thought about it every day for six years."
card.ma09_01.left,Keep thinking; don't open it
card.ma09_01.left_outcome,"""Right. Right. Not opening it. I'm very good at not."" He is not."
card.ma09_01.right,Find out what's in it
card.ma09_01.right_outcome,"""Find out. Right. How?"" You do not know yet. He looks delighted and terrified."
card.ma09_02.text,"Rumor, unprinted: the summit auditor keeps a file the Board has never seen. Rumor, also unprinted: it's why she's never been promoted. I don't print rumor. I collect it. I'm collecting yours. Do you have one?"
card.ma09_02.left,I've heard the same
card.ma09_02.left_outcome,"""Two rumors is a lead. Three is a story. Find me a third."""
card.ma09_02.right,Nothing for you
card.ma09_02.right_outcome,"""Nothing. Everyone says nothing. Nothing is very loud, Keeper."""
card.ma09_03.text,"The drawer's label says 'Y31 - S.H. - EYES BOARD ONLY'. And it's in a telegraph office at the top of a canal, not in Ardent. Either the Board doesn't want it, or somebody didn't want the Board to have it."
card.ma09_03.left,Somebody didn't want the Board to have it
card.ma09_03.left_outcome,"""Vosk. It's Vosk's writing on the label. She's kept it from them."" He sits down."
card.ma09_03.right,The Board doesn't want it
card.ma09_03.right_outcome,"""Then why's she kept it?"" A very good question."
card.ma09_04.text,"I've got a locksmith in Sorrel who owes me. He could open a drawer in an afternoon, copy what's in it, and lock it again. Vosk would never know. I'd never print it without your word. I'm asking for your word to try."
card.ma09_04.left,Try
card.ma09_04.left_outcome,The locksmith comes as a bargee. Fennick is sick twice. The drawer opens. The copy takes three hours.
card.ma09_04.right,Not like that
card.ma09_04.right_outcome,"""Not like that. Fine. Like what, then?"" You do not know. Yet."
card.ma09_05.text,I did it. I opened it. I had the drawer out and the file in my hands and I read the first page and I put it back and I've been sick and I'm sorry. The first page says 'the Marrow Cut'. And a date. Year 31. And 'collapse'.
card.ma09_05.left,You did well
card.ma09_05.left_outcome,"""I did? I didn't feel well."" He almost smiles."
card.ma09_05.right,Never do that again
card.ma09_05.right_outcome,"""Never. Right. I won't. I've got the first page memorized though. Sorry."""
card.ma09_06.text,"I've read the copy. All of it. Keeper, this isn't a story. This is the story. A tunnel through the Spine. A stolen river. A drowned engineer. Fifty years of a Board that knew. I could end the Company with forty column inches. I'm asking whether I should."
card.ma09_06.left,Not yet
card.ma09_06.left_outcome,"""Not yet. Right. I'll hold it. I've never held anything this heavy."""
card.ma09_06.right,Never; give me the copy
card.ma09_06.right_outcome,He gives you the copy. He keeps a copy of the copy. You both know.
card.ma09_07.text,"A document has been shown to me. I shall not say by whom. It describes a diversion of the River Quell through the Spine into the Summit Pound, constructed without either shore's consent. If true, the Compact was signed over a lie. I note that I am shaking."
card.ma09_07.left,It is true
card.ma09_07.left_outcome,"""Then under Schedule Nine I am obliged to declare it. I have never been obliged to anything so large."""
card.ma09_07.right,It is unproven
card.ma09_07.right_outcome,"""Unproven. Duly. Then I shall prove it, or not. I have the figures. I have always had the figures."""
card.ma09_08.text,"Here's the thing about a story this size. Whoever prints it first owns it. If Aldmere's Guilds get it, it's a war. If Sorrel's Assembly gets it, it's a purchase. If I get it, it's a newspaper. I'm the least bad. I'm asking you to agree."
card.ma09_08.left,You're the least bad
card.ma09_08.left_outcome,"""Least bad. I'll have that on my stone."""
card.ma09_08.right,Crane under the Compact is better
card.ma09_08.right_outcome,"""A form. You'd rather a form than a front page. Fine. I'll print the form."""
card.ma09_09.text,"A question of leverage. The auditor has hidden this from her own Board for eleven years. That is either treason to the Company or loyalty to something larger. I note that if we approach her with it, we must know which before we knock."
card.ma09_09.left,Loyalty to something larger
card.ma09_09.left_outcome,"""Then she may be an ally. Duly. I have never had one."""
card.ma09_09.right,Treason; she's vulnerable
card.ma09_09.right_outcome,"""Then she is a lever. I note I do not like levers. I note I shall use one."""
card.ma09_10.text,"I've set the type. THE RIVER UNDER THE HILL. Both shores, same morning. I haven't pulled the lever. I'm asking one more time, because once it's pulled, it's pulled, and the Company will come for somebody, and it won't be me."
card.ma09_10.left,Pull it
card.ma09_10.left_outcome,By evening both shores know the shape of it. Ardent wires Vosk nine times. She answers none.
card.ma09_10.right,Hold it; there's a better way
card.ma09_10.right_outcome,"""Better than a front page. There isn't. But fine. Held."""
card.ma09_11.text,"The file has been opened. I know because I count the pages. For the record, I have not reported it. For the record, I am asking who has read it. I will know if you lie. I would rather you did not make me know."
card.ma09_11.left,I have
card.ma09_11.left_outcome,"""Noted."" A very long pause. ""Then you know what I have carried. I hope you carry it better."""
card.ma09_11.right,Hesse has
card.ma09_11.right_outcome,"""Noted."" She goes to the telegraph office. Fennick is not seen for two days."
card.ma09_12.text,"I have drafted the Schedule Nine declaration. It requires the auditor's file as an exhibit, the engineer's figures, and two inspectors' seals. I have one seal. The Sorrel agent is not an inspector. I note that the Compact did not anticipate this. I note that I have."
card.ma09_12.left,Vane signs as Sorrel's witness
card.ma09_12.left_outcome,"Vane signs. ""I've signed worse."" It is, technically, irregular. It is, actually, the Compact working."
card.ma09_12.right,Wait for a Sorrel inspector
card.ma09_12.right_outcome,"""Duly. Sorrel has never appointed one. I shall write and ask. It may take a year."""
card.ma09_13.text,Take the file. All of it. I have kept it from the Board for eleven years because the Board would have burned it. You will not. You will find I am not surrendering. I am delegating. It is the most irregular thing I have ever done.
card.ma09_13.left,Take it
card.ma09_13.left_outcome,Fifty years of the Company's knowledge in a canvas folder. It is heavier than the chest.
card.ma09_13.right,Keep it; I'll come to you
card.ma09_13.right_outcome,"""Noted."" She keeps it. She leaves the drawer unlocked from that day."
card.ma09_14.text,"The file is in Ardent. I sent it this morning, with a note that it was found in the telegraph clerk's possession. That is a lie. It keeps the clerk employed and you at your gate. You will find I have paid for both."
card.ma09_14.left,What did it cost you?
card.ma09_14.left_outcome,"""My post, at the quarter's end. Noted. I have wanted to leave for eleven years."""
card.ma09_14.right,You should not have lied for us
card.ma09_14.right_outcome,"""I have lied for the Company for eleven years. Once for someone else is not nothing."""
card.ma09_15.text,"The file is burned. I burned it this morning. For the record, I did it because you would have used it, and you must not. You will find I am now the only record. You will find that was always the plan."
card.ma09_15.left,Then you are the record
card.ma09_15.left_outcome,"""Noted."" She is. She tells you nothing more for a long time."
card.ma09_15.right,Hesse has a copy
card.ma09_15.right_outcome,"""Noted."" Something in her face gives way. ""Then it was never mine to burn."""
card.ma10_01.text,"Keeper. The Board has asked for the contingency. The Clearance draft. I have sent it. I did not want to; I want you to know I did not want to. It comes back next week with the Board's seal or it does not. Either way, they have asked."
card.ma10_01.text_variant0,Keeper. The Board has asked for the Clearance contingency again. It asked the last Keeper too. The last Keeper is not here. I have sent it. I want it known I did not want to.
card.ma10_01.left,Ask him to withdraw it
card.ma10_01.left_outcome,"""Withdraw. From the Board."" He tries. He is refused, kindly, by Kell."
card.ma10_01.right,The Board asked; the Board decides
card.ma10_01.right_outcome,"""Yes. Yes, it does."" He does not look at you."
card.ma10_02.text,"The Board's seal. The Clearance Order of Year 44, revived, for the removal of 'unlicensed vessels' from the Summit Pound. It requires the Keeper's signature to take effect at the summit. It is a magnificent document. I hate it."
card.ma10_02.left,Don't sign yet
card.ma10_02.left_outcome,"""Yet. A good word. I shall tell them 'yet'."""
card.ma10_02.right,Sign it
card.ma10_02.right_outcome,You sign. Pell takes the pen from you as if it were hot.
card.ma10_03.text,"The Courier has the Clearance. Hesse has printed it, with my name on the draft and yours on the line for signatures, blank. The town is reading it in my inn. Well, Ilse's inn. Everyone's inn. Nobody's looking at me."
card.ma10_03.left,Tell the town you won't sign
card.ma10_03.left_outcome,You say it at the inn. The town cheers. Ardent hears by evening.
card.ma10_03.right,Say nothing
card.ma10_03.right_outcome,"The town reads your blank line and fills it in for you, in its head."
card.ma10_04.text,"The moot's called on the Clearance. Half the town wants the Reach gone: fewer moorings, fewer fish in the chamber, fewer people the Company can point at. Half remembers Year 44. I'm the reeve. I'm asking the Keeper to come and be shouted at."
card.ma10_04.left,Come to the moot
card.ma10_04.left_outcome,"Three hours. You are shouted at by both halves. At the end, Ilse says 'the moot has heard'. It has."
card.ma10_04.right,The Clearance is a Company matter
card.ma10_04.right_outcome,"""Right. I'll tell them. I'll tell them the Company's not coming either."""
card.ma10_05.text,The moot's voted. Against the Clearance. Not for the Reach; against the Company doing it in our name. It's a small difference and it's the whole town. I'm to tell the Keeper. I'm telling. What the Keeper does with it is the Keeper's.
card.ma10_05.left,Refuse the Clearance in the moot's name
card.ma10_05.left_outcome,"You write to Ardent: the summit will not enforce. Pell weeps. Bram, hearing, stands up from his bollard."
card.ma10_05.right,The moot doesn't sign Company orders
card.ma10_05.right_outcome,"""No. You do."""
card.ma10_06.text,"We know about the paper. We knew about the last one, in Year 44, and a Keeper died and we stayed. The young ones are saying it too, and they mean it differently. We ask the gate what it will sign."
card.ma10_06.left,I will not sign
card.ma10_06.left_outcome,"""Then we hold. And we hold the young ones."""
card.ma10_06.right,I don't know yet
card.ma10_06.right_outcome,"""Yet. We have heard 'yet' from a Keeper before. It was the last word he said to us."""
card.ma10_07.text,"The order is signed, Keeper, by you, and Ardent has acknowledged it, and now Ardent asks how it will be enforced. I have no men. Solas has men. The Board suggests Solas. The Board suggests it in the voice it uses when it is not suggesting."
card.ma10_07.left,Ask Solas
card.ma10_07.left_outcome,You ask. Solas listens. He says 'understood' and does not say yes.
card.ma10_07.right,"Enforce it with the hands, slowly"
card.ma10_07.right_outcome,Dace's men serve notice at the Reach. Very slowly. Very politely. Nothing moves for a month.
card.ma10_08.text,"You've asked me to clear the Reach. I've read the order. It's lawful. I've twelve men and they'd do it. I'm telling you now, once, before it's an order and not a question: I won't. Find someone else or find another way."
card.ma10_08.left,Another way; withdraw the request
card.ma10_08.left_outcome,"""Thank you. I mean it."" He goes to sit on Bram's bollard. Bram lets him."
card.ma10_08.right,Then I'll find someone else
card.ma10_08.right_outcome,"""You will. That's what worries me."" Ardent sends men from Ardent. They are not Solas."
card.ma10_09.text,"Ardent has sent constables. Eight of them, from the capital, in Company green, with staves. They do not know the summit. They do not know the Reach. They know the order. They are asking the Keeper where to begin. Magnificent men. I hate them."
card.ma10_09.left,"Begin with notice, not staves"
card.ma10_09.left_outcome,Notices on every hull at the Reach. Bram reads his aloud to the water.
card.ma10_09.right,Send them back to Ardent
card.ma10_09.right_outcome,You send them back. Ardent is silent for a week. Then Kell comes.
card.ma10_10.text,"The constables have come to the Reach with the paper. We are going to sit down. All of us. On our decks, on the bank, on the towpath. We will not move and we will not fight. We ask the gate to watch."
card.ma10_10.left,"Watch, and stand with them"
card.ma10_10.left_outcome,You sit on the towpath between the constables and the Reach. The constables do not know what to do with a Keeper. Nobody moves.
card.ma10_10.right,Watch from the gate
card.ma10_10.right_outcome,"You watch. The constables wait a day, then two. On the third the town brings the Reach soup."
card.ma10_11.text,The constables asked me for men. I said no. They wired Ardent. Ardent ordered me. I said no to Ardent. That's the end of my company. I'd like someone to know I said no before I'm told I never worked here.
card.ma10_11.left,I'll say so in the Ledger
card.ma10_11.left_outcome,"""The Ledger. Right."" He nods. It is enough."
card.ma10_11.right,Lend them men; keep your company
card.ma10_11.right_outcome,"""No."" He does not lend them. He does not keep his company. He does not blame you for asking."
card.ma10_12.text,"The young ones want to cut the east bank. Flood the town, drain the pound, end the canal. They know where. We have told them no. They ask why they should listen to an old man who has only held. We ask the gate for a reason."
card.ma10_12.left,The river can go back without a flood
card.ma10_12.left_outcome,"""Can it."" He looks at you very hard. ""Then say how, soon."""
card.ma10_12.right,Because the town has children too
card.ma10_12.right_outcome,"""So do we. So did we. They listen to that. For now."""
card.ma10_13.text,"The constables have gone. The paper has gone with them. We held. The gate held too, in its way. We do not thank. We say: the next paper will come. We ask the gate to be here when it does."
card.ma10_13.left,I will be here
card.ma10_13.left_outcome,"""Then we are two who hold."""
card.ma10_13.right,The next Keeper may not be
card.ma10_13.right_outcome,"""No. Nor the next Reach. We hold anyway."""
card.ma10_14.text,"It is done, Keeper. The Reach is clear. Forty boats down the west flight this morning, orderly, not a shot. The Board is magnificently pleased. The pound is very quiet. I find I do not like the quiet as much as I expected."
card.ma10_14.left,Neither do I
card.ma10_14.left_outcome,"""No."" He stands at the window a long time. Nobody sings at the summit again."
card.ma10_14.right,The Board is pleased; that is the job
card.ma10_14.right_outcome,"""The job. Yes. Magnificent."" He does not sound as if he believes the word."
card.ma10_15.text,"A young one threw a lamp at a constable. The constable had a stave. Now there is a boy on the towpath who will not stand up, and forty boats, and a town at its windows. We held forty years. It has happened anyway."
card.ma10_15.left,Send Stroud; stop the constables
card.ma10_15.left_outcome,"Stroud comes. The boy lives, barely. The constables go back to Ardent. Something is broken that soup will not mend."
card.ma10_15.right,The order stands; clear the Reach
card.ma10_15.right_outcome,"It is cleared by dusk. The boy goes west on the last boat. The Reach is empty. So, in a way, is the summit."
card.ma11_01.text,"You have his key. I know you do; I've seen the ring. The door it fits is on the north bank and he went through it and didn't come back. I'm not asking you not to. I'm asking when, so I can be there."
card.ma11_01.left,"Tonight, and you'll be there"
card.ma11_01.left_outcome,"""Tonight."" She does not go to the paddles. She sharpens a lamp wick instead."
card.ma11_01.right,Not yet; not with you
card.ma11_01.right_outcome,"""Not with me. Right. He said that too."""
card.ma11_02.text,"The gate has the key. The young one told us, and she does not tell us things. We will not go in; our grandmothers forbade it. But we will stand at the door with lamps. Nobody stood at the door for the last one."
card.ma11_02.left,Stand at the door
card.ma11_02.left_outcome,"""We will stand. If you do not come out, we will remember that we stood."""
card.ma11_02.right,Come in with me
card.ma11_02.right_outcome,"""No."" It is the first time he has said the word to you. ""We hold the door. That is all."""
card.ma11_03.text,"You're going in the hill. Don't tell me you're not. I've seen men go in mines. Take rope, take two lamps, take someone who can carry you. I can carry you. I've carried heavier. It'll hold or it won't."
card.ma11_03.left,Bring Tamm
card.ma11_03.left_outcome,"""Right. Rope's in the yard. Good rope."" He does not say anything else. He does not need to."
card.ma11_03.right,"Rope and lamps, no Tamm"
card.ma11_03.right_outcome,"""Suit yourself. Rope's still in the yard."" It is very good rope."
card.ma11_04.text,"The sluice house door. Iron straps, new. The key turns as if it had been oiled yesterday. Inside: a wheel the size of a cartwheel, seized with rust, and behind it, steps going down into the sound of a river."
card.ma11_04.left,Down the steps
card.ma11_04.left_outcome,Forty steps. Wet stone. The sound grows until it is the only sound.
card.ma11_04.right,Try the wheel first
card.ma11_04.right_outcome,It does not move. It has not moved since Year 11. Something in the wall behind it groans.
card.ma11_05.text,"A tunnel, cut stone, straight as a rule, running west into the Spine. A river fills the lower half, fast and cold and brown. A ledge runs above the water. On the ledge, iron rings for a rope that is not there."
card.ma11_05.left,Follow the ledge west
card.ma11_05.left_outcome,"The rings go on. The river goes on. Somewhere ahead, a lamp that is not yours."
card.ma11_05.right,Mark the entrance; go back for help
card.ma11_05.right_outcome,You come back with Tamm and Wren and rope. The rings are for the rope. Somebody knew that once.
card.ma11_06.text,"A fall of rock, half across the tunnel. Fresh, by the dust. The river piles against it and roars through the gap. On the near side, wedged in the rubble: a Company lamp, rusted, and a brass tag. 'A. DRAY. KEEPER. NO. 9.'"
card.ma11_06.left,Go through the gap
card.ma11_06.left_outcome,You go through on your belly with the river an inch from your face. On the far side the ledge is dry.
card.ma11_06.right,Stop here; take the tag
card.ma11_06.right_outcome,You take the tag. You do not go through. You are the first person to come back from this far.
card.ma11_07.text,"Beyond the fall: a chamber cut into the hill. A second wheel, unrusted. A stone channel south, dry, blocked by a slab. Bones on the ledge, a Keeper's coat, and a ledger in oilcloth, in a niche where a hand could reach."
card.ma11_07.left,Take the ledger
card.ma11_07.left_outcome,"Dray's hand. A map of the Cut, the wheels, the south channel. 'Sluice to Lowmere. Marrow's. Never opened. Open it.'"
card.ma11_07.right,"Take the coat, for Mirren"
card.ma11_07.right_outcome,You take the coat and the ledger both. The coat is heavier.
card.ma11_08.text,"The second wheel, unrusted because he oiled it. Dray's ledger says it opens the south channel: half the river to Lowmere, half to the pound. Marrow died before she could turn it. So did he. Your hand is on it."
card.ma11_08.left,Turn it a quarter
card.ma11_08.left_outcome,It moves. The slab lifts a hand's width. Water goes south into the dark for the first time in eighty years. The roar behind you softens.
card.ma11_08.right,Not yet; not alone
card.ma11_08.right_outcome,You take your hand off it. It is the hardest thing you have done at the summit.
card.ma11_09.text,Dray's last page. Not the map. Words. 'The roof is going. I have the key and the map and I cannot get back through the fall. Tell M. I did not leave. I was here the whole time. Tell her I was here.'
card.ma11_09.left,Copy it into the Ledger
card.ma11_09.left_outcome,You copy it by the lamp. Your hand is steady. It should not be.
card.ma11_09.right,"Take the page itself, for her"
card.ma11_09.right_outcome,You tear it out. It is the only page you will ever tear from anyone's ledger.
card.ma11_10.text,"You came out. Good. Rope held. I'd have said it would. The Hullfolk were at the door all night with lamps and the old man didn't sit down once. Whatever you've got in that oilcloth, wait till you've had a drink before you open it again."
card.ma11_10.left,Have the drink
card.ma11_10.left_outcome,Ilse pours it without a word. The whole inn watches you not open the oilcloth.
card.ma11_10.right,Open it now
card.ma11_10.right_outcome,You open it at the inn. The town sees a dead Keeper's hand. Something changes in the room.
card.ma11_11.text,"You came out. The last one did not. We stood at the door and you came out. Whatever you do with what you found, we will hold the towpath for you when you do it. We have never held for a charter man."
card.ma11_11.left,You'll not be holding for a charter man
card.ma11_11.left_outcome,"""No. For a gate. We said so. We were right."""
card.ma11_11.right,"Hold for yourselves, not me"
card.ma11_11.right_outcome,"""We have. Eighty years. It is time we held for something else."""
card.ma11_12.text,"Vosk is at the Keeper's house when you return, sitting in Dray's chair, which she has never done. She does not ask where you have been. She looks at the oilcloth under your arm. 'Noted,' she says. Then: 'Is he there?'"
card.ma11_12.left,He is there
card.ma11_12.left_outcome,"""Noted."" She sits a long time. ""I filed him as resigned. I have never filed anything I hated more."""
card.ma11_12.right,Say nothing
card.ma11_12.right_outcome,"""Noted."" She stands. At the door: ""The wheel. Did it turn?"" You do not answer that either."
card.ma11_13.text,"You came out. You've got something under your arm and you won't look at me and you've got his tag on a string round your neck, I can see the string. Tell me. You promised. Tell me first."
card.ma11_13.left,Tell her everything
card.ma11_13.left_outcome,"You tell her. The fall, the ledge, the coat, the page. 'Tell her I was here.' She does not cry. She sits down on the sill and does not get up until morning."
card.ma11_13.right,Give her the page and go
card.ma11_13.right_outcome,"You give her the page. You go to the gate. She reads it at the sill. When you come back she is at the paddles, working."
card.ma11_14.text,"You've been in the hill and come out and haven't said a word to me in two days. I've known since I was nine what that means. I'm not asking any more. I'm telling you I know, so you can stop carrying it alone."
card.ma11_14.left,Tell her now
card.ma11_14.left_outcome,"You tell her. Late. It is worse late. She listens anyway, and at the end says, ""He was here. Good."""
card.ma11_14.right,Keep it; she has guessed enough
card.ma11_14.right_outcome,"""Right."" She goes to the paddles. She does not ask again. She does not stop knowing."
card.ma11_15.text,I've put his coat on the hook. Where it was. I've put the tag on the study wall. I'm going to keep working the paddles. I wanted you to know I'm not leaving. He didn't leave either. Neither of us leaves. That's the family.
card.ma11_15.left,Neither of us leaves
card.ma11_15.left_outcome,"""Right."" She goes to the paddles. You go to the gate. It is a working day."
card.ma11_15.right,"You could leave now, if you wanted"
card.ma11_15.right_outcome,"""I could. I couldn't before; I was waiting. Now I'm choosing. Different."""
card.ma12_01.text,"You have the map, and enough of the rest to know what it is a map of. The pound falls a mark a watch. Soon it will not float a boat, and the choice will be made for you. Make it yourself."
card.ma12_01.left,Gather allies
card.ma12_01.left_outcome,You begin with the people who already know. There are more than you thought.
card.ma12_01.right,Do it alone
card.ma12_01.right_outcome,Alone. Like Marrow. Like Dray. You know how that ended twice.
card.ma12_02.text,"You have the map. I have seen the oilcloth. One wire to Ardent and there are constables at the sluice house by the week's end. For the record, I have not sent it. I am asking what you mean to do, so I can decide whether to."
card.ma12_02.left,Tell her everything
card.ma12_02.left_outcome,"She listens. She does not write. At the end: ""Noted. I will not send the wire. I do not yet know what I will do instead."""
card.ma12_02.right,Tell her nothing
card.ma12_02.right_outcome,"""Noted."" She does not send the wire. She watches the north bank every night."
card.ma12_03.text,"The pound is low. It will not float the Reach by the month's end. The young ones are ready to cut the bank and we are tired of telling them no. We know you have the map. We ask, once, plainly: will the river go home, or not?"
card.ma12_03.left,It will go home
card.ma12_03.left_outcome,"""Then we hold the night for you. All of us."""
card.ma12_03.right,Some of it
card.ma12_03.right_outcome,"""Some. We have never been offered some. We will think about some."""
card.ma12_04.text,"I've read Dray's map and Marrow's drawings together. The second wheel opens a sluice to Lowmere. Fully open, the pound becomes a road. Half, it shares. Shut, we go on as we are until it fails. Those are the three. Sorry. There isn't a fourth."
card.ma12_04.left,There must be a fourth
card.ma12_04.left_outcome,"""There isn't. I've looked. Roughly a hundred times."""
card.ma12_04.right,Three is enough
card.ma12_04.right_outcome,"""Three. Yes. It's more than most people get."""
card.ma12_05.text,"Whichever wheel you turn, there is a second choice: whether the shores are told. If I file Schedule Nine, both shores know by evening and the charter is finished. If not, the Company survives and so does the lie. Say."
card.ma12_05.left,File it
card.ma12_05.left_outcome,"""Duly. I shall need the engineer's signature and the newspaperman's press. I have both, I think."""
card.ma12_05.right,Not yet
card.ma12_05.right_outcome,"""Duly. I note I have waited six years. I can wait a week."""
card.ma12_06.text,"You will turn the wheel. I have known since the letters. I ask the only thing I have ever asked: whatever you turn it to, let the town keep its lamp. A chapel, a well, a reason to stay. That is all the gift ever was."
card.ma12_06.left,The town keeps its lamp
card.ma12_06.left_outcome,"""Then I am with you. In the last pew, or at the wheel."""
card.ma12_06.right,The town gets the truth first
card.ma12_06.right_outcome,"""Then give it gently. Nobody has tried gently."""
card.ma12_07.text,"The night. Lamps at the sluice house door. Whoever stands with you stands there. Whoever does not is in the town or the Company house, waiting. The map is in your coat. The key is on its string. The wheel is forty steps down."
card.ma12_07.text_variant0,"The night. The Reach holds the towpath, forty boats, no fire. Solas's men, or what is left of them, stand between the town and the north bank. Bram is at the sluice house door. He has never stood at it. Forty steps down, the wheel."
card.ma12_07.text_variant1,"The night. Crane at the sluice house door with Schedule Nine in a satchel. Quenn with her figures. Hesse with a boy ready to run to the press. Whatever the wheel does, it is done in the open. Forty steps down."
card.ma12_07.text_variant2,"The night. Vosk at the sluice house door with the Company key, which she has never used. Hale with her lamp. Tamm with rope and a new spindle for a wheel that has waited seventy years. Nobody else knows. Forty steps down."
card.ma12_07.left,Down
card.ma12_07.left_outcome,Forty steps. The river. The wheel.
card.ma12_07.right,A moment at the door
card.ma12_07.right_outcome,You look at the pound. It is a mark lower than it was last night. It always is.
card.ma12_08.text,"Constables. Eight, from Ardent, on the towpath, with a Board warrant for the sluice house. I did not send for them. For the record, Pell did, in a panic, meaning well. For the record, they will not pass me. You will find I am standing in the door."
card.ma12_08.text_variant0,"Constables. Eight, from Ardent, with a Board warrant for the sluice house. I sent for them. For the record, I told you I would have to stop you. For the record, I am sorry. You will find I am standing in the door, and not on your side of it."
card.ma12_08.left,"Go past her, down"
card.ma12_08.left_outcome,"She lets you past, or she does not. Either way the constables do not follow. They are afraid of her. Everyone is."
card.ma12_08.right,Face the constables with her
card.ma12_08.right_outcome,Two of you in a door against eight men with a warrant. They read it aloud. She says 'noted'. They go back to Ardent.
card.ma12_09.text,"The town has come out with lamps. Not for us, not against us. To see. Ilse is at the front. She asked what we are doing and I said 'holding for the gate'. She is still here. We ask the gate to speak to her."
card.ma12_09.left,Tell the town what is happening
card.ma12_09.left_outcome,"You stand on the wharf and tell them. River, hill, door, wheel. Nobody leaves. Ilse, at the end: 'Then get on with it.'"
card.ma12_09.right,Ask Ilse to hold the town back
card.ma12_09.right_outcome,"She holds them. She does not ask what for. She will, later, at length."
card.ma12_10.text,The wheel. Marrow's. Dray oiled it. I've checked the gear; it'll turn. Full open and the Quell goes home and the pound goes to a road. Half and it shares. I've got my hand beside yours. Sorry. I'm not sorry. Say which.
card.ma12_10.text_variant0,The wheel. Marrow's. Dray oiled it. Tamm has checked the gear; it will turn. Full open and the Quell goes home and the pound goes to a road. Half and it shares. There is nobody beside you who understands it. Say which anyway.
card.ma12_10.left,Full open
card.ma12_10.left_outcome,"The wheel turns until it stops. The slab lifts. The river goes south with a sound like a held breath let out. Behind you, the pound begins to fall."
card.ma12_10.right,Half
card.ma12_10.right_outcome,Half a turn. The slab lifts a hand. The river divides. The roar behind you softens to a river's ordinary voice.
card.ma12_11.text,The roof groans the way Dray wrote that it groaned. Dust falls into the river. The fall that killed him is behind you and the way out is through it. Whoever came with you is shouting from the far side. The wheel is turned. Leave.
card.ma12_11.left,"Through the fall, now"
card.ma12_11.left_outcome,"On your belly, the river at your face, hands on the far side pulling. The roof comes down behind you. It was always going to."
card.ma12_11.right,Take the map from the niche first
card.ma12_11.right_outcome,"Dray's ledger under your arm, the fall, the hands, the roof. You have everything he had, and you are out."
card.ma12_12.text,"Trouble on the towpath. Constables, or Sorrel men, or the town, it doesn't matter which; men with staves and men with lamps. My people are between them. I've got no orders and no company. I've got a towpath. Tell me to hold it."
card.ma12_12.text_variant0,"Trouble on the towpath. The men the rifles were for have come to see what the Company is hiding. My people are between them and the door. I bought those rifles. I've got a towpath. Tell me to hold it, and tell me quickly."
card.ma12_12.left,Hold it
card.ma12_12.left_outcome,"""Understood."" He holds it. Nobody fires. It won't come to that, he said. It does not."
card.ma12_12.right,Stand aside; nobody dies for a door
card.ma12_12.right_outcome,"""Nobody dies."" He stands aside. They reach the door. Vosk is in it. Nobody passes Vosk."
card.ma12_13.text,"Dawn. The pound is falling to a road. Down the west flight, in a valley nobody living has seen, a river runs for the first time in eighty years. The young ones are singing. The debt is paid. We do not thank. We go home."
card.ma12_13.left,"Go with them, to see the river"
card.ma12_13.left_outcome,"The west flight, then a dry valley with a river in it, then forty boats going upstream for the first time."
card.ma12_13.right,Keep the smaller gate
card.ma12_13.right_outcome,Somebody must keep a seasonal canal. The town shrinks. The town stays. So do you.
card.ma12_14.text,"Dawn. Schedule Nine is filed on both shores: the figures, the letters, the file, the front page, my seal. The charter is void by its own terms. Both shores must build a real reservoir. I note they will. I note I am weeping."
card.ma12_14.left,Sign as witness
card.ma12_14.left_outcome,The last signature on the first honest document about the Meridian since Year 6.
card.ma12_14.right,Let the town sign first
card.ma12_14.right_outcome,"Ilse. Dace. Tamm. Stroud. Fennick, shaking. Then you."
card.ma12_15.text,"Dawn. The sluice shares the river. The pound holds at a lower mark; Lowmere has a stream. Nobody in the town knows. Nobody in Ardent knows. The file says 'disused valve inspected, sound'. For the record, you have become me. You will find it is not nothing."
card.ma12_15.left,Take the key
card.ma12_15.left_outcome,"Brass, stamped S.H. Warm from the wheel. It was always going to be someone."
card.ma12_15.right,Give the key to Hale
card.ma12_15.right_outcome,"""We tend it,"" she says, and puts it on the chain with her lamp."
card.meta_hullfolk_gift.text,A Keeper of this chair once stood with us at the remembering. We do not forget a chair. There is a smoked pike on your sill. It is not a bribe. We do not do those.
card.meta_hullfolk_gift.left,Accept it
card.meta_hullfolk_gift.left_outcome,"""Then we are two who remember."""
card.meta_hullfolk_gift.right,Return it with thanks
card.meta_hullfolk_gift.right_outcome,"""We hold the thanks. Keep the fish."""
card.meta_ledger_cipher.text,"Tucked in the Ledger: pages of a cipher, half worked, in two different hands. Somebody before you got this far with Dray's book and no further."
card.meta_ledger_cipher.left,Pick up where they stopped
card.meta_ledger_cipher.left_outcome,The gauge marks. It has to be the gauge marks.
card.meta_ledger_cipher.right,Give the pages to Mirren
card.meta_ledger_cipher.right_outcome,She takes them without a word and does not come to the paddles till noon.
card.meta_new_keeper_2.text,"The Ledger is waiting on the desk, in a hand that is not yours. The last Keeper wrote until the last watch. The last line is unfinished."
card.meta_new_keeper_2.text_variant0,"The Ledger is waiting on the desk, water-stained. The last Keeper wrote about the gauge until the water came for the house."
card.meta_new_keeper_2.text_variant1,"The Ledger is waiting on the desk. Someone left it there after the last Keeper was walked to the stone. The town, then, still respects the book."
card.meta_new_keeper_2.left,Read it through
card.meta_new_keeper_2.left_outcome,You know what they knew. It is not nothing.
card.meta_new_keeper_2.right,Start a fresh page
card.meta_new_keeper_2.right_outcome,"Their hand stays under yours, page after page."
card.meta_new_keeper_3.text,"Three Keepers in the chair since Dray. The town has stopped learning names. At the inn they call you 'the new one', and the one before you 'the other one'."
card.meta_new_keeper_3.left,Earn the name
card.meta_new_keeper_3.left_outcome,It will take a while. It always does.
card.meta_new_keeper_3.right,'The new one' will do
card.meta_new_keeper_3.right_outcome,"Less to lose, that way."
card.meta_quenn_braver.text,"I've decided something. Sorry. The last Keeper kept me out of trouble and I let them. This time I'm going to say the figures out loud, to whoever asks. Will you ask?"
card.meta_quenn_braver.left,Ask
card.meta_quenn_braver.left_outcome,"""The aqueduct can't do it. It never could. Roughly."""
card.meta_quenn_braver.right,Not yet
card.meta_quenn_braver.right_outcome,"""All right. I'll be here."""
card.meta_route_cut_gate.text,"You know. I have known since I was your age. Marrow died building a sluice that would have shared the water. It can be finished, quietly, with Hale's letters and a boatwright who does not talk. It stays a secret. Ours."
card.meta_route_cut_gate.left,"Ours, then"
card.meta_route_cut_gate.left_outcome,"""Noted. I have wanted to say that for a long time."""
card.meta_route_cut_gate.right,Not that way
card.meta_route_cut_gate.right_outcome,"""Then you will find I have to stop you. For the record, I am sorry."""
card.meta_route_ledger_gate.text,"I have read your evidence. I note three conditions for my seal under Schedule Nine: the engineer signs, the newspaper prints the same day on both shores, and nothing is altered. Nothing."
card.meta_route_ledger_gate.left,"Agreed, all three"
card.meta_route_ledger_gate.left_outcome,"""Duly. I will need a night to draft it properly."""
card.meta_route_ledger_gate.right,Not that way
card.meta_route_ledger_gate.right_outcome,"""I note that. I note everything."""
card.meta_route_river_gate.text,"You know where the water comes from. So do we, now, in words. If the sluice is opened the river goes home and this pound becomes a road. We ask a gate one thing: will you open it?"
card.meta_route_river_gate.left,I will open it
card.meta_route_river_gate.left_outcome,"""Then we will hold the night for you."""
card.meta_route_river_gate.right,Not that way
card.meta_route_river_gate.right_outcome,"""Then we remember that too."""
card.meta_town_remembers.text,"The one before you. I remember one thing about them, and it isn't the thing they'd choose. That's how the town works. What will yours be?"
card.meta_town_remembers.text_variant0,The one before you stood with the boat people at their remembering. Town didn't like it. Town remembers it anyway. What will yours be?
card.meta_town_remembers.text_variant1,The one before you signed the paper that cleared the Reach. Quieter now. Some of us liked it. I am not telling you which. What will yours be?
card.meta_town_remembers.left,Something the town chooses
card.meta_town_remembers.left_outcome,"""Then start drinking here."""
card.meta_town_remembers.right,Something I choose
card.meta_town_remembers.right_outcome,"""They all say that."""
card.meta_vosk_remembers.text,"You have asked about the reservoirs. Noted. The last one asked that too, and the one before. You will find the answer is the same. You will also find I am tired of giving it."
card.meta_vosk_remembers.left,Then give a different one
card.meta_vosk_remembers.left_outcome,"""For the record: no."" But she stays a moment longer."
card.meta_vosk_remembers.right,Withdraw the question
card.meta_vosk_remembers.right_outcome,"""Noted."""
card.mi01_1.text,"A barge of geese, two hundred by the manifest, is in the chamber when the crate slats give. The chamber is full of geese. The bargee is full of opinions."
card.mi01_1.left,Close the gates and catch them
card.mi01_1.left_outcome,"An hour of hands, feathers and language. Most are caught."
card.mi01_1.right,Open the top gate and let them go
card.mi01_1.right_outcome,"Two hundred geese enter the Summit Pound. The bargee enters the Book, as a complaint."
card.mi01_2.text,"There are geese in my yard, geese on my roof and a goose in my cellar that has opinions about the ale. Whose geese, Keeper, and what does it cost?"
card.mi01_2.left,The Company's geese now
card.mi01_2.left_outcome,"""Then the Company owes me a cellar."""
card.mi01_2.right,The bargee's problem
card.mi01_2.right_outcome,"""He left this morning. The geese did not."""
card.mi01_3.text,Three things. The hands want a goose each for the trouble. The chapel wants them for the poor. And there's one in the paddle gear that we can't get at.
card.mi01_3.left,A goose each for the hands
card.mi01_3.left_outcome,Feathers everywhere for a week. Morale improves.
card.mi01_3.right,The chapel feeds the town
card.mi01_3.right_outcome,"Hale blesses the geese, then cooks them. Dace sulks."
card.mi01_4.text,A drover arrives on foot from Aldmere with a bill of sale for two hundred geese and a very reasonable question about where they are.
card.mi01_4.left,Pay him from the Coffers
card.mi01_4.left_outcome,He counts it twice and asks about the one in the paddles.
card.mi01_4.right,Send him to the Company
card.mi01_4.right_outcome,Pell will write him a magnificent letter.
card.mi01_5.text,The goose in my cellar has laid. In the ale trough. The town has named her. I am not going to tell you the name. Do you want her moved or not?
card.mi01_5.left,Move her to the chapel
card.mi01_5.left_outcome,Hale accepts a goose with grace. The town visits.
card.mi01_5.right,She stays; she's the town's now
card.mi01_5.right_outcome,"""Her name is Pell."" She said she wouldn't tell you."
card.mi01_6.text,"Weeks on, geese still turn up: in the chamber, on the chapel roof, once in Vosk's document case. The town has begun to count them as weather."
card.mi01_6.left,Declare the matter closed
card.mi01_6.left_outcome,The Book says closed. The geese did not read it.
card.mi01_6.right,Bounty: a mark a goose
card.mi01_6.right_outcome,"Children become rich. Wren, somehow, becomes richer."
card.mi02_1.text,"The Sorrel agent and I have both claimed first passage at the same bell. She has proposed, in writing, that we settle it by duel. I have accepted, in writing. I now find I do not know how a duel is conducted."
card.mi02_1.left,Second him
card.mi02_1.left_outcome,"""You would? Duly. I shall need to know what a second does."""
card.mi02_1.right,Forbid it on Company water
card.mi02_1.right_outcome,"""Forbidden. I note I am relieved. I note I am also, irregularly, disappointed."""
card.mi02_2.text,He accepted. In writing. With a citation. I was joking. I can't back down from a man who's cited the Compact at me. Pistols at dawn on the towpath. You're seconding him. Who do I get?
card.mi02_2.left,Solas
card.mi02_2.left_outcome,"Solas agrees, weary. ""I've seconded worse for less."""
card.mi02_2.right,Wren
card.mi02_2.right_outcome,"Wren agrees, delighted. ""I've always wanted to hold a pistol legally."""
card.mi02_3.text,The night before. I have read three accounts of duels and they disagree on every particular. I have written my will. I have left my statute book to you. I would like it noted that I am not afraid.
card.mi02_3.left,Suggest both fire wide
card.mi02_3.left_outcome,"""Fire wide. Is that permitted?"" It is, you say. ""Duly. Then I shall."""
card.mi02_3.right,Suggest he withdraw
card.mi02_3.right_outcome,"""Withdraw. From a Sorrel agent. In writing."" He cannot. You knew he could not."
card.mi02_4.text,"Dawn. Towpath. Half the town watching from the bank with breakfast. Two pistols I've loaded with powder and no ball, which nobody's asked me about. Crane's counting paces aloud. Vane's laughing. Somebody has to say 'fire'. It's the seconds' job. That's us."
card.mi02_4.left,Say it
card.mi02_4.left_outcome,"Two bangs, no balls, a cloud of smoke. Crane is astonished to be alive. Vane bows. The town applauds."
card.mi02_4.right,Say 'stop' instead
card.mi02_4.right_outcome,You stop it. Both are relieved. Both pretend outrage. The town is disappointed and goes to breakfast.
card.mi02_5.text,Neither of us is dead and neither has first passage and the whole town saw us make fools of ourselves. He shook my hand afterward. Matthias Crane shook my hand. What do I do with that?
card.mi02_5.left,Dine with him
card.mi02_5.left_outcome,They dine. They argue for two hours about fish. It is the start of something neither will name.
card.mi02_5.right,Nothing; it was a duel
card.mi02_5.right_outcome,"""Nothing. Right."" She does not do nothing. She sends him a fish."
card.mi02_6.text,I have drafted a schedule for precedence disputes that does not involve pistols. The Sorrel agent has signed it. I have signed it. It requires the Keeper's signature. I note this is the first Compact amendment in twenty-two years.
card.mi02_6.left,Sign it
card.mi02_6.left_outcome,"The Halfway Precedence Schedule. Both shores ratify it within the year, baffled. Crane is happier than you have seen him."
card.mi02_6.right,"The Keeper decides, as ever"
card.mi02_6.right_outcome,"""As ever. Duly. I shall keep the draft. It will keep."""
card.mi03_1.text,"Four cases of the shakes this week, all from the low street, all regulars at the Wheel. Same symptoms as bad water. Ilse says her ale is spring water. I would like to test the well. She will not let me."
card.mi03_1.left,Tell Ilse to let her
card.mi03_1.left_outcome,"Ilse lets her, glaring. Stroud takes a bottle. Ilse takes it personally."
card.mi03_1.right,Test the pound instead
card.mi03_1.right_outcome,"Stroud tests the pound. Iron, and something else. She looks toward the inn."
card.mi03_2.text,Your physician's been at my well with a bottle. Twenty years that well's fed this town and now it's poison because four drunks have the shakes. It's spring water. It comes up cold from the hill. Everyone knows that. Tell her.
card.mi03_2.left,It comes up from the pound
card.mi03_2.left_outcome,"""Does it."" She knows. She has always known. She is furious that you said it."
card.mi03_2.right,I'll tell her to stop
card.mi03_2.right_outcome,"""Do."" You do. Stroud does not stop. She tests it at night."
card.mi03_3.text,"The well is the pound. Pound water, through a crack in the rock, with iron and, this month, something from the north bank I do not like. Boiled, it is fine. Ilse boils nothing. Ilse brews."
card.mi03_3.left,Order the ale boiled
card.mi03_3.left_outcome,"Ilse boils it, swearing. The ale tastes of nothing. The shakes stop. Custom halves."
card.mi03_3.right,Let the town decide
card.mi03_3.right_outcome,"You post Stroud's findings at the inn. Half stop drinking. Half drink more, to prove a point."
card.mi03_4.text,Fine. It's the pound. My father showed me the crack when I was twelve and told me never to say. The Company would charge for the water or close the well. Twenty years. Are you going to close me?
card.mi03_4.left,No; the town needs its inn
card.mi03_4.left_outcome,"""Then we understand each other."" She pours one from the well and drinks it herself."
card.mi03_4.right,Tell the Company; pay for the water
card.mi03_4.right_outcome,Vosk assesses a water rate. It is small. Ilse pays it. She does not forgive it.
card.mi03_5.text,"The brewery well. I've measured it against the gauge for a month. It rises and falls with the pound, a day behind. The pound's leaking into the rock under the town. Sorry. It's been doing it eighty years."
card.mi03_5.left,Where does the leaked water go?
card.mi03_5.left_outcome,"""South. Under the town. Into the ground. Some of the fall each watch is that. Not much. Some."""
card.mi03_5.right,Can the crack be sealed?
card.mi03_5.right_outcome,"""Roughly. It'd close Ilse's well. She'd rather the leak."""
card.mi03_6.text,"The shakes are gone. I boil what I have to. The town drinks Iron Spring and knows what it is now and drinks it anyway, because it's ours. Stroud and I are speaking again. First round's on the house."
card.mi03_6.left,Drink it
card.mi03_6.left_outcome,Iron Spring. It tastes of the pound. It tastes of Halfway.
card.mi03_6.right,Toast Stroud
card.mi03_6.right_outcome,"Ilse toasts her too, eventually. The inn cheers, mostly at the free round."
card.mi04_1.text,"My coal crews want the chapel blessing before passage. All forty boats. They've heard the grain boats get it. It's superstition and it costs me a morning a fleet. Stop it, or make it for everyone. Pick."
card.mi04_1.left,Blessings for everyone
card.mi04_1.left_outcome,Hale blesses coal. It takes all morning. The crews are delighted. Vane is not.
card.mi04_1.right,Blessings are the chapel's business
card.mi04_1.right_outcome,"""Fine. Then my crews will queue at the chapel instead of the gate, and that's your morning gone too."""
card.mi04_2.text,The coal crews have asked for the blessing. The rite speaks of still water and grain. I have adapted it: still water and warmth. The Concordance in Aldmere will not approve. I did not ask.
card.mi04_2.left,Bless the coal
card.mi04_2.left_outcome,"""For the warmth that comes of fire and the fire that comes of the hill."" The crews weep. Nobody expected that."
card.mi04_2.right,Stick to the rite as written
card.mi04_2.right_outcome,She blesses coal with the grain rite. Nobody notices but her.
card.mi04_3.text,"My crews say the blessed boats go faster. They don't; I've timed them. But they think so, and row harder, so they do. Now I'm paying for blessings. Give me a receipt. My principals will ask."
card.mi04_3.left,A receipt from the Coffers
card.mi04_3.left_outcome,"You write Sorrel Freight a receipt for 'spiritual services'. Crane, later, is delighted by the category."
card.mi04_3.right,The chapel gives receipts
card.mi04_3.right_outcome,"Hale gives a receipt. It is a blessing on paper. Vane's principals frame it, confused."
card.mi04_4.text,A letter from the Concordance in Aldmere. They call the coal blessing 'irregular' and wish it stopped. The coal crews wish it continued. I have never disobeyed the Concordance. I have never been asked by anyone who meant it so much.
card.mi04_4.left,Bless the coal; answer Aldmere later
card.mi04_4.left_outcome,She continues. Aldmere writes again. She loses the letter. It is the most disobedient thing she has done.
card.mi04_4.right,Stop; the Concordance is the Concordance
card.mi04_4.right_outcome,"She stops. The coal crews stand at the chapel door anyway, caps off, and she blesses them without coal."
card.mi04_5.text,"A coal barge has come up with a Concordance lamp burning in a glass box on its bow: blessed at Halfway, carried to Sorrel and back. The crew asks for it reblessed. Nine boats behind it have lamps."
card.mi04_5.left,Rebless the lamps
card.mi04_5.left_outcome,"Nine lamps, one morning. The pound at dusk is lit like a festival by coal boats with chapel lamps."
card.mi04_5.right,A blessing lasts; move along
card.mi04_5.right_outcome,"The lamps pass unreblessed. The crews are downcast. Hale, later, goes down to the wharf and does it anyway."
card.mi04_6.text,The Concordance has decided the coal blessing is 'a local devotion' and may continue. They sent a hymn about coal. It is very bad. The crews love it. I have never seen so many in the chapel who could not read the hymnal.
card.mi04_6.left,Sing the bad hymn
card.mi04_6.left_outcome,"Forty coal men roaring a bad hymn. Hale conducts. It is, somehow, the holiest thing at the summit."
card.mi04_6.right,Sing Petronel's instead
card.mi04_6.right_outcome,Hale asks Petronel. Petronel sings. The coal men are silent. The hymn is not about coal. It is about a river.
card.mi05_1.text,"Three things, and these are the hands' three things. Wages a day late, every month. No gloves in winter. And the Company store won't take Company scrip at face. They've asked me to ask you. I've asked."
card.mi05_1.left,Hear all three properly
card.mi05_1.left_outcome,You sit with the hands an hour. You cannot fix all three. You say so. They did not expect that.
card.mi05_1.right,Wages are the Company's timing
card.mi05_1.right_outcome,"""Right. I'll tell them the Company. They know the Company."""
card.mi05_2.text,Three things. The hands have heard you heard them. They've heard nothing's changed. And they've asked whether a Keeper who listens and does nothing is better than one who doesn't listen. I said I'd ask. I'm asking.
card.mi05_2.left,"Fix the gloves, at least"
card.mi05_2.left_outcome,Twelve pairs from the Coffers. One thing of three. It counts.
card.mi05_2.right,Listening is what I can do
card.mi05_2.right_outcome,"""Right. I'll tell them that. They'll like it about as much as I do."""
card.mi05_3.text,"The hands have sent me a letter. With three demands and eleven signatures. The Company does not receive letters from hands. It receives them from Keepers. Tell them that, kindly, and make it work."
card.mi05_3.left,Sign the letter yourself; send it up
card.mi05_3.left_outcome,"Twelve signatures. Pell is aghast. Ardent is puzzled. Gloves arrive from Ardent, which has never happened."
card.mi05_3.right,Tell them kindly
card.mi05_3.right_outcome,"You tell them. Kindly. They fold the letter and put it away. It comes out again, later, unkindly."
card.mi05_4.text,Three things. The hands have stopped. Not struck; stopped. They're at the paddles and not turning them. They'll turn when the scrip's worth face at the store. The store's the Company's. The Company's in Ardent.
card.mi05_4.left,Make up the scrip difference from the Coffers
card.mi05_4.left_outcome,You pay the hands the difference in coin. The paddles turn. The chest is lighter. Vosk reads the entry twice.
card.mi05_4.right,Turn the paddles yourself
card.mi05_4.right_outcome,"You and Mirren turn the paddles for a day. Eleven hands watch. By dusk, three help. By morning, all."
card.mi05_5.text,"The hands drink here. I hear the three things every night. Here's a fourth, free: they'd follow you off a cliff if you asked plainly, and walk you to the stone if you lied once. Dace won't say that. I just did."
card.mi05_5.left,Then I'll ask plainly
card.mi05_5.left_outcome,You go to the lock house and tell the hands exactly what you can and cannot do. They listen. It is enough.
card.mi05_5.right,Dace should say it
card.mi05_5.right_outcome,"""He won't. He's a corporal. Corporals report; they don't say."""
card.mi05_6.text,"Three things. The hands have their gloves. The store takes scrip at face, since Pell had a word he pretends he didn't. And wages are still a day late, which the hands say they'll live with. Two of three."
card.mi05_6.left,Two of three
card.mi05_6.left_outcome,"""Two of three. Right."" He almost smiles. The hands call it 'the Keeper's two' for years."
card.mi05_6.right,Three of three; I'll pay the day myself
card.mi05_6.right_outcome,"You advance wages from your own pocket, monthly. The hands know. Dace says nothing about it, loudly."
card.mi06_1.text,"The chest is light. Everyone's is, this season. Mine is not. I lend to the town at one in ten and would lend to the post at one in twelve, kindly, because I like a Keeper who stays. Twenty marks?"
card.mi06_1.left,Twenty marks
card.mi06_1.left_outcome,"Twenty in. The bell on her door rings for you now. One in twelve, monthly, kindly."
card.mi06_1.right,"Ten, and no more"
card.mi06_1.right_outcome,"""Ten. Prudent. I like prudent. Prudent pays."""
card.mi06_2.text,"The first payment. Kindly, on time. I mention that the interest is on the whole, not the balance, that this is written on the note, and that most people do not read the note. You did not read the note."
card.mi06_2.left,Pay it; read the note now
card.mi06_2.left_outcome,"You read it. One in twelve, on the whole, monthly, until cleared. It is a long note."
card.mi06_2.right,Dispute the terms
card.mi06_2.right_outcome,"""Dispute. Kindly. The note is the note. Vosk has a copy."" Vosk does."
card.mi06_3.text,"The Ledger has a page on Cole. Dray's hand: 'she owns the chapel, the inn's debt, half the low street and the Board's nephew's gambling paper. Do not owe her. If you must, owe her briefly.'"
card.mi06_3.left,"Clear the debt now, whatever it costs"
card.mi06_3.left_outcome,You empty the chest into Cole's hands. The bell stops ringing for you. It is very quiet.
card.mi06_3.right,Owe her a while longer
card.mi06_3.right_outcome,The bell rings monthly. The interest is on the whole. Dray's hand was right.
card.mi06_4.text,"You are behind. I do not send men. I have sent the Company a copy of the note. I also have an alternative: the Keeper's discretion over mooring fees at the pound, assigned to me for the term. I collect; you are clear."
card.mi06_4.left,Assign the mooring fees
card.mi06_4.left_outcome,Cole collects the pound's mooring fees. The Hullfolk pay a landlady now. Bram hears of it.
card.mi06_4.right,Let the Company see the note
card.mi06_4.right_outcome,"Vosk reads it. ""Irregular. Both of you."" She pays it from the maintenance fund and says nothing else, which is worse."
card.mi06_5.text,"You owed Cole. Everyone in this town has. She's never been unkind and she's never let anyone go. My inn was hers for six years. Whatever you gave her to get clear, I hope it wasn't the town's."
card.mi06_5.left,It wasn't the town's
card.mi06_5.left_outcome,"""Good."" She looks at you a moment. ""Good."""
card.mi06_5.right,It was the mooring fees
card.mi06_5.right_outcome,"""The Reach's fees. To Cole."" She does not say anything else. She does not need to."
card.mi06_6.text,"You are clear. Few are. I have torn the note in front of you, as I do. I have kept a copy, as I do. Should the post need me again, my door has a bell. I hope you never hear it. I have never hoped that before."
card.mi06_6.left,Thank her
card.mi06_6.left_outcome,"""Do not. Kindly."" She means it, which is new."
card.mi06_6.right,Ask why she hopes it
card.mi06_6.right_outcome,"""Because you paid. Nobody pays. They give me things instead. I have enough things."""
card.mi07_1.text,"Lucan Hesse, Courier. I've come for a piece on the new Keeper. I've got one question and it's not the one you think. Not 'what will you do'. This: what did they tell you about the last one, and did you believe it?"
card.mi07_1.left,They said resigned; I didn't believe it
card.mi07_1.left_outcome,"""Good answer. Good enough that I won't print it yet."""
card.mi07_1.right,No comment on the last one
card.mi07_1.right_outcome,"""'No comment.' It's a quote. Everything's a quote."""
card.mi07_2.text,"Hesse asked me what wires you send. I said none of his business. He gave me a mark. I said still none of his business. He gave me two. I told him about the reservoir one. I'm sorry. I'm telling you before he prints it, which is something."
card.mi07_2.left,It's something
card.mi07_2.left_outcome,"""It is? Oh. Good. I'll give him the two marks back."" He does not."
card.mi07_2.right,Give the marks to the poor box
card.mi07_2.right_outcome,"He does, red-faced. Ilse puts it in the box and tells the whole inn where it came from."
card.mi07_3.text,"I've got a headline. 'THE KEEPER WHO COUNTS THE WATER.' It's about you asking questions about reservoirs. It's flattering, in Sorrel. In Ardent it's a warrant. I'll run it if you say. I'll run something duller if you don't. I'd rather run it."
card.mi07_3.left,Run it
card.mi07_3.left_outcome,Both shores read that the summit Keeper counts water. Vosk reads it twice. Quenn cuts it out.
card.mi07_3.right,Something duller
card.mi07_3.right_outcome,'NEW KEEPER SETTLES IN.' Nobody reads it. That is what it is for.
card.mi07_4.text,"The Courier. I have read it twice. It mentions you eleven times and me once, as 'the Superintendent', without a name or an adjective. Twenty years at this summit. I have never been so unmentioned."
card.mi07_4.left,Ask Hesse for a piece on Pell
card.mi07_4.left_outcome,Hesse writes one. It is kind and slightly mocking. Pell frames it and does not notice the mocking for a year.
card.mi07_4.right,Newspapers mention who they like
card.mi07_4.right_outcome,"""They do. They do."" He is quiet for a day. Then magnificent again, doggedly."
card.mi07_5.text,Ardent's written to the Courier. A letter of complaint about 'irresponsible speculation regarding Company infrastructure'. I've never had a letter from a Board. It's the best thing that's happened to my paper. I'd like to print the letter. It's their words. They can't stop me.
card.mi07_5.left,Print the letter
card.mi07_5.left_outcome,"Ardent's complaint on the front page, verbatim. Both shores laugh. Ardent does not write again."
card.mi07_5.right,Don't; they'll come for you
card.mi07_5.right_outcome,"""Let them. No, you're right. I'll hold it. I'll hold it about a month."""
card.mi07_6.text,COMPANY TO KEEPER STOP KEEPER TO REFRAIN FROM STATEMENTS TO PRESS STOP ALL PRESS ENQUIRIES TO ARDENT STOP ACKNOWLEDGE STOP
card.mi07_6.left,Acknowledge
card.mi07_6.left_outcome,"You acknowledge. Hesse hears of it. He prints the wire, since it is not a statement."
card.mi07_6.right,'THE KEEPER SPEAKS TO WHOM THE KEEPER LIKES'
card.mi07_6.right_outcome,"Fennick sends it, hands shaking. Ardent does not reply. Hesse frames it."
card.mi08_1.text,"You want the Dry Year? I'll give you the Dry Year, in pieces, because that's how I remember it. First piece: the pound went to the sills in a month. No drought. Rain every week. Went down anyway. Company said drought. Company said it loud."
card.mi08_1.left,No drought?
card.mi08_1.left_outcome,"""Rain every week. I was twelve. I remember being wet and the boats being dry."""
card.mi08_1.right,Buy him another; wait for the second piece
card.mi08_1.right_outcome,He drinks it and tells you about a girl instead. The second piece waits.
card.mi08_2.text,"Second piece. Men came up the west flight at night. Forty, in Company coats. Said they were a dredging crew. I knew what a dredger looked like and they didn't have one. They had picks and lamps, and they went up the north bank."
card.mi08_2.left,"The north bank, not the reservoirs"
card.mi08_2.left_outcome,"""North bank. Reservoirs are south. Everybody knew. Nobody said."""
card.mi08_2.right,What did the town say?
card.mi08_2.right_outcome,"""Town said dredging. Town says what the Company says when the Company's paying wages."""
card.mi08_3.text,"Tobin's been telling you the Dry Year. He told him too, the month before. I heard them from the stairs. Tobin said 'the north bank' and he went very quiet. I'd like to hear the rest with you."
card.mi08_3.left,Hear it together
card.mi08_3.left_outcome,"You sit with Tobin, both of you. He tells it slower for her. She does not interrupt once."
card.mi08_3.right,Hear it alone; tell her after
card.mi08_3.right_outcome,"""After. Right. That's what he'd have said too."" It is not a compliment."
card.mi08_4.text,"Third piece. The men came down after a month. Thin. Two fewer than went up. And the next week the pound started to rise, no rain, a mark a day, till it was full. Company said the reservoirs had 'recovered'. Reservoirs don't recover from picks, Keeper."
card.mi08_4.left,Two fewer
card.mi08_4.left_outcome,"""Two. Nobody counted but me. I was twelve and I counted everything. Still do."""
card.mi08_4.right,"A mark a day, no rain"
card.mi08_4.right_outcome,"""No rain. Like it's falling now, a mark a watch, no drought. Same thing, backwards."""
card.mi08_5.text,"You have been sitting with the old Keeper of Lock 8. He tells a story about the Dry Year. For the record, he has told it to every Keeper since. For the record, it is substantially accurate. For the record, I am asking you not to write it down."
card.mi08_5.left,Don't write it down
card.mi08_5.left_outcome,"""Noted."" You do not write it. You remember it. She knows the difference and lets it stand."
card.mi08_5.right,It's already in the Ledger
card.mi08_5.right_outcome,"""Noted."" A long pause. ""Then it is in three Ledgers. Dray wrote it too."""
card.mi08_6.text,"Last piece. Years after, Dray came down to Lock 8 one night, white, and asked where the men went in. I told him: below the stone house, where the clear stream is. He said thank you, Tobin. He never came down again."
card.mi08_6.left,"Thank you, Tobin"
card.mi08_6.left_outcome,"""Don't say it like that. He said it like that."""
card.mi08_6.right,Where the clear stream is
card.mi08_6.right_outcome,"""You've seen it. Course you have. You've got the face."""
card.mi09_1.text,"Pilgrims from the Aldmere chapels, forty of them, for the Lamp Vigil. They have no toll money; pilgrims never do. They ask passage through the pound to the chapel stage. The Book has no line for pilgrims. Find one."
card.mi09_1.left,Free passage for pilgrims
card.mi09_1.left_outcome,Forty pilgrims through the gate for nothing. Vosk finds the line and reads it twice.
card.mi09_1.right,The chapel pays their toll
card.mi09_1.right_outcome,Hale pays from the poor box. The poor eat less that week. She does not mention it.
card.mi09_2.text,"A pilgrim, very old, has knelt at the sill and put his hand in the pound and is weeping. He says the water tastes of his village, west of the Spine and dry these sixty years. The other pilgrims are embarrassed."
card.mi09_2.left,Ask the name of his village
card.mi09_2.left_outcome,"""Lowmere. Nobody says it. The water says it."""
card.mi09_2.right,Help him up
card.mi09_2.right_outcome,You help him up. He thanks you. He keeps his hand wet all the way to the chapel.
card.mi09_3.text,Forty Aldmere pilgrims have passed the summit without toll. I note that the Compact does not exempt pilgrims. I note that Aldmere's Guilds have asked me whether the Company is 'establishing a religious preference'. I note that I do not know what that means and must answer anyway.
card.mi09_3.left,"Charity, not preference"
card.mi09_3.left_outcome,"""Charity. Duly. The Guilds have no schedule for charity. I shall invent one."""
card.mi09_3.right,Charge the next lot
card.mi09_3.right_outcome,"""Duly."" The next pilgrims pay. Hale says nothing, which is how she says everything."
card.mi09_4.text,"The pilgrims asked to see the spring. I showed them the chapel well, as I show everyone. The old one from the dry village said 'that is not a spring, that is a pipe'. He is right. I have never had a pilgrim who was right."
card.mi09_4.left,Show them the north bank instead
card.mi09_4.left_outcome,"Forty pilgrims at the sluice house door, singing. Vosk watches from the Company house and does not come down."
card.mi09_4.right,The well is the spring; say so
card.mi09_4.right_outcome,You say so. The old pilgrim looks at you the way Bram does. Hale is grateful and ashamed.
card.mi09_5.text,"The pilgrims are leaving. Forty, by boat, down the east flight, singing something that is not a Concordance hymn. It has a river in it. They learned it at the Reach, where they went, uninvited, the last night, and were given fish."
card.mi09_5.left,Let them sing it down the flight
card.mi09_5.left_outcome,"The Song goes down the Aldmere flight in forty voices. Bram, on his bollard, does not sing. His lips move."
card.mi09_5.right,Ask them to sing a hymn instead
card.mi09_5.right_outcome,They sing a hymn. Politely. The river song comes back on the next boat up.
card.mi09_6.text,"A letter from the old pilgrim. He thanks the Keeper, the chapel and the Reach. He will not come again; he is too old. He says: 'tell the boat people the valley is still there. Somebody should go and look.'"
card.mi09_6.left,Give the letter to Bram
card.mi09_6.left_outcome,"Bram reads it three times. ""Somebody should. We have said so for sixty years. Now a stranger has."""
card.mi09_6.right,Keep it in the Ledger
card.mi09_6.right_outcome,The letter goes in the Ledger. It is the first entry not by a Keeper.
card.mi10_1.text,A drover with forty cattle at the towpath gate wants to swim them across the pound rather than pay the ferry or wait for the bridge at Lock 8. Forty cattle. In a canal. Crane has gone to find a schedule. Dace is already laughing.
card.mi10_1.left,Swim them
card.mi10_1.left_outcome,Forty cattle in the Summit Pound. Boats stop. Children cheer. One cow tries the chamber and has to be talked out.
card.mi10_1.right,"Ferry or bridge, like anyone"
card.mi10_1.right_outcome,"He pays the ferry, muttering. Crane arrives with the schedule too late and is quietly heartbroken."
card.mi10_2.text,"Schedule Two, note four: 'livestock in transit by water'. Written for boats carrying livestock. It does not say the livestock must be in the boat. I have never seen a clause so unprepared for its own use. A toll per head."
card.mi10_2.left,Charge per head
card.mi10_2.left_outcome,"Forty tolls. The drover pays in cheese. Crane accepts cheese under Schedule Five, delighted."
card.mi10_2.right,One toll for the herd
card.mi10_2.right_outcome,"""One. A herd as a vessel. Also defensible. I shall note both and be happy for a week."""
card.mi10_3.text,"One cow did not come out. She is standing in the shallows below the Reach, up to her belly, eating reeds, and will not be moved. The drover has gone on with thirty-nine. The Hullfolk have named her. They will not say what."
card.mi10_3.left,Leave her to the Reach
card.mi10_3.left_outcome,"The Reach has a cow. She gives milk. Bram, asked, says only 'she holds'."
card.mi10_3.right,Rope her out with a boat
card.mi10_3.right_outcome,"Six hands, a boat, a rope, an hour. She comes out. She goes back in by dusk."
card.mi10_4.text,"Report, Keeper. The cow's still in the Reach. The hands have started leaving her hay. And the Company's sent a wire asking why the summit's traffic log has an entry that reads 'forty cattle, swimming, one outstanding'."
card.mi10_4.left,"Reply: 'livestock in transit, Schedule Two'"
card.mi10_4.left_outcome,"Ardent does not reply. Crane, shown the wire, is prouder than you have ever seen him."
card.mi10_4.right,Reply: 'clerical error'
card.mi10_4.right_outcome,"""Right. Clerical. The cow's a clerical error."" She is called Clerical from then on."
card.mi10_5.text,The drover is back. He has heard his cow is alive and well and living with the Hullfolk. He would like her back. The Hullfolk would like to know what he'll pay. The cow would like to eat reeds. Nobody has asked the cow.
card.mi10_5.left,She's the Reach's now
card.mi10_5.left_outcome,"The drover goes away with thirty-nine cows and a grudge. The Reach keeps its cow. Bram, asked, says 'she chose'."
card.mi10_5.right,She's the drover's; pay the Reach for hay
card.mi10_5.right_outcome,"The Coffers pay the Reach for hay. The drover takes the cow. She is back in the shallows in a week, having walked from Lock 6."
card.mi10_6.text,There's a cow at the Reach that the town feeds and the Hullfolk milk and the Company's got a wire about. Somebody's painted her on the inn sign. It's the first thing the town and the Reach have shared in forty years. Take it.
card.mi10_6.left,Take it
card.mi10_6.left_outcome,"A cow on the inn sign. Bram drinks at the Wheel for the first time, under it. Nobody mentions why."
card.mi10_6.right,Ask what the Hullfolk named her
card.mi10_6.right_outcome,"""Quell. Some river. Don't ask me."" You do not need to."
card.mi11_1.text,"There's a boy in the lock house loft. Sorrel, Escort Company coat with the badges cut off. He came up in a coal hold, about my age, shaking. Solas's men are asking at the inn. I haven't said. Don't."
card.mi11_1.left,Say nothing; he stays hidden
card.mi11_1.left_outcome,The boy stays in the loft. Mirren brings him bread. You do not go up.
card.mi11_1.right,Tell Solas quietly
card.mi11_1.right_outcome,You tell Solas. He listens. He does not go to the loft. He does not tell his men. He goes to sit on Bram's bollard.
card.mi11_2.text,"Seventeen, perhaps. He was made to load rifles onto coal boats and did not know what they were for until a sergeant told him, laughing. He does not want to shoot anyone. He says it as if it were a strange thing to want."
card.mi11_2.left,It is not strange
card.mi11_2.left_outcome,He looks at you as if nobody had said so before. Perhaps nobody had.
card.mi11_2.right,Ask what the rifles are for
card.mi11_2.right_outcome,"""Sorrel. A different Sorrel. The sergeant said 'quickly'."""
card.mi11_3.text,One of mine's missing. Seventeen. Frightened of the wrong things and the right ones. My sergeant wants him found and made an example of. I'd rather he was found by nobody. I'm not asking where he is. I'm asking whether he's eating.
card.mi11_3.left,He's eating
card.mi11_3.left_outcome,"""Good."" He goes back to the inn and tells the sergeant the boy went east. The sergeant goes east."
card.mi11_3.right,He's in the lock house loft
card.mi11_3.right_outcome,"""I didn't hear that."" He did. He does nothing with it. He looks older."
card.mi11_4.text,He can't stay in the loft. Solas's sergeant is searching lofts. The Reach would take him; Wren said so. The chapel would take him; Hale said so. The Company would give him back; nobody had to say so. Where does he go?
card.mi11_4.left,The Reach
card.mi11_4.left_outcome,"Wren takes him at night. He is a Hullfolk boy by morning, in a stitched coat, learning knots."
card.mi11_4.right,The chapel
card.mi11_4.right_outcome,"Hale takes him. Sanctuary. Cole raises the chapel's lease, kindly. The sergeant does not search chapels."
card.mi11_5.text,"My sergeant's found him. Or thinks he has. He wants to search the Reach, or the chapel; he's not sure which and he'll do both. I've told him no. He's asked on whose authority. I've got none. You've got a gate."
card.mi11_5.left,No searches on Company ground
card.mi11_5.left_outcome,You say it in front of the sergeant. He looks at Solas. Solas looks at the pound. The sergeant goes back to the inn.
card.mi11_5.right,Let him search; find nothing
card.mi11_5.right_outcome,Wren has moved the boy to a fishing boat in the reeds. The sergeant finds a cow.
card.mi11_6.text,"The sergeant has gone west without his deserter. The boy is at the Reach, or the chapel, or gone east with a new name and a Hullfolk knot in his hair. Mirren does not say. She is at the paddles, humming. She never hums."
card.mi11_6.left,Ask her which
card.mi11_6.left_outcome,"""Safe."" That is all she says. It is enough."
card.mi11_6.right,Don't ask
card.mi11_6.right_outcome,You do not ask. She hums. The gate runs.
card.mi12_1.text,A coal barge from the west with a clean bill and a bargee who will not come up on deck. His mate says he is 'resting'. His mate is sweating in a cold wind. Stroud is at the inn. The queue is nine boats.
card.mi12_1.left,Hold the boat; send for Stroud
card.mi12_1.left_outcome,Stroud comes. She goes below. She comes up and says one word: 'fever'.
card.mi12_1.right,Pass it; the bill is clean
card.mi12_1.right_outcome,"It passes. Down the east flight. Stroud, told later, goes very still."
card.mi12_2.text,"Coalfield fever. One aboard sick; two more by week's end. The boat must not go down the east flight and must not sit in the queue. It needs a mooring apart, a physician, and time. The Company has a form. I have a patient."
card.mi12_2.left,Moor them beyond the Reach
card.mi12_2.left_outcome,The Hullfolk take the boat without being asked and bring food to the end of a pole. Stroud goes daily.
card.mi12_2.right,Send them back down the west flight
card.mi12_2.right_outcome,"The boat goes west with its fever. Stroud does not speak to you for a week. Sorrel does, later, angrily."
card.mi12_3.text,"There is fever at the summit. The Board's standing instruction is that the summit does not close for illness; closure 'alarms the shores'. I have not shown it to you until now, and I am not sure why I am showing it."
card.mi12_3.left,Close the summit anyway
card.mi12_3.left_outcome,"""Noted."" She writes 'gate closed for maintenance'. It is the first false entry she has ever made for someone else."
card.mi12_3.right,Stay open; isolate the boat
card.mi12_3.right_outcome,"""Noted."" The gate runs. The boat sits apart. By the week's end there is a case in the town."
card.mi12_4.text,The bargee is dead. The mate will live. The boat is a fever ship and its coal is Sorrel's and Sorrel wants it. I will not have that hold opened for a month. Vane wants it opened tomorrow. Choose a physician over a rate card.
card.mi12_4.left,A month; Sorrel waits
card.mi12_4.left_outcome,"Vane is furious and then, hearing the word 'dead', quiet. The coal waits."
card.mi12_4.right,Burn the coal in the boat
card.mi12_4.right_outcome,A coal barge burning on the pound at night. Sorrel's loss. Stroud's relief. The town watches from the bank.
card.mi12_5.text,"There's a fever ship at the Reach and the town's frightened. Half want the Reach cleared for having it. Half want the inn closed for having me. Come to the inn tonight and drink, in public, and don't die of it."
card.mi12_5.left,"Drink at the inn, in public"
card.mi12_5.left_outcome,You drink. The town watches you not die. By the second pint the inn is full.
card.mi12_5.right,Stay away till Stroud says
card.mi12_5.right_outcome,"""Right. Sensible."" The inn is empty for a fortnight. Sensible costs."
card.mi12_6.text,"The mate has walked off the boat, thin and alive. One dead, one living, none in the town. That is a good outcome for coalfield fever at a summit lock. I am telling you it was well done, because nobody else will."
card.mi12_6.left,It was your doing
card.mi12_6.left_outcome,"""It was both. Take half. Doctors are bad at halves."""
card.mi12_6.right,Inspect every bill from now
card.mi12_6.right_outcome,"""Every one. Good. It costs an hour. The other thing costs more."""
card.mi13_1.text,"I have to tell you something and I've been putting it off. I read your wires. All of them. Not for anyone; for me. I like knowing. I know it's wrong. I'm telling you so you can stop me, because I can't."
card.mi13_1.left,Keep reading; tell nobody
card.mi13_1.left_outcome,"""Nobody. Right. I can do nobody."" He can, mostly."
card.mi13_1.right,Stop reading
card.mi13_1.right_outcome,"""Stop. Yes. I'll try."" He stops for a week. It is the longest week of his life."
card.mi13_2.text,"A wire, for you, in Fennick's hand, not from the key. 'I READ THIS BEFORE YOU STOP I ALWAYS DO STOP IT SAYS VOSK IS TO REPORT ON YOU MONTHLY STOP I THOUGHT YOU SHOULD KNOW STOP SORRY STOP'"
card.mi13_2.left,Thank him
card.mi13_2.left_outcome,He goes red to the eyeshade and cannot look at you for a day.
card.mi13_2.right,Ask what else Vosk reports
card.mi13_2.right_outcome,"""Water figures. Every month. To an address that isn't the Board's."" He shows you the address. It is a name."
card.mi13_3.text,"I've made a system. Everything I read, I write down, in a book, in a code I made up. Six years of it. Every wire through the summit. I've never told anyone I had a book and it's the best thing I've ever done."
card.mi13_3.left,Show me the book
card.mi13_3.left_outcome,Six years of the summit's wires in a schoolboy cipher. Dray's last wire. Vosk's monthly reports. All of it.
card.mi13_3.right,Burn the book
card.mi13_3.right_outcome,"""Burn it."" He looks at you as if you had asked him to burn a child. He does not burn it."
card.mi13_4.text,"The telegraph clerk keeps a book. I have known for four years. For the record, I have not taken it, because a clerk who keeps a book is a clerk who can be trusted to remember. For the record, I am asking whether you have read it."
card.mi13_4.left,I have
card.mi13_4.left_outcome,"""Noted. Then you know what I send each month, and to whom. You will find I do not send it gladly."""
card.mi13_4.right,I have not
card.mi13_4.right_outcome,"""Noted."" She knows you have. She writes 'not' anyway."
card.mi13_5.text,"Vosk knows about the book. She's known for years. She said 'noted' and then 'keep it', and I don't know what that means, and I've been sick twice. Does she want me to keep it or is that what she says before she takes it?"
card.mi13_5.left,She wants you to keep it
card.mi13_5.left_outcome,"""She does? Oh. Oh, that's worse. That means she needs it. What for?"""
card.mi13_5.right,Give it to me for safekeeping
card.mi13_5.right_outcome,He gives it to you. The Ledger has a second book inside it now. He sleeps for the first time in a week.
card.mi13_6.text,"Fennick's book. Six years of wires. Among them, monthly, Vosk to a name in Ardent that is not the Board's: the gauge reading and one word. 'Holding.' Then, the month Dray vanished: 'Falling.' Then nothing, until you."
card.mi13_6.left,Ask Vosk what 'holding' meant
card.mi13_6.left_outcome,"""The sluice. For the record, it is not holding now. You will find I stopped sending the word the day you asked about the gauge."""
card.mi13_6.right,Keep it; use it later
card.mi13_6.right_outcome,"Six years of 'holding' in the Ledger. It is the shape of the whole thing, in one word, repeated."
card.mi14_1.text,"The Company store's stopped taking scrip at face. Nine in ten. The hands are paid in scrip, so the hands are paid nine in ten, by the Company, to the Company. I've refused scrip at the bar. The hands are furious with me."
card.mi14_1.left,Take scrip at face; I'll cover it
card.mi14_1.left_outcome,The Coffers make up the tenth. The hands drink. The Book has a column that says 'scrip loss'. Vosk reads it twice.
card.mi14_1.right,Take it up with Pell
card.mi14_1.right_outcome,Pell is 'wounded that anyone would think'. The store takes face again in a week. It slips back in a month.
card.mi14_2.text,"The scrip is a Board matter. Nine in ten is a Board rate. I did not set it; I have never set anything, I have announced things. Do not make me announce this one at the inn. They will throw things, and I bruise."
card.mi14_2.left,"Announce it yourself, at the gate"
card.mi14_2.left_outcome,You announce it. Nobody throws anything at you. They save it for the store.
card.mi14_2.right,He announces it; you stand beside him
card.mi14_2.right_outcome,"He announces. A tankard is thrown. It misses. He is magnificent about it, afterward."
card.mi14_3.text,"The hands are paid in scrip and scrip is nine in ten. I will take scrip at face, for rent, from any lock hand. It is a kindness, and a way of owning eleven men's wages before they see them. I mention both."
card.mi14_3.left,Let her take scrip at face
card.mi14_3.left_outcome,The hands pay Cole in scrip at face. They are grateful. They are hers.
card.mi14_3.right,The Coffers take scrip at face instead
card.mi14_3.right_outcome,"The chest fills with scrip and empties of coin. The hands are the Keeper's, not Cole's. Vosk notes both."
card.mi14_4.text,"Somebody's broken the Company store window. Then somebody's taken flour through it. Then somebody's paid for the flour in scrip, at face, and left the scrip on the counter. That's not theft, that's a point. The store's man wants the Book. The town wants a medal."
card.mi14_4.left,No names in the Book
card.mi14_4.left_outcome,You write 'window broken; flour paid for'. Vosk reads it. 'Noted. Accurate.'
card.mi14_4.right,Names in the Book
card.mi14_4.right_outcome,Three names. The store's man is satisfied. The three are dismissed. The town is not satisfied.
card.mi14_5.text,"Three things. The hands want paying in coin. Not scrip. Coin. The Company pays in scrip and always has. And if the Keeper says coin, the Keeper's saying the Company's money is bad, out loud, in the Book, with a signature."
card.mi14_5.left,Coin; sign it
card.mi14_5.left_outcome,You pay the hands in coin from the chest and write why. It is the most seditious entry in the Book. It is also arithmetic.
card.mi14_5.right,"Scrip, as the Company pays"
card.mi14_5.right_outcome,"""Right. Scrip."" The hands take it. They spend it at Cole's, where it is worth face, and are hers."
card.mi14_6.text,"Keeper! The Board has restored scrip to face. It cites 'representations from the summit', which is me, and which is you. The store's man has been moved to Lock 3. I did not ask for that. I did not object."
card.mi14_6.left,A compliment to us both
card.mi14_6.left_outcome,"""Both! Magnificent."" He shakes your hand. The hands are paid at face. Ilse takes scrip again, sulking."
card.mi14_6.right,"The town did it, not us"
card.mi14_6.right_outcome,"""The town. Yes. I shall not tell the Board that."" He does not. He tells Ilse, which is braver."
card.mi15_1.text,"A favor. Small one. A boat comes through tonight after the bell, no lamps, and the Book says nothing. Cargo. Nothing that bites. I'll owe you one. I don't owe many people; the old man says it's a character flaw."
card.mi15_1.left,"One boat, no Book"
card.mi15_1.left_outcome,It passes in the dark. A coin appears on the sill. You did not see it.
card.mi15_1.right,Everything in the Book
card.mi15_1.right_outcome,"""Fair. I'll ask again when you're tired."" She does."
card.mi15_2.text,"Bigger favor. Three boats. Same arrangement, plus one thing: Crane's at his post tonight and I need him not to be. Nothing rough. He likes fish suppers. Ilse could send one over. He'd be an hour. That's all I need. An hour and a fish."
card.mi15_2.left,A fish for Crane
card.mi15_2.left_outcome,"Crane eats fish. Three boats pass. Crane, later, notes the fish was excellent and the timing was not."
card.mi15_2.right,One boat was the favor; three is business
card.mi15_2.right_outcome,"""Business. Fair. What's your rate?"" You do not have one. She is disappointed and impressed."
card.mi15_3.text,"One of Wren's boats, in daylight, aground on the sill with a split plank and its cargo in the shallows. Long crates, oiled cloth. Not cheese. Dace is looking at them. Crane is walking down the towpath. Wren is nowhere."
card.mi15_3.left,"Get the crates back aboard, fast"
card.mi15_3.left_outcome,"You and Dace haul crates. Crane arrives to a floating boat and a wet Keeper. ""I note the plank."""
card.mi15_3.right,Let Crane see them
card.mi15_3.right_outcome,Crane sees rifles. He impounds them. Wren is jailed at his post by evening. She does not look at you.
card.mi15_4.text,"So. You've seen what's in the crates, or Crane has, or both. I told you nothing that bites. I lied. Sort of. They don't bite till somebody loads them. I'm not saying sorry. I'm saying you know now, and asking what you'll do with knowing."
card.mi15_4.text_variant0,"So. Crane's let me out. Under the Compact I'm 'released pending both shores', which means never. You let him see the crates. I'd have done the same. I'm not saying I forgive you. I'm saying I'd have done the same."
card.mi15_4.left,"Nothing, this once"
card.mi15_4.left_outcome,"""This once. Right. I'll take once."""
card.mi15_4.right,Stop moving them
card.mi15_4.right_outcome,"""Stop. Fine. Somebody else won't. I'll tell you who when I know."""
card.mi15_5.text,"The young one has been moving things through the reeds. We know. We have always known. We have not stopped her because what she moves buys mooring posts and medicine. We ask the gate whether it has stopped her, and whether it has thought about the posts."
card.mi15_5.left,I've thought about the posts
card.mi15_5.left_outcome,"""Good. Then when you stop her, and you will, stop her with the posts in mind."""
card.mi15_5.right,Rifles are not posts
card.mi15_5.right_outcome,"""No. They are what buys posts, when nothing else does. We do not say it is right. We say it is the price."""
card.mi15_6.text,"Last favor. Not for me. The old man wants mooring posts before winter and there's no money for posts if I stop the reeds. I've stopped the reeds. So: Company timber, your signature, my labor, nobody's Book. That's not smuggling. That's just theft. Better?"
card.mi15_6.left,Sign for the timber
card.mi15_6.left_outcome,Posts by winter. Vosk sees the chit. 'Noted.' She does not say irregular. She says nothing at all.
card.mi15_6.right,"Buy the timber from Tamm, honestly"
card.mi15_6.right_outcome,Coin for timber. Tamm sells it. The Reach has posts and the Book has an honest line. It is more expensive and it is better.
card.mi16_1.text,Frost on the Spine a month early. The west flight's top pounds have skinned over in a night. Boats coming up are breaking ice with their bows. Boats going down are waiting to see if it holds. Quenn says it will get worse before it gets better.
card.mi16_1.left,Close the west flight now
card.mi16_1.left_outcome,Closed. Twenty boats stay below. Sorrel is furious. Nothing is trapped.
card.mi16_1.right,Keep it open while it holds
card.mi16_1.right_outcome,"It holds three days. On the fourth, twelve boats are in the pound and the flight is solid."
card.mi16_2.text,"Three things. Twelve boats iced in the pound with crews aboard. The Company store's got a month of food for a town, not a town and twelve crews. And the crews have started asking Ilse for credit, and Ilse has started asking me who's paying."
card.mi16_2.left,The Coffers feed the crews
card.mi16_2.left_outcome,"You feed twelve crews from the chest. Vosk approves the spend without comment, which is unheard of."
card.mi16_2.right,Their owners pay; wire Sorrel
card.mi16_2.right_outcome,Sorrel wires back 'noted'. The crews eat on Ilse's credit. Ilse eats on faith.
card.mi16_3.text,My boats are in your ice. I've told my principals it's weather. They've told me weather is what a freight agent is paid to anticipate. I need them moving or I need a reason they can't that isn't me. Give me one. Make it good.
card.mi16_3.left,'The Company closed the flight'
card.mi16_3.left_outcome,"You write it. It is true, or true enough. Vane's principals blame the Company. The Company blames you."
card.mi16_3.right,'Ice is ice'
card.mi16_3.right_outcome,"""Ice is ice. Right. That's what they said about me."""
card.mi16_4.text,"The ice is lifting the top gate. It's pushing under the heel post and the gate's a hand higher than it should be; another hand and the hinges won't take it. I can break the ice every hour, all night, with fire. Or pray. Hale's praying."
card.mi16_4.left,"Fire, every hour, all night"
card.mi16_4.left_outcome,"Fires on the ice all night. The gate settles. Quenn's eyebrows survive, barely."
card.mi16_4.right,Let Hale pray; sleep
card.mi16_4.right_outcome,You sleep. The gate rises another hand. The hinges take it. Hale says nothing about it. Quenn says 'roughly a miracle'.
card.mi16_5.text,"Twelve crews in my inn a month, and nobody's paid, and nobody's fought, which is a record. They've taught the hands a Sorrel card game. Somebody's going to marry somebody by spring. Stand for it."
card.mi16_5.left,Stand for the wedding
card.mi16_5.left_outcome,"A Sorrel bargee and a Halfway girl at the top gate at dawn. You stand. The ice cracks during the vows, which everyone takes as a sign."
card.mi16_5.right,Hale should stand
card.mi16_5.right_outcome,Hale stands. You watch. It is still a good wedding. Ilse notes who stood.
card.mi16_6.text,"Thaw. The west flight runs brown and fast. Twelve boats go down it in a morning, thin, with a wedding aboard one and a Halfway card game aboard all. The pound is a mark lower than when the ice came. It always is. Nobody mentions it but you."
card.mi16_6.left,"Mention it, in the Ledger"
card.mi16_6.left_outcome,'The frost took nothing. The pound fell anyway.' A line for the next Keeper.
card.mi16_6.right,Wave them off
card.mi16_6.right_outcome,You wave. Twelve boats wave back. It is the best morning of the winter.
card.mi17_1.text,"The water is low. When it is low the chapel keeps the Lamp Vigil: every lamp in the town on the sill, dusk to dawn, the water asked nothing, only tended. It is older than the chapel. Give us the sill."
card.mi17_1.left,The sill is the chapel's tonight
card.mi17_1.left_outcome,Lamps on the sill from dusk. The town comes. The queue comes. Nobody asks the water anything.
card.mi17_1.right,"The bank, not the sill"
card.mi17_1.right_outcome,"""The bank hears too. Less well."" She holds it on the bank. It is smaller."
card.mi17_2.text,"The chapel woman keeps her Vigil at the sill. We keep ours at the Reach, the same night, without lamps. We ask whether the gate will stand at hers, or ours, or neither. We do not ask it to stand at both. Nobody has."
card.mi17_2.left,Stand at the Reach's
card.mi17_2.left_outcome,No lamps. Names over the water. Then a river's name. The chapel's lamps glow across the pound like another shore.
card.mi17_2.right,Stand at both
card.mi17_2.right_outcome,"You walk from the sill to the Reach at midnight with a lamp, and put it out at the Reach's edge. Both sides see. Nobody has done it."
card.mi17_3.text,"You went to the Reach's vigil. I saw the lamp cross the pound and go out. Twenty years I have kept the Vigil and never looked across. I am asking what they do, over there, in the dark, that we do not do here in the light."
card.mi17_3.left,They say names
card.mi17_3.left_outcome,"""Names. We say the water's. They say the people's. I had not thought of that."""
card.mi17_3.right,They say a river's name
card.mi17_3.right_outcome,"""A river."" She sits down in the last pew. ""Then they know. They have always known."""
card.mi17_4.text,"You stood in the dark with us. Few do. One verse for it, not the song. 'Under the stone house the river remembers; it goes into the hill and comes out singing.' That is a gift. We do not give many."
card.mi17_4.left,Ask for another verse
card.mi17_4.left_outcome,"""Greedy. Good. One more."" 'The door has a key that is a number. The number is ten.'"
card.mi17_4.right,Thank her for the one
card.mi17_4.right_outcome,"""Do not thank. Remember. That is the same thing, done properly."""
card.mi17_5.text,"The morning after both vigils. The pound is a mark lower. The chapel's lamps are cold on the sill and in the Ledger, in Dray's hand, one line: 'both vigils are for the same thing. Neither side knows it.'"
card.mi17_5.left,Tell Hale and Bram both
card.mi17_5.left_outcome,"You tell them, separately. Each says, in their own way, 'we know'. Neither has said it to the other."
card.mi17_5.right,Write beneath it: 'they do now'
card.mi17_5.right_outcome,"Two hands in the Ledger, one line each, thirty years apart."
card.mi17_6.text,"I have asked Bram Holloway whether the Reach would keep its vigil at the sill with ours, dark on their side, lamps on ours, the same water between. He said 'we hold'. I do not know if that is yes. Find out."
card.mi17_6.left,It is yes
card.mi17_6.left_outcome,"Both vigils at the sill: lamps on the town's side, dark on the Reach's, one water. The town does not speak of it for a week, and then speaks of nothing else."
card.mi17_6.right,Ask Bram yourself
card.mi17_6.right_outcome,"""We hold,"" he says again. Then: ""Yes."" It is the first time he has used the word to a charter man's question."
card.mi18_1.text,"Hull in my yard for caulking. Hullfolk. Good boat, old. She's got a floor a hand higher than it should be and a hollow under it you could lie down in. I'm not saying whose. I've seen it and now you have, if you want to have."
card.mi18_1.left,I've seen it
card.mi18_1.left_outcome,"""Right. Then we've both seen it."" He caulks her. He does not mention the floor again."
card.mi18_1.right,I haven't seen anything
card.mi18_1.right_outcome,"""Fair. Neither have I."" He caulks her. He looks at you differently."
card.mi18_2.text,"Tamm's got my boat and Tamm's seen the floor and Tamm's told you, because Tamm's honest, which is a terrible quality in a boatwright. Everyone on the Reach has a false floor. What are you going to do about floors?"
card.mi18_2.left,Nothing about floors
card.mi18_2.left_outcome,"""Nothing. Right. Floors are floors."" She relaxes a fraction."
card.mi18_2.right,Tell Crane about floors
card.mi18_2.right_outcome,"Crane inspects every Hullfolk floor for a month. He finds cheese, fish, one goat and a great deal of resentment."
card.mi18_3.text,"Another one. Not Hullfolk. Sorrel coal barge, in for a plank, and the same floor. Same hollow. Same hand's work, by the joints. Somebody's building false floors for two kinds of boat and I'd like to know who, because it's good work and it's not mine."
card.mi18_3.left,Find the builder
card.mi18_3.left_outcome,"You ask the Reach. Nobody says. You ask Solas. He says 'Sorrel yard, Lock 2, Company contract'. A Company contract."
card.mi18_3.right,Good work is good work
card.mi18_3.right_outcome,"""It is. I'd like to meet him. I'd like to hit him, then meet him."""
card.mi18_4.text,"The boatwright has mentioned false floors. In passing. I note he is not a man who mentions things in passing. A Sorrel barge with one is a Schedule Four matter and a Hullfolk boat a Schedule Five, and I do not know which he meant."
card.mi18_4.left,Schedule Four; the Sorrel barge
card.mi18_4.left_outcome,"Crane inspects the Sorrel barge. Rifles. He impounds them and, for once, does not look pleased."
card.mi18_4.right,He meant nothing
card.mi18_4.right_outcome,"""Nothing. Duly. I shall inspect nothing, thoroughly."" He inspects the Sorrel barge anyway, later, alone."
card.mi18_5.text,"Right. The Sorrel floors. Not mine. Same builder, different customer, and the customer's not moving cheese. I've been told to stay out of it by people who don't say please. I'm telling you because if I stay out, somebody should be in, and you've got a gate."
card.mi18_5.left,I'm in
card.mi18_5.left_outcome,"""Good. Bad. Good."" She tells you the boats, the nights, the builder's name."
card.mi18_5.right,Stay out; both of us
card.mi18_5.right_outcome,"""Both. Sensible. The old man'd say sensible."" She stays out. The boats keep coming."
card.mi18_6.text,"I've stopped taking boats with false floors. Any kind. Lost half my trade in a week. Wren says I'm honest, like an illness. I'd like the Company's caulking contract to make it up. You've got the pen."
card.mi18_6.left,Give him the Company contract
card.mi18_6.left_outcome,Tamm caulks Company boats at Company rates. He is solvent and honest and slightly bored.
card.mi18_6.right,Take the floors again; nobody's honest here
card.mi18_6.right_outcome,"""No."" He does not take them. He mends fences for the town instead. He is poorer and does not complain."
card.mi19_1.text,"I am raising the low street's rents a tenth. It has been six years and the Company has raised the tolls twice. The town will come to the moot and the moot will come to you. I am telling you first, kindly, so you may say you knew."
card.mi19_1.left,Ask her to wait a season
card.mi19_1.left_outcome,"""A season. For the Keeper. Kindly."" She waits. The town does not know she waited."
card.mi19_1.right,"Her buildings, her rents"
card.mi19_1.right_outcome,"""Quite."" The rents rise. The moot meets. The moot comes."
card.mi19_2.text,Cole's raised the low street a tenth. The low street floods twice a year and the Company won't drain it and now it costs a tenth more to be wet. The moot's asked me to ask the Keeper to ask Cole. Everyone asks someone. I'm asking.
card.mi19_2.left,"Ask Cole, publicly, at the moot"
card.mi19_2.left_outcome,"You ask. Cole says 'kindly, no'. The town hears you ask. It counts for something."
card.mi19_2.right,Drain the low street instead
card.mi19_2.right_outcome,"Company labor, Company timber, a drain. The low street is dry and costs a tenth more. Half a victory."
card.mi19_3.text,"You asked me to lower the rent in front of the moot. I said no in front of the moot. Now I am unkind and the Keeper is kind, though I have never put a family out and you work for the Company that floods them."
card.mi19_3.left,It is unfair; I'll say so
card.mi19_3.left_outcome,"You say so, at the inn. Cole is astonished. The town is confused. It is, briefly, honest."
card.mi19_3.right,Kindness is what you do
card.mi19_3.right_outcome,"""Kindly. Then I shall do less of it."" She does not. She cannot. She raises rents anyway."
card.mi19_4.text,"A family on the wharf with their furniture. Perrin's. Five children. Not put out; Cole never puts out. Moved to a smaller room at the same rent, which is the same thing done kindly. Perrin is a lock hand. He is looking at the Company's empty warehouse."
card.mi19_4.left,"The warehouse, for the winter"
card.mi19_4.left_outcome,"Perrin's family in the Company's warehouse. Pell learns of it and, for once, does not announce anything."
card.mi19_4.right,Pay the difference to Cole
card.mi19_4.right_outcome,You pay Cole for Perrin's old room. Perrin does not know. Cole does. She records it.
card.mi19_5.text,"The moot's voted a rent strike against Cole. I voted against; strikes end with someone's furniture on the wharf. I lost. The Company owns the ground under Cole's buildings, and might have a view, and you're the Company."
card.mi19_5.left,The Company has no view
card.mi19_5.left_outcome,"You say so. Cole waits out the strike. It lasts a month. She wins, kindly, and lowers the rent a twentieth."
card.mi19_5.right,Ground rent to the Company until it's settled
card.mi19_5.right_outcome,The town pays the Company instead of Cole. Cole is livid. Vosk is 'noting'. The strike ends fast.
card.mi19_6.text,"The rent matter is settled. A twentieth, not a tenth. The moot calls it a victory; I call it a rounding. I have not enjoyed this season. I could have made it worse, and did not, and this is the only time I shall say so."
card.mi19_6.left,I know
card.mi19_6.left_outcome,"""Good. Kindly."" She goes. The bell on her door does not ring for a month."
card.mi19_6.right,You could have made it better
card.mi19_6.right_outcome,"""I could. Nobody asked me to. Kindly remember that they ask you."""
card.mi20_1.text,COMPANY TO KEEPER STOP COMMISSIONER KELL ARRIVES SUMMIT TOMORROW STOP NO PREPARATION REQUIRED STOP THE COMMISSIONER PREFERS THE SUMMIT AS IT IS STOP
card.mi20_1.left,Prepare anyway
card.mi20_1.left_outcome,"A night of scrubbing. Kell arrives to a summit that is not as it is, and notices."
card.mi20_1.right,As it is
card.mi20_1.right_outcome,"Kell arrives to mud, geese and a queue. ""Excellent. Regrettably honest."""
card.mi20_2.text,Keeper! The Commissioner! Here! I have never met a Commissioner. I have written to eleven. He is on the wharf now with a silver cane and I have forgotten every adjective I own. Come and be magnificent for both of us. Please.
card.mi20_2.left,Go and greet Kell
card.mi20_2.left_outcome,"You greet him. Pell stands behind you saying 'yes, yes' at intervals. Kell is courteous to both."
card.mi20_2.right,Send Pell alone; he can do it
card.mi20_2.right_outcome,"He can, it turns out. Twenty years of adjectives arrive at once. Kell is faintly impressed."
card.mi20_3.text,The Board sent me to see whether the summit's Keeper is 'sound'. I have concluded the Keeper is not sound; the Keeper is something the Board has no word for. I shall have to invent one. What are you?
card.mi20_3.left,The gate's
card.mi20_3.left_outcome,"""The gate's. Regrettably, the Board owns the gate. I shall write 'devoted'. It is close."""
card.mi20_3.right,The water's
card.mi20_3.right_outcome,"""The water's."" A very long pause. ""I shall write 'attentive'. I shall not write why."""
card.mi20_4.text,"The Commissioner asked me about the sluice house. Directly. I said it was disused and sound. He said 'regrettably, I know'. You will find he knows more than the Board, and the Board sent him anyway."
card.mi20_4.left,Ask Kell what he knows
card.mi20_4.left_outcome,"""Everything, regrettably. The Board's view is that I should not. My view is that someone must."""
card.mi20_4.right,Let him know alone
card.mi20_4.right_outcome,"""Noted. That is what I have done for eleven years. You will find it does not get lighter."""
card.mi20_5.text,I leave tomorrow. My report will say the summit is 'adequately kept'. That is the Board's phrase for 'leave it alone'. I have used it four times in twenty years. It is the highest praise I am permitted.
card.mi20_5.left,Thank him
card.mi20_5.left_outcome,"""Do not. The Board does not reward gratitude. I do, privately, and it is worth nothing."""
card.mi20_5.right,Ask what the other three were
card.mi20_5.right_outcome,"""Two Keepers who died in post and one who resigned. Regrettably, I meant it each time."""
card.mi20_6.text,"He has gone. The Commissioner. He shook my hand on the wharf and said 'Superintendent' as if it were a name and not a title. Twenty years, Keeper. I have decided it was magnificent. I have decided not to ask you whether it was. I am asking anyway."
card.mi20_6.left,It was
card.mi20_6.left_outcome,"""It was!"" He goes to his office and does not come out for an hour. He is writing it down."
card.mi20_6.right,"He said your title, not your name"
card.mi20_6.right_outcome,"""He did."" A pause. ""It will do. It is more than eleven letters got me."""
card.mi21_1.text,"Three boats from the west, low in the water with people, not coal. Families. Coalfield towns, they say; the strikes, the shooting. They have no tolls and no papers and nowhere they are going except east, away. Crane is at his post. He has seen them."
card.mi21_1.left,"Pass them east, no toll"
card.mi21_1.left_outcome,Three boats down the east flight. Aldmere's cutter at Lock 5 stops them. They come back up.
card.mi21_1.right,Moor them; find out first
card.mi21_1.right_outcome,They moor at the wharf. Sixty people. The town looks at them. They look at the town.
card.mi21_2.text,"Sixty people on the wharf and the chapel has floor for thirty and the poor box for a week. I have not asked where they are going. We do not ask. I am asking the Keeper for the other thirty, and the other weeks."
card.mi21_2.left,The Company warehouse for the other thirty
card.mi21_2.left_outcome,"Thirty in the chapel, thirty in the warehouse. Pell says nothing, which costs him."
card.mi21_2.right,The Reach; ask Bram
card.mi21_2.right_outcome,Bram takes thirty without a word. The Reach has forty boats and now sixty more people. It holds.
card.mi21_3.text,Sixty Sorrel nationals at the summit without papers. Under the Compact I am obliged to report them to Aldmere as 'irregular entrants'. Aldmere will refuse them. Sorrel will not have them back. I note that the Compact did not anticipate people. I note that I must report anyway.
card.mi21_3.left,Report them as Company labor
card.mi21_3.left_outcome,"You hire sixty people for a week's work on the towpath. They are 'Company labor'. Crane reports it, precisely, without expression."
card.mi21_3.right,Report them as they are
card.mi21_3.right_outcome,"""Duly."" Aldmere refuses them. They stay at the summit, because there is nowhere else, and are nobody's."
card.mi21_4.text,Sixty coalfield people at the summit a fortnight and the town's split. Half's feeding them. Half's counting them. One of them's a smith and there's been no smith in Halfway since Year 60 and Cole's already offered him a lease. The moot wants to know if they're staying.
card.mi21_4.left,They stay if they want to
card.mi21_4.left_outcome,Forty stay. The smith stays. Twenty go east by night on Hullfolk boats. The town has a smith and forty new faces and a great deal to say about it.
card.mi21_4.right,They move on when the flight opens
card.mi21_4.right_outcome,"They move on. The smith too. Cole is disappointed. The town is relieved and, in a year, sorry."
card.mi21_5.text,"A woman from the coalfield boats, the one the others listen to. One question. In Sorrel they told her the canal's water was stolen from a valley. Is it true? She would like to know what kind of water she is drinking."
card.mi21_5.left,It is true
card.mi21_5.left_outcome,"""Then we are drinking someone else's river. We have done worse things to stay alive. Thank you for saying it."""
card.mi21_5.right,It is a story
card.mi21_5.right_outcome,"""A story."" She looks at the pound. ""Stories are how they told us about the rifles too."""
card.mi21_6.text,"The coalfield people have gone, or stayed, or become the town. The smith has mended the chapel lamp. I have never had a smith. The Company's form asks what the summit gained. Write 'a smith'."
card.mi21_6.left,Write 'a smith'
card.mi21_6.left_outcome,The Company's form says 'a smith'. Ardent does not ask what it means. It means everything.
card.mi21_6.right,Write 'sixty people'
card.mi21_6.right_outcome,The form says 'sixty people'. Ardent does ask. You do not answer.
card.mi22_1.text,"Crane and I have a bet. A month's wages each. He says the pound will be lower at the solstice than today, rain or no rain. I say water goes up when it rains. You hold the stakes. You're the only one who won't take a cut."
card.mi22_1.left,Hold the stakes
card.mi22_1.left_outcome,Two months' wages in the Keeper's drawer. Crane writes a receipt. Vane writes a rude one.
card.mi22_1.right,Ilse holds them
card.mi22_1.right_outcome,"Ilse holds them and charges both for the privilege. Crane pays. Vane argues, then pays."
card.mi22_2.text,"A wager. I have never taken a wager. The Compact does not forbid it, which I checked twice. I shall win, because I have six years of gauge readings and the Sorrel agent has an opinion. I have never wanted to win anything before."
card.mi22_2.left,Show me the readings
card.mi22_2.left_outcome,"Six years, to the sixteenth of a mark, in a black book. The pound falls a mark a watch, always, whatever the rain."
card.mi22_2.right,Enjoy wanting to win
card.mi22_2.right_outcome,"""Enjoy. Duly. I shall try. I am not built for it."""
card.mi22_3.text,"Crane's wager. He'll win. Sorry, but he will, because the pound doesn't do what rain does. I've a year of readings that say so and he's six, and we've never compared them, because he's Aldmere and I'm Company. Should we?"
card.mi22_3.left,Compare them
card.mi22_3.left_outcome,Four hours at the inn with two black books. They match to the sixteenth. Crane says 'duly'. Quenn says 'sorry'. Both mean 'so it is true'.
card.mi22_3.right,Company and Aldmere keep their own books
card.mi22_3.right_outcome,"""Right. Roughly. Yes."" She keeps hers. He keeps his. They say the same thing to nobody."
card.mi22_4.text,It's rained for a week. The pound's up a finger. A finger. I've watched water my whole life; I move coal on it. A week of rain should be a mark. I'm going to lose this bet and I don't understand why.
card.mi22_4.left,The pound isn't fed by rain
card.mi22_4.left_outcome,"""Then what feeds it?"" You do not say. She writes something down for the first time in your presence."
card.mi22_4.right,Water is strange up here
card.mi22_4.right_outcome,"""Strange. Right. Fine. I'll pay. I'll want to know why, later."""
card.mi22_5.text,Solstice. The pound is a mark and a half lower than the day of the wager. I have won. The Sorrel agent has paid with a bow. I do not want the money. I want to know why I was right. I have wanted that for six years.
card.mi22_5.left,Tell him why
card.mi22_5.left_outcome,"You tell him what you know. He listens without moving. At the end: ""Then the Compact was signed over a lie. Duly. I shall need to think."""
card.mi22_5.right,Give the winnings to the poor box
card.mi22_5.right_outcome,"He gives them. Hale blesses the coin. Vane, hearing, gives the same again out of spite."
card.mi22_6.text,"The wager is settled and two people who have never agreed on anything now agree on one number: a mark a watch, rain or none. In the Ledger you write the number. Beneath it, in Dray's hand, the same number, and a question mark."
card.mi22_6.left,Write the answer under the question mark
card.mi22_6.left_outcome,"'The Cut.' Two words, under a question thirty years old."
card.mi22_6.right,Leave the question mark
card.mi22_6.right_outcome,The question mark stays. Someone else can answer it. You have the number.
card.mi23_1.text,"A windlass is gone from the lock house. The good one, Dray's. The hands say Hullfolk, because the hands always say Hullfolk. And Mirren says if anyone says Hullfolk again she'll put them in the pound, and she means it."
card.mi23_1.left,Search the lock house first
card.mi23_1.left_outcome,You search. Nothing. The hands look at the Reach. Mirren looks at the hands.
card.mi23_1.right,Ask at the Reach
card.mi23_1.right_outcome,You ask. Bram says 'we do not take windlasses'. Forty faces say the same. Mirren does not speak to you for a day.
card.mi23_2.text,"It was his. The windlass. He made the handle himself, from the old gate beam. I've worked every paddle at this lock with it. Whoever took it didn't take a windlass, they took him, again. I'm not asking you to find it. I'm telling you I'm going to."
card.mi23_2.left,Find it together
card.mi23_2.left_outcome,You and Mirren search the summit for a week. You find three other things nobody knew were missing. Not the windlass.
card.mi23_2.right,Let her look; keep the gate
card.mi23_2.right_outcome,She looks. She does not come to the paddles for two days. Dace covers. He does not complain.
card.mi23_3.text,The town says the Reach took the dead Keeper's windlass. We did not. We have never taken iron from the gate; we remember what happened in Year 44 to a boy who took a rope. We ask the gate to say so where the town can hear.
card.mi23_3.left,"Say so, at the inn"
card.mi23_3.left_outcome,"You say at the inn that the Reach did not take it. The town does not believe you. It stops saying so aloud, which is a start."
card.mi23_3.right,I don't know who took it
card.mi23_3.right_outcome,"""No. But you know who did not. We ask you to say that much."" You do not, yet."
card.mi23_4.text,"The windlass. Perrin's boy had it. Took it to sell for his father's rent, lost his nerve at Lock 7, hid it in Tobin's woodpile. Tobin brought it to me, because Tobin's town. It's under my bar. What do I do with a boy?"
card.mi23_4.left,Nothing; give the windlass back
card.mi23_4.left_outcome,The windlass goes back on its hook. Perrin's boy is never named. Mirren knows anyway and says nothing.
card.mi23_4.right,The boy apologizes to Mirren
card.mi23_4.right_outcome,"He does, shaking. Mirren listens. She says 'right' and gives him a windlass of his own to carry. He carries it for years."
card.mi23_5.text,"So it was a town boy. The town said us for a fortnight and now nobody's going to say sorry to the Reach, because nobody ever does. I'm not asking for sorry. Will you say, at the gate, who it wasn't?"
card.mi23_5.left,Say it at the gate
card.mi23_5.left_outcome,"You say it to the queue, the hands, the town. 'It was not the Reach.' Bram, on his bollard, does not look up. He heard."
card.mi23_5.right,It's settled; let it lie
card.mi23_5.right_outcome,"""Settled. Right. It's always settled, for you lot."""
card.mi23_6.text,It's back on the hook. His windlass. I've worked the paddles with it all day and it's the same and it isn't. I've decided something. I'm going to teach Perrin's boy the paddles. With it. Someone should learn them from someone who learned them from him.
card.mi23_6.left,Teach him
card.mi23_6.left_outcome,"She teaches him. He is hopeless, then less so. She uses her father's words without noticing."
card.mi23_6.right,Teach me first
card.mi23_6.right_outcome,"""You? Right."" She teaches you. You are worse than the boy. She almost laughs."
card.mi24_1.text,"A boat at the gate after the last bell with no lamps, no name, and a man at the tiller who says 'the Captain sent us' and nothing else. Solas, you assume. The man does not confirm it. Dace is at the paddles, waiting."
card.mi24_1.left,"Pass it, dark"
card.mi24_1.left_outcome,It goes through in the dark. Something in its hold shifts with a sound like iron.
card.mi24_1.right,"Lamps and a name, or wait for dawn"
card.mi24_1.right_outcome,"It waits for dawn. At dawn it is gone, back down the west flight. Solas, asked, says 'not mine'."
card.mi24_2.text,"A boat came through at night saying I sent it. I didn't. Someone's using my name at your gate. That's a compliment or the start of something I'll be blamed for. Tell me the next time it happens, before you open."
card.mi24_2.left,I'll tell you first
card.mi24_2.left_outcome,"""Good."" He waits at the gate three nights. On the third, a dark boat. He goes aboard alone. It leaves, fast, west."
card.mi24_2.right,I'll stop night boats entirely
card.mi24_2.right_outcome,"""That's cleaner. It won't stop them. It'll move them to the reeds."" It does."
card.mi24_3.text,"Another dark boat. This one has a lamp: one, lit, then covered as it nears the gate. The man at the tiller says nothing at all. In the bow, under a tarpaulin, something long. Solas is not at the gate. Nobody is, but you and Dace."
card.mi24_3.left,Lift the tarpaulin
card.mi24_3.left_outcome,"Rifles, oiled, in fours. The man at the tiller does not move. He is waiting to see what you do."
card.mi24_3.right,Open the gate; ask nothing
card.mi24_3.right_outcome,It passes. The man at the tiller nods once. Dace does not look at you.
card.mi24_4.text,The night watch at my post has recorded four unlit vessels through the summit this month. I was asleep for all four. An inspector who sleeps is one the Compact did not anticipate. I am moving my bed to the post.
card.mi24_4.left,Don't; I'll wake you
card.mi24_4.left_outcome,You wake him for the next dark boat. He arrives in a nightshirt with his statute book. The boat turns back at the sight.
card.mi24_4.right,Move your bed; it's your post
card.mi24_4.right_outcome,He moves it. He sleeps badly and inspects well. The dark boats find the reeds.
card.mi24_5.text,"I've found who's using my name. My own sergeant, paid by men above me to run boats through a gate I'm supposed to be watching. I've put him on a boat west. I've no authority to. I did it anyway. It's said once, to someone."
card.mi24_5.left,It's said
card.mi24_5.left_outcome,"""Good."" He sits on Bram's bollard that night. Bram lets him have it for an hour."
card.mi24_5.right,Report the sergeant to Sorrel yourself
card.mi24_5.right_outcome,"You write to Sorrel. Sorrel does nothing. The sergeant is back in a month, at Lock 4, with a promotion."
card.mi24_6.text,"No dark boats this month. Solas at the gate most nights, unasked, his good arm on the beam. Crane's bed at his post. Dace's lamp on the sill. Whatever came through at night has found another way. You write 'the gate is lit'."
card.mi24_6.left,Keep it lit
card.mi24_6.left_outcome,"A lamp on the sill every night, at the Coffers' cost. It is the cheapest thing you have bought."
card.mi24_6.right,Let the dark come back; watch it
card.mi24_6.right_outcome,You let the lamp go out. The boats come back. This time you know what to look for.
card.mi25_1.text,"The budget. There's one and it's small and Pell wants it for bunting and I want it for the lower gate's heel post, which is rotten, which I've said in three reports nobody's read. I know which one the Board can see from Ardent."
card.mi25_1.left,Heel post
card.mi25_1.left_outcome,"""Thank you. Sorry. Thank you."" Pell is wounded for a week. The gate does not fall down."
card.mi25_1.right,Bunting
card.mi25_1.right_outcome,"""Bunting. Right. I'll patch the post. Roughly."" She patches it. It weeps."
card.mi25_2.text,Quenn has told you about heel posts. I am sure heel posts are important. I am also sure the Board has never once written to me about a heel post and has written four times about bunting. I do not make the Board. I read its letters.
card.mi25_2.left,Ask the Board for a heel post budget
card.mi25_2.left_outcome,"You write to Ardent about a heel post. Ardent replies, astonished, with money. Pell frames the reply."
card.mi25_2.right,Bunting next year; posts this
card.mi25_2.right_outcome,"""Next year. Yes. There is always next year, until there is not."""
card.mi25_3.text,"I've found money. Not the budget; older. A maintenance fund from Year 31, never drawn, in Vosk's ledger, for 'north bank works'. Forty marks. Sitting there. Vosk says it's 'reserved'. For what? Nothing's been done on the north bank since Year 31. Officially."
card.mi25_3.left,Ask Vosk to release it
card.mi25_3.left_outcome,"""Noted. No."" A pause. ""For the record, it is for the day the north bank needs it. You will find that day is coming."""
card.mi25_3.right,Leave it reserved
card.mi25_3.right_outcome,"""Reserved. Right."" Quenn looks at the north bank a long time."
card.mi25_4.text,"Quenn wants a heel post and I've got the oak, seasoned, the best I've had. I'll cut it for the Company's price. Or the town's price, which is half, if the town gets to say it gave the Keeper a gate. It'll hold either way."
card.mi25_4.left,The town's price; the town's gate
card.mi25_4.left_outcome,"The town gives the Keeper a heel post. There is a small ceremony. Pell attends, magnificently uncertain."
card.mi25_4.right,The Company's price; the Company's gate
card.mi25_4.right_outcome,"Company oak, Company gate. It holds. Nobody says anything about it."
card.mi25_5.text,Keeper! The heel post! I stood on it. It did not move. I have stood under bunting my whole career and I now see that bunting does not hold a gate. I shall write to the Board about heel posts. They will not understand.
card.mi25_5.left,Write it
card.mi25_5.left_outcome,Nine pages on heel posts. Ardent files it under 'bunting'. Quenn keeps a copy.
card.mi25_5.right,Stand on it again
card.mi25_5.right_outcome,He stands on it again. Then Quenn does. Then Dace. It becomes a thing the summit does.
card.mi25_6.text,The gate's sound. Both gates. First time since I came. I've written it in my report and I've written it without 'sorry' and I've written it without 'roughly'. I'd like you to read it. It's one line. It took six years.
card.mi25_6.left,Read it
card.mi25_6.left_outcome,"'The summit gates are sound. T. Quenn, Engineer.' You read it twice. She watches you read it."
card.mi25_6.right,Send it to Ardent
card.mi25_6.right_outcome,Ardent receives a one-line report and does not know what to do with it. It is the first honest line from the summit in years.
card.mi26_1.text,They have taken my fiddle. The charter men. For mooring fees. It has one string and no value and it is the only thing I own that came from the valley. I do not ask. Wren asks. I am telling the gate what was taken and from whom.
card.mi26_1.left,Return the fiddle; waive the fee
card.mi26_1.left_outcome,"The fiddle goes back to the Reach. The fee is written off. Vosk, later: 'a fiddle. Noted.'"
card.mi26_1.right,The fee stands; the fiddle waits
card.mi26_1.right_outcome,The fiddle sits in the toll office. She does not sing for a month. The Reach is very quiet.
card.mi26_2.text,"The fiddle. Grandmother's. You've got it or you've given it back; either way you know what it is now. It's the only thing on the Reach older than the canal. Whatever it cost in fees, I'll pay. Don't make a thing of it."
card.mi26_2.left,No fee; it's hers
card.mi26_2.left_outcome,"""No fee. Right."" She does not thank you. She brings you a fish every week for a year."
card.mi26_2.right,Take her fee; return it
card.mi26_2.right_outcome,She pays. The fiddle goes back. She has paid a Company fee and it sits badly with her.
card.mi26_3.text,"A fiddle was impounded for mooring fees and released without payment from the debtor. For the record, the Book does not have a column for fiddles. I have made one. You will find I would like to know what the fiddle plays."
card.mi26_3.left,A song about a river
card.mi26_3.left_outcome,"""Noted."" A long pause. ""I have heard it. From the Company house, at night. I did not know it had words."""
card.mi26_3.right,One string; not much
card.mi26_3.right_outcome,"""Noted."" She writes it. She does not believe it. She has heard it too."
card.mi26_4.text,"You gave it back. Or you let it be bought back, which is the same to a fiddle. I will play you something for it. Not the song. A piece of the song. The part about the door. You will not understand it. Nobody does, the first time."
card.mi26_4.left,Listen
card.mi26_4.left_outcome,One string. A door in a hill. A key that is a number. Ten. You understand more than she thinks.
card.mi26_4.right,Play it for Mirren too
card.mi26_4.right_outcome,Mirren listens with her hands flat on the gunwale. At 'ten' she looks up.
card.mi26_5.text,"The old singer says you heard the door verse. She does not play it for charter men. She played it for a gate. We have talked about what a gate is owed for that. We have decided: nothing. We tell you, so you know it was decided."
card.mi26_5.left,Nothing is right
card.mi26_5.left_outcome,"""Yes. We thought you would say so. It is why we decided it."""
card.mi26_5.right,Ask for the rest of the song
card.mi26_5.right_outcome,"""The rest is not owed. The rest is given, when it is given. Ask again when the water is lower."""
card.mi26_6.text,"I am old and the fiddle is older and one day soon one of us will stop. When I stop, the fiddle goes to Wren, and the song goes to whoever has heard it. Hear the rest, before I stop. Old women do not request."
card.mi26_6.left,"Hear the rest, now"
card.mi26_6.left_outcome,"All of it. Six verses on one string at dusk. The river, the hill, the door, the number, the debt, the dawn."
card.mi26_6.right,When the water is lower
card.mi26_6.right_outcome,"""Lower. It will be. I may not."" She is, as it happens. She sings it then, at the sill, for the town."
card.mi27_1.text,A man on the north bank with a theodolite and a notebook. Not Company; his coat is wrong. Not Sorrel; his accent is wrong. He is surveying the bank below the sluice house with great care and no permit. He says he is 'interested in old water'.
card.mi27_1.left,Ask what he's found
card.mi27_1.left_outcome,"""A channel. Cut stone. Straight as a rule. Going into the hill. Do you know what it is?"" You do not say."
card.mi27_1.right,Send him off Company ground
card.mi27_1.right_outcome,"He goes. He leaves his notebook on the bank, by accident or otherwise."
card.mi27_2.text,"There is a man surveying the north bank. I have asked him to leave and he has declined, citing a right of way I did not know existed. I am asking the Keeper to remove him. For the record, I do not often ask."
card.mi27_2.left,Remove him
card.mi27_2.left_outcome,You remove him. He goes with his notebook. Vosk watches from the Company house and does not say noted.
card.mi27_2.right,A right of way stands
card.mi27_2.right_outcome,"""Noted."" He surveys for a week. She watches every hour of it."
card.mi27_3.text,"The surveyor's notebook. Bearings along the north bank. A sketch of a stone channel. A word, underlined: 'Quell?' And a name in Ardent that is not the Board's. The same name Vosk writes to monthly, if you have seen Fennick's book."
card.mi27_3.left,Copy the bearings into the Ledger
card.mi27_3.left_outcome,"Bearings, sketch, word, name. The Ledger has a map now, of sorts."
card.mi27_3.right,Give the notebook to Vosk
card.mi27_3.right_outcome,"""Noted."" She reads the name and goes very still. ""He works for the same man I do. Nobody told me."""
card.mi27_4.text,The surveyor's bearings run straight to where the missing page says the sluice house is. Someone in Ardent knows exactly where to look and sent a man to look at it. Sorry. Why now?
card.mi27_4.left,Because the water is falling
card.mi27_4.left_outcome,"""Because it's falling faster. Yes. They've noticed. They're deciding what to do. Sorry. That's worse."""
card.mi27_4.right,Because someone told them
card.mi27_4.right_outcome,"""Vosk. Or Fennick. Or you."" She does not mean it. She does not take it back."
card.mi27_5.text,The surveyor was sent by the man I report to. Not the Board. The man. He did not tell me. That means he no longer trusts me to watch the summit alone. I have watched it alone for eleven years. I am tired.
card.mi27_5.left,Watch it with her
card.mi27_5.left_outcome,"""Noted."" She sits a long time. ""You will find I have never been offered that."""
card.mi27_5.right,Ask who the man is
card.mi27_5.right_outcome,"""A name in Ardent. Old. He was at the Dry Year. He is the last who was."" She does not give the name. She does not need to."
card.mi27_6.text,"The surveyor has gone. His bearings are in the Ledger or in Vosk's drawer or in Ardent. The north bank is as it was: a stone house with iron straps, a clear stream, a slump in the bank. Someone in Ardent has a map now. So do you."
card.mi27_6.left,Walk the bearings yourself
card.mi27_6.left_outcome,You walk them. They end at the sluice house door. They always did.
card.mi27_6.right,Let Ardent have its map
card.mi27_6.right_outcome,"Ardent has a map. You have a gate. For now, the gate is the thing that opens."
card.mi28_1.text,"Dray's house. His chair, his desk, his oilskin on the hook, his daughter at the paddles. You sleep in his bed and eat at his table and write in his Ledger. The study door is locked. It is the only door in the house that is."
card.mi28_1.left,Ask Mirren for the key
card.mi28_1.left_outcome,She has it. She has had it the whole time. She does not give it to you. Not yet.
card.mi28_1.right,Leave it locked
card.mi28_1.right_outcome,"It stays locked. You learn the house around it, like a tongue around a missing tooth."
card.mi28_2.text,You moved the lamp. In the study. I know because I look through the window every night and the lamp's on the desk and it was on the shelf. He kept it on the shelf. Did you go in?
card.mi28_2.left,Through the open window
card.mi28_2.left_outcome,"""Right."" She does not believe you. She does not push. She puts the lamp back through the window."
card.mi28_2.right,I went in
card.mi28_2.right_outcome,"""You went in."" She is white. ""What did you see?"" You saw a desk, a drawer, and a ledger that is not the Ledger."
card.mi28_3.text,"Night. The house makes his sounds: a stair that speaks, a shutter that argues with the wind. On the study desk: a ledger in cipher, tide tables for a canal, a pencil worn to nothing. He was working on something when he stopped."
card.mi28_3.left,Sit at his desk till dawn
card.mi28_3.left_outcome,"You sit. You do not open anything. At dawn Mirren finds you there and, for once, does not look angry."
card.mi28_3.right,Go to bed; it is his desk
card.mi28_3.right_outcome,You go to bed. The stair speaks. The shutter argues. The desk waits.
card.mi28_4.text,"You're in his house. I was in it once, the week before. He'd moved the chair to the window. Said he wanted to see the north bank. I said what's on the north bank. He said 'the tenth mark, Tobin'. Do you know what he meant?"
card.mi28_4.left,I'm beginning to
card.mi28_4.left_outcome,"""Beginning. Aye. He was further than beginning. Look where it got him."""
card.mi28_4.right,Move the chair back
card.mi28_4.right_outcome,You move the chair back from the window. It does not help. You know what he was looking at now.
card.mi28_5.text,"Here. The study key. I've had it since he went. I've been in every night and touched nothing. You sit in his chair and don't pretend it's yours, and Tobin says you can read what's on the desk. Don't move the lamp."
card.mi28_5.left,Take the key
card.mi28_5.left_outcome,A brass study key. The first of two brass keys. You do not move the lamp.
card.mi28_5.right,"Go in together, first time"
card.mi28_5.right_outcome,You go in together. She touches the desk. You touch nothing. The ledger is in cipher. She says 'his game'. You say 'the gauge'. Something begins.
card.mi28_6.text,"The study is open. The house is one house now. Mirren comes in sometimes and sits in his chair, which she never did, and says nothing, which she always did. The desk has two ledgers on it. They are starting to say the same things."
card.mi28_6.left,Keep both ledgers on the desk
card.mi28_6.left_outcome,"Two ledgers, two hands, one desk. Whoever comes next will have both."
card.mi28_6.right,"Give Mirren the chair, for good"
card.mi28_6.right_outcome,"You take the desk chair to the window. She keeps his. It is, finally, her house too."
card.mi29_1.text,"Front page, both shores, tomorrow. 'THE KEEPER'S SECRET.' The study, or the wires, or the reeds; I've got enough for one. I'm telling you tonight because you've got till dawn to give me a better story. There isn't one. But you've got till dawn."
card.mi29_1.left,Give him the water figures instead
card.mi29_1.left_outcome,He reads them. He stops smiling. 'THE KEEPER'S SECRET' becomes 'THE SUMMIT'S WATER'. It is a bigger story and a worse one for Ardent.
card.mi29_1.right,Print what you have
card.mi29_1.right_outcome,He prints it. It is about the study. The town reads that the Keeper sits in a dead man's room at night. It is not untrue.
card.mi29_2.text,It was me. Hesse's story. He asked what you did at night and I said the study and it's on the front page. I'll resign. I've written it. I've never resigned from anything. Do I send it to Ardent or to you?
card.mi29_2.left,Tear it up
card.mi29_2.left_outcome,You tear it up. He watches the pieces fall and does not speak for a long time. Then: 'I'll stop selling. All of it. Everyone.'
card.mi29_2.right,Send it to Ardent
card.mi29_2.right_outcome,Ardent accepts. A new clerk comes. He reads nothing. He knows nothing. Nobody at the summit knows anything now.
card.mi29_3.text,"The Board reads the Courier. It does not read my reports; it reads the Courier. And the Courier says the summit Keeper has a secret. I care that the Board has asked me what it is, and I have said 'bunting'."
card.mi29_3.left,Tell him the secret
card.mi29_3.left_outcome,"You tell Pell about the study, the cipher, the water. He listens with his mouth open. 'Magnificent. Terrible. Tell nobody I know.'"
card.mi29_3.right,Bunting will do
card.mi29_3.right_outcome,"""Bunting. Yes. I am good at bunting."" The Board accepts bunting. It always has."
card.mi29_4.text,"The follow-up. Readers want one. I could write 'THE KEEPER ANSWERS' if you'd answer, or 'THE KEEPER SILENT' if you won't, or 'THE SUPERINTENDENT SAYS BUNTING', which is my favorite. What'll it be? I'm not a cruel man. I'm a man with a press."
card.mi29_4.left,Answer
card.mi29_4.left_outcome,You answer. Plainly. About the water. It is the first time the summit's figures have been in print. Ardent's wires that night are very long.
card.mi29_4.right,Silent
card.mi29_4.right_outcome,'THE KEEPER SILENT.' It reads as dignity in Sorrel and guilt in Aldmere.
card.mi29_5.text,"The town's read the Courier. It says the Keeper has a secret, and the town's decided what: you're Dray's bastard, or Vosk's lover, or a Sorrel spy, or all three. It's the best week the inn's had in years. Don't ruin it with the truth."
card.mi29_5.left,Don't ruin it
card.mi29_5.left_outcome,You let the town have its theories. They are better than the truth and worse. The inn does very well.
card.mi29_5.right,"Tell the town the truth, at the inn"
card.mi29_5.right_outcome,"You tell the inn about the water. The inn is quiet. Then somebody says 'so not Vosk's lover, then' and the inn roars."
card.mi29_6.text,"Last piece. 'WHAT THE SUMMIT KEEPS'. It's about the gauge. A drawing of it with the tenth mark, the painted-over one, drawn in. My readers won't know what it means. Someone in Ardent will. Shall I run it?"
card.mi29_6.left,Run it
card.mi29_6.left_outcome,A drawing of a gauge with ten marks on the front page of both shores. Ardent wires Vosk nine times. Vosk answers none.
card.mi29_6.right,Hold it; give me a month
card.mi29_6.right_outcome,"""A month. Held. I've never held anything a month. I'll try."" He does. Barely."
card.mi30_1.text,"The boundary stone. Town's cleared the path to it. That's a thing the town does when it's thinking about a Keeper. Doesn't mean it'll walk you there. Means it's remembering the way. I'm telling you as reeve. As Ilse, I'd like you to notice."
card.mi30_1.left,"Walk to the stone yourself, in daylight"
card.mi30_1.left_outcome,You walk to the stone alone and stand there and walk back. The town sees. It is not what they expected.
card.mi30_1.right,Have the path let grow
card.mi30_1.right_outcome,You order it left. It grows back in a season. The town clears it again in a night.
card.mi30_2.text,"Three things. The town's asked the hands whether they'd walk with them, if it came to the stone. Half said yes. The other half said they'd have to ask me. And I've been asked, and I've said I'd ask you what you'd want me to say."
card.mi30_2.left,Say what you believe
card.mi30_2.left_outcome,"""Right."" He says he'd walk with the Keeper, not the town. Half the hands look at their boots. Half nod."
card.mi30_2.right,Say you'd walk with the town
card.mi30_2.right_outcome,"""You'd want that?"" He says it. The hands are relieved. You are, oddly, safer."
card.mi30_3.text,"A child at the Keeper's door with a lamp. Lit. In daylight. The town is 'practising' and she has been sent to see if the Keeper would like to hold one, 'so you know how heavy'. Behind her, adults are pretending not to watch."
card.mi30_3.left,Hold the lamp
card.mi30_3.left_outcome,It is heavy. You hold it a long time. The child takes it back and says 'now you know'. The adults stop pretending.
card.mi30_3.right,Send her home
card.mi30_3.right_outcome,She goes. The lamp goes with her. The adults stop watching and start talking.
card.mi30_4.text,"The moot's met on you. Not to walk you out; to decide whether to decide. It decided not to decide, this month. Next month it might. What will you have done by then that the town can see? One thing. It doesn't have to be big."
card.mi30_4.left,The low street drain
card.mi30_4.left_outcome,"Company timber, town labor, a drain the low street has wanted for forty years. It is seen."
card.mi30_4.right,Nothing; the town can walk me or not
card.mi30_4.right_outcome,"""Right. Brave. Stupid. Same thing here."" The moot meets again."
card.mi30_5.text,The Ledger's boundary stone page. Year 44: 'walked at dusk; the lamps were kind'. Year 61: 'walked at dawn; nobody spoke'. Dray's: 'the path is clear again. I have done nothing they can see. I am going to do something they cannot.'
card.mi30_5.left,Do something they can see
card.mi30_5.left_outcome,"You choose visible. The gate at the bell, the drain, the moot. The path grows over by summer."
card.mi30_5.right,Do something they cannot
card.mi30_5.right_outcome,"You choose Dray's way. The north bank, at night. The path stays clear. So does the way to the sluice house."
card.mi30_6.text,"The path to the stone's grown over. Nobody's cleared it. That's the town deciding, the way it decides: by not doing a thing. You'll not be walked out this season. As reeve, I'm telling you. As Ilse, I'm glad, and I'll deny it."
card.mi30_6.left,"Thank her, as Ilse"
card.mi30_6.left_outcome,"""Don't. Drink your drink."" You drink. She does not charge for it."
card.mi30_6.right,Clear the path yourself; keep it honest
card.mi30_6.right_outcome,You clear the path to the stone and keep it clear. The town does not know what to make of a Keeper who does that. It respects it.
card.onb_01.text,"Keeper! Welcome to the summit of the Meridian, the highest gate on the finest water road in the Vell. Here is the toll book. Guard it like a child."
card.onb_01.left,Read it tonight
card.onb_01.left_outcome,"Eighty years of figures, in eleven hands."
card.onb_01.right,Ask about the last Keeper
card.onb_01.right_outcome,Pell's smile stays where it is. His eyes do not.
card.onb_02.text,"A grain barge from Aldmere waits below the top gate. Papers in order, the bargee says, if you would care to look."
card.onb_02.left,Check the papers
card.onb_02.left_outcome,"In order. The bargee spits, politely, over the side."
card.onb_02.right,Open the gate
card.onb_02.right_outcome,"The paddles run, the chamber fills, the barge rises."
card.onb_03.text,"Mirren Dray. Lock hand. I turn the paddles, you decide when. That oilskin on the hook is not for anyone."
card.onb_03.left,Leave it where it hangs
card.onb_03.left_outcome,"She nods once, which from her is a speech."
card.onb_03.right,Ask whose it was
card.onb_03.right_outcome,"""His."" She goes to the paddles."
card.onb_04.text,"The sill gauge reads one mark lower than the last entry in the book. The reservoir report, pinned beside it, says nothing has changed."
card.onb_04.left,Note it in the Ledger
card.onb_04.left_outcome,A small line in a new hand.
card.onb_04.right,"A dry week, nothing more"
card.onb_04.right_outcome,The gauge does not argue.
card.onb_05.text,"Ilse Harrow. I keep the Wheel and Windlass and, when nobody else will, the town. A room is two marks a week. A welcome costs more."
card.onb_05.left,Take the room
card.onb_05.left_outcome,The bed is hard and the ale is good.
card.onb_05.right,The Keeper's House will do
card.onb_05.right_outcome,"""It will. It did for him."""
card.onb_06.text,COMPANY TO KEEPER HALFWAY STOP REPORT TRAFFIC FIGURES EACH WATCH STOP DELAYS TO BE EXPLAINED STOP
card.onb_06.left,Report exactly
card.onb_06.left_outcome,Fennick taps it out with his tongue between his teeth.
card.onb_06.right,Report weekly
card.onb_06.right_outcome,Nobody wires back. Nobody wires back for three days.
card.onb_07.text,"Sorry. Tamsin Quenn, engineer. The east lower paddle is roughly forty years past its work. I need eleven marks for a new spindle. I know it's your first day."
card.onb_07.left,Approve the spindle
card.onb_07.left_outcome,She is gone before you finish the signature.
card.onb_07.right,Make it last a month
card.onb_07.right_outcome,"""It might. Roughly."""
card.onb_08.text,"A narrow boat of stitched sailcloth waits without a toll in hand. The woman at the tiller says the Hullfolk hold passage here, and always have."
card.onb_08.left,Passage without fee
card.onb_08.left_outcome,"She does not thank you. She looks at you, which may be more."
card.onb_08.right,The toll is the toll
card.onb_08.right_outcome,She pays in old coin and remembers your face.
card.onb_09.text,"Odile Vosk, Summit Auditor. I have read your first entries. The hand is legible. You will find I read everything."
card.onb_09.left,Then read this too
card.onb_09.left_outcome,"You hand her the page. She reads it. ""Noted."""
card.onb_09.right,Ask what she is looking for
card.onb_09.right_outcome,"""Irregularities. For the record, there are none yet."""
card.onb_10.text,"Matthias Crane, Aldmere Customs, under the Halfway Compact of Year 58. I note that Schedule Four requires my seal on any arms. I will be here every watch."
card.onb_10.left,Welcome his inspections
card.onb_10.left_outcome,"""Duly noted."" He almost smiles, and files it."
card.onb_10.right,Inspections slow the gate
card.onb_10.right_outcome,"""The Compact does not mention speed."""
card.onb_11.text,"Nessa Vane, Sorrel Freight. Your predecessor cost my principals nine days last quarter. Here is the rate card. Here is the bill for the nine days."
card.onb_11.left,The bill is not mine
card.onb_11.left_outcome,"""By the next watch it will be. We can fix that."""
card.onb_11.right,Promise faster passage
card.onb_11.right_outcome,She writes it down before you have finished.
card.onb_12.text,"Fennick Orr, the wire. In strictest confidence, Keeper, you'll never guess what the last one wired the night before he went. I shouldn't. Shall I?"
card.onb_12.left,Tell me
card.onb_12.left_outcome,"""Three words. 'Found the key.' Then nothing."""
card.onb_12.right,Keep the wire's secrets
card.onb_12.right_outcome,"He looks at you as if you had refused a gift, then brightens."
card.onb_13.text,A boat of grey-robed pilgrims asks to wait in the chamber while the chaplain blesses their hull. Two coal barges wait behind them.
card.onb_13.left,Let the blessing finish
card.onb_13.left_outcome,It takes a while. The coal barges say so.
card.onb_13.right,Bless them on the towpath
card.onb_13.right_outcome,The chaplain does not argue. She never does.
card.onb_14.text,"We are Bram Holloway. We hold the Reed Reach. Every Keeper is one of two things, and the water finds out which. Are you a gate, or a wall?"
card.onb_14.left,A gate
card.onb_14.left_outcome,"""Then we shall see it open."""
card.onb_14.right,The Company's Keeper
card.onb_14.right_outcome,"""So was the last one. So was the first."""
card.onb_15.text,Wren. I run things. Small favor: a crate goes down the east flight tonight and nobody writes it in the Book. Cargo. Nothing that bites.
card.onb_15.left,Not in my Book
card.onb_15.left_outcome,"""Fair. I'll ask again when you're tired."""
card.onb_15.right,One crate
card.onb_15.right_outcome,You didn't see it. A coin appears on the sill anyway.
card.onb_16.text,"Dray's chair. Dray's desk. Dray's study door, locked, with no key on the ring you were given."
card.onb_16.left,Try the lock
card.onb_16.left_outcome,It holds. Somebody meant it to.
card.onb_16.right,Leave it for now
card.onb_16.right_outcome,"The chair, at least, is comfortable."
card.onb_17.text,"Sister Hale. We tend the Still Water chapel and bless what passes. The summit springs are a gift, Keeper. We do not ask the water where it comes from."
card.onb_17.left,Accept the blessing
card.onb_17.left_outcome,Her lamp swings over the gates. The hands take off their caps.
card.onb_17.right,Ask where it comes from
card.onb_17.right_outcome,"""From the hill, as all still water does."""
card.onb_18.text,"Solas. Sorrel Escort Company. My convoys come through twice a month, armed and lawful. Tell me now how you want them handled. I would rather not learn it at the gate."
card.onb_18.left,Inspected like any boat
card.onb_18.left_outcome,"""Understood. It won't come to trouble."""
card.onb_18.right,Escorts pass on sight
card.onb_18.right_outcome,"""My people will remember that."""
card.onb_19.text,"Three things, Keeper. The upper gate weeps. The hands are two short. And the last Keeper owed us a round he never stood."
card.onb_19.left,Stand the round
card.onb_19.left_outcome,Eleven tankards. Ilse counts them.
card.onb_19.right,Fix the gate first
card.onb_19.right_outcome,"""Right. That's one of three."""
card.onb_20.text,Rain all night. The pound is up a mark by morning and Ilse's cellar has an inch in it. She has sent a boy to say so.
card.onb_20.left,Run the east paddles
card.onb_20.left_outcome,Water goes down the flight. Boats wait while it does.
card.onb_20.right,An inch is an inch
card.onb_20.right_outcome,The boy goes back with nothing in his hands.
card.onb_21.text,"A target, Keeper! Every magnificent enterprise needs one. Forty vessels a week through the top gate. The Meridian spirit demands no less."
card.onb_21.left,Forty it is
card.onb_21.left_outcome,He shakes your hand as if you had already done it.
card.onb_21.right,"Thirty, and safely"
card.onb_21.right_outcome,"""Thirty. Well. A beginning."""
card.onb_22.text,A Sorrel coal barge and an Aldmere grain boat arrive at the same bell. Both bargees are already shouting. The chamber holds one.
card.onb_22.left,Grain first
card.onb_22.left_outcome,Aldmere law says food before fuel. So does the grain boat.
card.onb_22.right,Coal first
card.onb_22.right_outcome,Sorrel's man tips his cap. Aldmere's writes something down.
card.onb_23.text,The Company store sells beer at Company prices in Company scrip. Mine costs coin and tastes of something. Where does the Keeper drink?
card.onb_23.left,The Wheel and Windlass
card.onb_23.left_outcome,"""Then you'll hear things. Some of them true."""
card.onb_23.right,The Company store
card.onb_23.right_outcome,"""Suit yourself. The scrip's no good here."""
card.onb_24.text,ALDMERE GUILDS TO KEEPER STOP GRAIN CONVOY NINE VESSELS ARRIVES TOMORROW STOP ANY DELAY WILL BE REPORTED UNDER THE COMPACT STOP
card.onb_24.left,Clear the pound for them
card.onb_24.left_outcome,"Other boats are asked, then told, to wait."
card.onb_24.right,They queue like anyone
card.onb_24.right_outcome,"Crane reads the wire twice and says nothing, loudly."
card.onb_25.text,Did you open the study? You have the house. Nobody would say anything if you did.
card.onb_25.left,"It is locked, and I left it"
card.onb_25.left_outcome,"""Good."" Then, quieter: ""For now."""
card.onb_25.right,I mean to
card.onb_25.right_outcome,"She looks at the door, then at you, then at the paddles."
card.onb_26.text,"Aurelie Stroud, physician. Dray kept every watch himself for a year. I have seen what that does. Sleep when the bell allows, or I will be seeing you."
card.onb_26.left,Let Dace take a watch
card.onb_26.left_outcome,You sleep. The gate does not fall down.
card.onb_26.right,The gate needs a Keeper
card.onb_26.right_outcome,"""So did he."""
card.onb_27.text,"Watch six. Toll receipts exceed the book by two marks. Either a bargee overpaid, or something irregular. Which would you like it to be?"
card.onb_27.left,An overpayment; return it
card.onb_27.left_outcome,"""Noted. And the bargee's name?"" You do not have it."
card.onb_27.right,Into the repair fund
card.onb_27.right_outcome,"""For the record, that is not a fund."""
card.onb_28.text,"A dry week. The Cald Tarn aqueduct is a trickle you could step over. The pound, fed by it, is down only a mark. Somebody should find that strange."
card.onb_28.left,Ask Quenn about it
card.onb_28.left_outcome,"""Sorry. Yes. It doesn't close. It never quite closes."""
card.onb_28.right,Be glad of it
card.onb_28.right_outcome,The boats float. That is the Keeper's business.
card.onb_29.text,"A late boat, lamps out, asks passage after the last bell. The bargee is tired, he says. Dace, at the paddles, is looking at you."
card.onb_29.left,Light your lamps and wait
card.onb_29.left_outcome,He waits. He is not pleased. Dace is.
card.onb_29.right,Pass him through
card.onb_29.right_outcome,The chamber fills in the dark. Something shifts in his hold.
card.onb_30.text,"Eight watches. The book is in your hand now, and the town knows your face. You could write the first honest line about what kind of Keeper this will be."
card.onb_30.left,"The Company's, first"
card.onb_30.left_outcome,"The line dries. It can be crossed out later, in theory."
card.onb_30.right,"The gate's, first"
card.onb_30.right_outcome,The Company does not read the Ledger. Yet.
card.rel_bram_01.text,We sit here most days. On this bollard. Charter men walk past and do not see us. You stopped. That is the first thing. What is the second?
card.rel_bram_01.left,Sit with him
card.rel_bram_01.left_outcome,An hour on the next bollard. He says eleven words. They are good ones.
card.rel_bram_01.right,Ask what he wants
card.rel_bram_01.right_outcome,"""We want nothing from a gate. We watch what it does."""
card.rel_bram_02.text,"The young one, Wren, says you are a gate. We have heard young ones say that of Keepers before. We would like to know what the gate thinks it is, before the water tells us."
card.rel_bram_02.left,A gate that can close
card.rel_bram_02.left_outcome,"""Honest. We have not heard honest from a Keeper. We remember it."""
card.rel_bram_02.right,A gate
card.rel_bram_02.right_outcome,"""The young one said so. We shall see. We are good at seeing."""
card.rel_bram_03.text,A charter man struck one of ours at the Reach today. Open hand. Our young men wanted to answer it. We told them the gate would. We do not usually say that. We are saying it once.
card.rel_bram_03.left,Dismiss the man
card.rel_bram_03.left_outcome,"He goes down the flight. Pell protests. The Reach is very quiet, in a good way."
card.rel_bram_03.right,Fine him; keep him
card.rel_bram_03.right_outcome,"""A fine. So. The gate answers with coin. We remember that too."""
card.rel_bram_04.text,"Old Petronel wants to sing for you. Not at the Reach. Here, at the gate, where the water is deepest. We have never let it be sung off the Reach. We ask what the gate would do with it."
card.rel_bram_04.left,Hear it at the gate
card.rel_bram_04.left_outcome,"She sings at the sill at dusk. The town stops. A river, a hill, a door. The tenth mark."
card.rel_bram_04.right,The song belongs to the Reach
card.rel_bram_04.right_outcome,"""So we have always said. We wondered if a gate would say otherwise."""
card.rel_bram_05.text,We lost a child in the pound in the Dry Year. Ours. Mine. The charter men wrote 'vagrant infant' in the Book. We have never asked a Keeper to change a word in the Book. We are asking.
card.rel_bram_05.left,Change it; write the name
card.rel_bram_05.left_outcome,You write a name in a book forty years closed. He does not thank you. He stands up.
card.rel_bram_05.right,The Book cannot be changed
card.rel_bram_05.right_outcome,"""No. Nothing here can. We knew that. We asked anyway."""
card.rel_bram_06.text,You have been to the north bank at night. We saw the lamp. We do not go there. Our grandmothers said the hill would take anyone who went in after the river. We ask whether the gate believes in grandmothers.
card.rel_bram_06.left,I believe in yours
card.rel_bram_06.left_outcome,"""Then do not go in alone. That is all they meant."""
card.rel_bram_06.right,I believe in lamps
card.rel_bram_06.right_outcome,"""So did the one before you."""
card.rel_bram_07.text,The young ones have stopped listening to us. They listen to Wren. Wren listens to coin. One day soon they will do something to the charter men that cannot be undone. We are old. We are asking the gate to be young for us.
card.rel_bram_07.left,Speak to the young ones
card.rel_bram_07.left_outcome,"You go to the Reach at dusk and speak. They listen, because Bram is beside you."
card.rel_bram_07.right,Speak to Wren
card.rel_bram_07.right_outcome,"Wren listens. Wren says ""fair"". The young ones do not do the thing, this month."
card.rel_bram_08.text,You spoke for the charter men at the moot. Against the Reach. We heard. We do not hold it against a gate to be a wall sometimes. We hold it against a gate to pretend it was not.
card.rel_bram_08.left,I was a wall
card.rel_bram_08.left_outcome,"""Yes. Now we know where we stand. That is worth something."""
card.rel_bram_08.right,I did what the gate required
card.rel_bram_08.right_outcome,"""The gate. Yes. Keepers say that. Then they say 'the Company'. Then they say nothing."""
card.rel_bram_09.text,"We have a boat. Old. Sailcloth. It was ours before the canal, and our grandmother's before that, from a river. We are giving it to no one. We would like the gate to have seen it, once, before we are gone."
card.rel_bram_09.left,See the boat
card.rel_bram_09.left_outcome,"It is very old. On the bow, worn to a shadow: the name of a river. Quell."
card.rel_bram_09.right,Another day
card.rel_bram_09.right_outcome,"""We have fewer of those than you. We understand."""
card.rel_bram_10.text,We have decided to tell you where the water comes out of the hill. Not why; we do not know why. Where. We have never told a charter man. We have never told a Keeper. We are telling a gate.
card.rel_bram_10.left,Take the bearing
card.rel_bram_10.left_outcome,"By lamps and stones, in the old way. Below the sluice house, where the clear water runs."
card.rel_bram_10.right,Tell Mirren too
card.rel_bram_10.right_outcome,He tells you both. Mirren does not speak on the way back.
card.rel_crane_01.text,I take my meals at the inn at the sixth bell precisely. I note that you have twice sat at the adjoining table. I note that this is not forbidden. I note that I should not mind if it continued.
card.rel_crane_01.left,"Sit with him, not adjoining"
card.rel_crane_01.left_outcome,"He talks about the Compact for an hour. It is, unexpectedly, fascinating."
card.rel_crane_01.right,The adjoining table is fine
card.rel_crane_01.right_outcome,"""Duly. It is, in fact, fine."""
card.rel_crane_02.text,The Compact's third appendix contains a provision that the Keeper may request an inspector's assistance 'in any matter touching the water'. Any matter. It has never been invoked. I should very much like it to be.
card.rel_crane_02.left,Invoke it: help me read the gauge
card.rel_crane_02.left_outcome,"He reads the gauge every watch for a month, to the sixteenth of a mark. His figures match Quenn's."
card.rel_crane_02.right,Perhaps later
card.rel_crane_02.right_outcome,"""Duly. It has waited fifty-eight years. It can wait."""
card.rel_crane_03.text,"The Sorrel agent called me 'Matthias' today. In public. I have been Inspector Crane at this summit for six years. I do not know what to do with 'Matthias'. I am asking you, as a neutral party, whether I should object."
card.rel_crane_03.left,Don't object
card.rel_crane_03.left_outcome,"""Very well. I shall not. I note that I did not entirely dislike it."""
card.rel_crane_03.right,Object formally
card.rel_crane_03.right_outcome,"He objects in writing. Vane frames the letter. They are both, obscurely, pleased."
card.rel_crane_04.text,"You passed a vessel without my seal. I note that you had reasons. I note that reasons are how the Compact dies: one at a time, each a good one. I am not angry. I am concerned. It is worse."
card.rel_crane_04.left,You are right; it won't recur
card.rel_crane_04.left_outcome,"""Duly. I shall hold you to it. I hold things well."""
card.rel_crane_04.right,The Compact is not the gate
card.rel_crane_04.right_outcome,"""No. The Compact is what keeps the gate from being a wall for one shore. I note you did not consider that."""
card.rel_crane_05.text,"I have been writing a report for six years. On how Aldmere might operate the canal. I have never shown it to anyone. I note that it has a chapter on the water supply, and that the chapter does not close."
card.rel_crane_05.left,Show me the chapter
card.rel_crane_05.left_outcome,Forty pages of gauge readings. The same shape as Quenn's. He knows. He has always known.
card.rel_crane_05.right,Show it to Quenn
card.rel_crane_05.right_outcome,"They compare figures for four hours. They are, in their way, happy."
card.rel_crane_06.text,"I have been offered a post in Aldmere. Senior. Desk. No canal. I note that I should accept. I note that I have drafted the acceptance four times. I note that I am asking a Company Keeper for advice, which is irregular."
card.rel_crane_06.left,Stay; the summit needs a witness
card.rel_crane_06.left_outcome,"""A witness. Yes. That is a role. I accept it."" He tears up the fourth draft."
card.rel_crane_06.right,Take the desk
card.rel_crane_06.right_outcome,"""Duly."" He does not go. He does not say why. He is angrier at the Sorrel agent than usual for a month."
card.rel_crane_07.text,The Sorrel agent and I have dined together. Once. It was her proposal. I note that we did not argue for the first hour. I note that this alarmed us both. I am telling you because I have nobody else to tell.
card.rel_crane_07.left,Dine with them both
card.rel_crane_07.left_outcome,The three of you. Crane and Vane argue for two hours. It is the best evening at the summit.
card.rel_crane_07.right,Be alarmed with him
card.rel_crane_07.right_outcome,"""Thank you. It is good to be alarmed in company."""
card.rel_crane_08.text,You have sided with Sorrel on four matters this quarter. I have counted. I am not partisan; I am a counter. I note that a Keeper who counts with one shore is not a Keeper under the Compact. I note that I would regret that.
card.rel_crane_08.left,I'll count more evenly
card.rel_crane_08.left_outcome,"""Duly. I shall count with you."""
card.rel_crane_08.right,I count what the gate needs
card.rel_crane_08.right_outcome,"""Then the gate is Sorrel's. I note that. I note it with sorrow, which is unprofessional."""
card.rel_crane_09.text,"An extraordinary discovery. Schedule Nine of the Compact, unused since ratification, provides for a 'joint declaration of material fact' by both shores' inspectors, binding on the Company. I do not know what it was for. I begin to."
card.rel_crane_09.left,Keep it ready
card.rel_crane_09.left_outcome,"""I have already drafted the form. I drafted it six years ago. I did not know why."""
card.rel_crane_09.right,Tell Vane about it
card.rel_crane_09.right_outcome,"Vane reads Schedule Nine and goes very quiet. ""That's a weapon."" ""It is a form."" ""Same thing."""
card.rel_crane_10.text,"I have never been liked. I note this without complaint. I note that the lock hands have begun to nod to me, and the Dray girl said good morning. I do not know what I have done. I should like to keep doing it."
card.rel_crane_10.left,You've been fair
card.rel_crane_10.left_outcome,"""Fair. Yes. I had thought that was invisible."""
card.rel_crane_10.right,You've been here long enough
card.rel_crane_10.right_outcome,"""Duration. A defensible reading. I prefer yours to mine."""
card.rel_fennick_01.text,You'll never guess what I found in the wire code book. There's a code for 'Keeper deceased'. There's a code for 'Keeper dismissed'. There's no code for 'Keeper resigned'. I shouldn't find that interesting. I do.
card.rel_fennick_01.left,So how did they wire Dray's resignation?
card.rel_fennick_01.left_outcome,"""In clear. Vosk wrote it out in words. I'd never seen her do that."""
card.rel_fennick_01.right,Codes are codes
card.rel_fennick_01.right_outcome,"""Right. Yes. Codes. I'll stop reading the book."" He does not."
card.rel_fennick_02.text,I sold a copy of your traffic wire to Hesse. He gives me a mark a wire and I've got my mother in Aldmere. You'll never guess: he didn't print it. Too boring. I'm sorry it was boring.
card.rel_fennick_02.left,Stop selling my wires
card.rel_fennick_02.left_outcome,"""Yes. Yes. Right. Yours. I'll stop yours."" He means it. About yours."
card.rel_fennick_02.right,Sell him better ones; I'll write them
card.rel_fennick_02.right_outcome,You dictate a wire about geese. Hesse prints it. Fennick earns two marks.
card.rel_fennick_03.text,Mirren came to the office to send a wire to Aldmere and I. I wrote it wrong. Twice. She had to say it three times. I'm not usually. I'm very good at the key. I shouldn't be telling you this.
card.rel_fennick_03.left,Tell her you're sorry
card.rel_fennick_03.left_outcome,"He does, in the street, at length. She is baffled, and then, briefly, kind."
card.rel_fennick_03.right,Say nothing to anyone
card.rel_fennick_03.right_outcome,"""Right. Nothing. I'm good at nothing. I'm not, obviously. But I'll try."""
card.rel_fennick_04.text,Vosk came to the office. She stood behind me for an hour. She didn't say anything. She didn't do anything. She just stood there. I sent nine wires perfectly and then I was sick in the yard. Is that normal?
card.rel_fennick_04.left,It is not normal; I'll speak to her
card.rel_fennick_04.left_outcome,"You speak to Vosk. ""Noted. I was checking his hand."" She does not do it again."
card.rel_fennick_04.right,It is Vosk being Vosk
card.rel_fennick_04.right_outcome,"""Right. Right. She does it to you too? Oh. Oh, good."""
card.rel_fennick_05.text,In strictest confidence. The Ardent number code Vosk gets isn't a code. It's the sill gauge: marks and dates. Somebody in Ardent is tracking the pound. Every day. For years.
card.rel_fennick_05.left,Show me the numbers
card.rel_fennick_05.left_outcome,"Columns of them. The pound, falling, in Ardent's own hand, since before you were born."
card.rel_fennick_05.right,Stop learning codes
card.rel_fennick_05.right_outcome,"""I can't. It's like a song. Once you've heard it."""
card.rel_fennick_06.text,"You've never asked me to send a wire you didn't want read. Everyone else has. Dray did, at the end. If you ever do, would you tell me it's that kind? I'd like to be trusted with one."
card.rel_fennick_06.left,"When the time comes, you'll be the one"
card.rel_fennick_06.left_outcome,He goes red to the eyeshade and cannot speak.
card.rel_fennick_06.right,I don't send that kind
card.rel_fennick_06.right_outcome,"""No. No, you don't. That's what I like about you. It's a bit dull."""
card.rel_fennick_07.text,"I told Hesse something about you I shouldn't have. It wasn't for money. He asked, and I like being asked, and it came out. It was about the study. I'm sorry. He'll print it. He prints everything eventually."
card.rel_fennick_07.left,Go to Hesse first
card.rel_fennick_07.left_outcome,You tell Hesse yourself. It is a better story from you. He runs that one.
card.rel_fennick_07.right,You've cost me something
card.rel_fennick_07.right_outcome,"""I know. I know. I do this. I'll stop."" He does, for a month, which is a record."
card.rel_fennick_08.text,"My mother's ill in Aldmere. I'd need a week. Nobody else can work the key, so the summit would be off the wire, and the Company would notice. I'm asking anyway."
card.rel_fennick_08.left,Go; I'll work the key
card.rel_fennick_08.left_outcome,"You work the key, badly. Ardent receives several wires about geese that were not about geese."
card.rel_fennick_08.right,Send your mother money instead
card.rel_fennick_08.right_outcome,You send it. He stays. He does not forgive himself for staying.
card.rel_fennick_09.text,"A wire for you, from nobody. No origin code. 'THE TENTH MARK STOP TELL M STOP'. It came at the third bell. Nobody sends from nowhere. I didn't touch it. I'm touching it now."
card.rel_fennick_09.left,Take it to Mirren
card.rel_fennick_09.left_outcome,"She reads it and sits down on the wharf. ""His words. His exact words."""
card.rel_fennick_09.right,Burn it
card.rel_fennick_09.right_outcome,"""Right."" He burns it in the stove. He keeps the ash. He does not know why."
card.rel_fennick_10.text,"You'll never guess. I've been offered the Ardent office. The big key. I don't want to go. Things happen here, and I know this wire like my own hand. But it's Ardent."
card.rel_fennick_10.left,Go; it's Ardent
card.rel_fennick_10.left_outcome,"He goes. A stranger runs the wire. Ardent knows everything now, and nothing interesting."
card.rel_fennick_10.right,Stay; things happen here
card.rel_fennick_10.right_outcome,"""They do. They do!"" He stays. He is the happiest man at the summit for a week."
card.rel_hale_01.text,"You have not come to the chapel. Most Keepers come once, for form. You have not come for form. I find I respect that more than the coming. Will you come for tea, instead? Tea is not a rite."
card.rel_hale_01.left,Tea
card.rel_hale_01.left_outcome,"The chapel parlor. She talks about the town's poor. She does not mention the water once, which is how you know she is thinking of it."
card.rel_hale_01.right,The gate does not take tea
card.rel_hale_01.right_outcome,"""Then I shall bring it to the gate."" She does."
card.rel_hale_02.text,I was a lock hand's daughter at Lock 4 before I took the grey. I know what a paddle sounds like when it is failing. Yours is not failing. I tell you so you have one less thing to tend.
card.rel_hale_02.left,Thank her
card.rel_hale_02.left_outcome,"""Do not. Tending is what we do."""
card.rel_hale_02.right,Ask what else she hears
card.rel_hale_02.right_outcome,"""Water where there should be stone. Under the chapel. I have heard it since I came. I have not asked it anything."""
card.rel_hale_03.text,Vosk comes to the chapel on the first of each month and sits in the last pew and does not pray. She has done it eleven years. We have never spoken of why. I am telling you because you have started to sit in the last pew too.
card.rel_hale_03.left,Ask why Vosk comes
card.rel_hale_03.left_outcome,"""To be near something she cannot file. I think. I do not ask."""
card.rel_hale_03.right,I'll sit somewhere else
card.rel_hale_03.right_outcome,"""Sit where you like. The water does not mind pews."""
card.rel_hale_04.text,"You asked the novice about the spring and she came to me weeping because she could not answer. I have asked you nothing in all this time. I ask now: leave the children out of it. Ask me. I will not answer, but ask me."
card.rel_hale_04.left,I'll ask you
card.rel_hale_04.left_outcome,"""Good."" You ask. She does not answer. It is, somehow, an answer."
card.rel_hale_04.right,The children should know too
card.rel_hale_04.right_outcome,"""Should. That word again. It is not a chapel word."""
card.rel_hale_05.text,"The Lamp Vigil is not for the water. I have never told anyone that. It is for the people who watch the water, so that for one night they are not alone with it. You watch it more than anyone. Come to the Vigil."
card.rel_hale_05.left,Come
card.rel_hale_05.left_outcome,You stand with lamps on the sill among people who are not alone. It does not raise the pound. It helps.
card.rel_hale_05.right,I am used to being alone with it
card.rel_hale_05.right_outcome,"""So was Marrow."" She does not explain."
card.rel_hale_06.text,"I have read the letters in the undercroft. All of them. I read them my first year, and I decided, and I have kept the decision for twenty. I am not asking you to keep it. I am asking you to know it was a decision."
card.rel_hale_06.left,What did you decide?
card.rel_hale_06.left_outcome,"""That a gift is what it does, not where it came from. That eighty years of dry cellars is a gift."""
card.rel_hale_06.right,A decision can be undecided
card.rel_hale_06.right_outcome,"""It can. I have not found the strength. Perhaps you have. I would not envy you it."""
card.rel_hale_07.text,"Bram Holloway came to the chapel today. Sat in the last pew, where Vosk sits. Did not pray. When he left he touched the founding stone, once, and said a word I did not know. I think it was a river's name. I did not ask."
card.rel_hale_07.left,It was
card.rel_hale_07.left_outcome,"""Then two people have sat in that pew for the same reason, and never met there. We tend such things badly."""
card.rel_hale_07.right,Ask him next time
card.rel_hale_07.right_outcome,"""I do not ask. It is the one thing I am sure of."" She sounds less sure than usual."
card.rel_hale_08.text,"You forced the undercroft door. I know it was you. I do not forgive you and I do not blame you; both are asking the water. I am telling you that whatever you read there, read the last letter too. Nobody reads the last one."
card.rel_hale_08.left,Read the last letter
card.rel_hale_08.left_outcome,"Marrow, the night before the collapse: 'If the sluice fails, tell them nothing. Let them have the water. Let them have eighty years.'"
card.rel_hale_08.right,I've read enough
card.rel_hale_08.right_outcome,"""Nobody has. That is the trouble with letters."""
card.rel_hale_09.text,"You have been kind to the town and hard on the chapel. I understand it. The chapel has been kind to the town and hard on the truth. We are alike, you and I, and I do not think either of us likes it."
card.rel_hale_09.left,We are alike
card.rel_hale_09.left_outcome,"""Yes. Then tend it with me. It is easier tended by two."""
card.rel_hale_09.right,I am not hard on the truth
card.rel_hale_09.right_outcome,"""Not yet. You have not had to choose between it and a dry town. I have. Every morning."""
card.rel_hale_10.text,"If it comes to a choice about the water, and it will, you will not ask me, because you know I will not answer. So I will say it now, once, unasked. Whatever you choose, let the town keep its lamp. That is all the chapel is."
card.rel_hale_10.left,The town keeps its lamp
card.rel_hale_10.left_outcome,"""Then I am with you. Whichever door."""
card.rel_hale_10.right,The town deserves the truth more
card.rel_hale_10.right_outcome,"""Perhaps. Give it both, then. Nobody has tried both."""
card.rel_ilse_01.text,You drink here. That's noticed. You drink one and go. That's noticed more. The last one who drank one and went was Dray. Costs nothing to sit a while. Costs a bit to not.
card.rel_ilse_01.left,Sit a while
card.rel_ilse_01.left_outcome,An hour. You learn who owes whom. It is most of the town.
card.rel_ilse_01.right,The gate does not sit
card.rel_ilse_01.right_outcome,"""No. Neither did he."""
card.rel_ilse_02.text,The Company sent a man to price my cellar again. I sent him back with a price for his hat. You're smiling. Don't. It's your Company. What does it want with my cellar?
card.rel_ilse_02.left,I'll find out
card.rel_ilse_02.left_outcome,You do. It wants to know how the well fills. So do you.
card.rel_ilse_02.right,It wants everything
card.rel_ilse_02.right_outcome,"""True. Doesn't help. Have another."""
card.rel_ilse_03.text,The moot wants to give you a chain. Not a big one. A reeve's guest chain. Means you can speak at moot without being asked. Means the Company will hate it. I said I'd ask. I'm asking.
card.rel_ilse_03.left,Take the chain
card.rel_ilse_03.left_outcome,"You wear it once, to the moot. Pell sees it. It is worth it."
card.rel_ilse_03.right,A Keeper wears no chain
card.rel_ilse_03.right_outcome,"""Right. I'll tell them. Some'll respect it. I don't."""
card.rel_ilse_04.text,"You let Vosk into my cellar. Company auditor, in my cellar, with a measuring rod. I don't care what she found. I care that you let her. What does it cost to ask me first?"
card.rel_ilse_04.left,It cost me nothing; I was wrong
card.rel_ilse_04.left_outcome,"""Right. Say it at the bar, so they hear it."" You do."
card.rel_ilse_04.right,The Company inspects what it likes
card.rel_ilse_04.right_outcome,"""It does. Drinks are full price for you, from now."""
card.rel_ilse_05.text,The well's fed from the pound. You know that. I've known it twenty years. The ale's Company water and I've sold it as spring water and nobody's died. Now you know. What does it cost me?
card.rel_ilse_05.left,Nothing; it's good ale
card.rel_ilse_05.left_outcome,"""It is."" She pours one. She does not charge for it."
card.rel_ilse_05.right,It costs the truth to Stroud
card.rel_ilse_05.right_outcome,"Stroud tests it. Iron and pound water. She shrugs: ""People have drunk worse."""
card.rel_ilse_06.text,"He was fourteen. My boy. Went in off the wharf the week after the riot, showing off for the Hullfolk girls. Nothing to do with the Company. Everything to do with it. I don't tell people. I'm telling you."
card.rel_ilse_06.left,Say nothing; stay
card.rel_ilse_06.left_outcome,You stay till the lamps are out. She talks about him. Then she doesn't.
card.rel_ilse_06.right,Ask why the Company
card.rel_ilse_06.right_outcome,"""Because the town was drunk on rising, and nobody was watching a boy."""
card.rel_ilse_07.text,Bram Holloway asked me to drink with him. Forty years I've known him. Never asked. I said yes. Town saw. Half of it thinks I've gone Hullfolk. I'd like the Keeper seen drinking with both of us. Tonight.
card.rel_ilse_07.left,Drink with them both
card.rel_ilse_07.left_outcome,"The three of you at one table. The inn goes quiet, then loud again. Something has changed."
card.rel_ilse_07.right,Not tonight
card.rel_ilse_07.right_outcome,"""Right. Then it's just me gone Hullfolk. I can live with that."""
card.rel_ilse_08.text,"You've never asked me what the town says about you when you're not here. Everybody asks. Dray asked every week. You haven't once. Either you don't care, or you're afraid. Which?"
card.rel_ilse_08.left,Afraid
card.rel_ilse_08.left_outcome,"""Good. They say you're all right. Now you can stop being afraid, and start worrying."""
card.rel_ilse_08.right,Don't care
card.rel_ilse_08.right_outcome,"""Liar. They say you're all right, anyway. Don't let it go to your head."""
card.rel_ilse_09.text,"You signed the Company's order and the town's paying for it. I stood up for you at moot. I won't again. That's not a threat. That's the price, and I'm telling you it before you pay it."
card.rel_ilse_09.left,I'll earn it back
card.rel_ilse_09.left_outcome,"""Try. Start with the cellar."""
card.rel_ilse_09.right,The order was right
card.rel_ilse_09.right_outcome,"""Then pay for it yourself."""
card.rel_ilse_10.text,"I've a spare room above the bar. Warm. Dry, mostly. Dray's house is the Company's and one day they'll want it back. This isn't the Company's. It'd cost you nothing. It'd cost me the room. I'm offering."
card.rel_ilse_10.left,Take the room
card.rel_ilse_10.left_outcome,"You move a chest of things above the bar. Mirren keeps the house. It suits everyone, oddly."
card.rel_ilse_10.right,The Keeper's house is the Keeper's
card.rel_ilse_10.right_outcome,"""For now. The room's there."""
card.rel_mirren_01.text,You sit in his chair like it's yours. It is yours. I know that. Did you have to move it to the window?
card.rel_mirren_01.left,Move it back
card.rel_mirren_01.left_outcome,You move it back. She does not thank you. She notices.
card.rel_mirren_01.right,I like the light
card.rel_mirren_01.right_outcome,"""He liked the dark."" She goes to the paddles."
card.rel_mirren_02.text,"Quenn's teaching me the gear drawings. Says I've got the hand for it. Says I could be an engineer, with papers. Papers cost. The Company pays for Company apprentices. I'm a lock hand."
card.rel_mirren_02.left,Sign her as a Company apprentice
card.rel_mirren_02.left_outcome,Papers. Quenn is delighted. Mirren is something she does not have a word for yet.
card.rel_mirren_02.right,The gate needs its hand
card.rel_mirren_02.right_outcome,"""Right."" She keeps learning anyway, at night."
card.rel_mirren_03.text,Did he ever write to you? Before. When you were appointed. They must have told you something about him. What did they tell you?
card.rel_mirren_03.left,They said he resigned
card.rel_mirren_03.left_outcome,"""Resigned."" She says it like a word in another language."
card.rel_mirren_03.right,They told me nothing
card.rel_mirren_03.right_outcome,"""No. They wouldn't."" She almost laughs."
card.rel_mirren_04.text,"Wren says there's a place at the Reach where the water comes out of the hill. Says her people have always known. Says he asked them, the month before. Did you know that? That he asked them?"
card.rel_mirren_04.left,Go to the Reach with her
card.rel_mirren_04.left_outcome,Bram receives you both. He says nothing about the water. He looks at Mirren a long time.
card.rel_mirren_04.right,"Ask Wren yourself, alone"
card.rel_mirren_04.right_outcome,Wren tells you. Mirren learns you went without her.
card.rel_mirren_05.text,The hands call you Keeper. I call you Keeper. I've never asked your name. He'd have asked. He asked everyone their name. Even Vosk. What is it?
card.rel_mirren_05.left,Tell her
card.rel_mirren_05.left_outcome,"She uses it once, testing it, and then goes back to Keeper. It is different, though."
card.rel_mirren_05.right,Keeper will do
card.rel_mirren_05.right_outcome,"""Right. Keeper."" She does not ask again."
card.rel_mirren_06.text,Vosk asked me about the study. What I'd seen. I said nothing. She said 'noted'. Then she said she was sorry. Vosk. Sorry. Why would she be sorry to me?
card.rel_mirren_06.left,Because she knows what happened to him
card.rel_mirren_06.left_outcome,"She goes white. ""Then why won't she say."""
card.rel_mirren_06.right,Ask her yourself
card.rel_mirren_06.right_outcome,She does. Vosk says 'noted' and walks away. Mirren does not go to the paddles for a day.
card.rel_mirren_07.text,I've stopped expecting him. I noticed today. I turned the paddles and I didn't look at the road. First time. I don't know if that's better. I don't know who to ask.
card.rel_mirren_07.left,Not better or worse; later
card.rel_mirren_07.left_outcome,"She nods. She looks at the road anyway, once, out of habit."
card.rel_mirren_07.right,It is better
card.rel_mirren_07.right_outcome,"""You'd say that. You're in his chair."" It is not an accusation. Nearly."
card.rel_mirren_08.text,You've been to the sluice house. Don't. I saw your boots. Did you go in?
card.rel_mirren_08.left,Only to the door
card.rel_mirren_08.left_outcome,"""Only to the door."" She repeats it as if to fix it there."
card.rel_mirren_08.right,Not yet
card.rel_mirren_08.right_outcome,"""Not yet."" Her hands are shaking. ""That's what he said."""
card.rel_mirren_09.text,"Tobin told me a story about him tonight. About the Dry Year, when he was a boy, watching men go up the north bank at night. He never told me that. Why would Tobin know and not me?"
card.rel_mirren_09.left,Because Tobin was there
card.rel_mirren_09.left_outcome,"""Then I want to be there. Wherever there is."""
card.rel_mirren_09.right,Because he was protecting you
card.rel_mirren_09.right_outcome,"""From what? From knowing? That's not protecting."""
card.rel_mirren_10.text,"If you find him. When. If. I want to be the one who's told. Not Vosk. Not Pell. Not the Book. Me, first, from you. Promise that and I'll stop asking about the study."
card.rel_mirren_10.left,Promise
card.rel_mirren_10.left_outcome,"""Right."" She stops asking. She does not stop watching."
card.rel_mirren_10.right,I can't promise
card.rel_mirren_10.right_outcome,"""No. He couldn't either."""
card.rel_pell_01.text,Keeper! Have you seen the pound at dawn from the Company house roof? Magnificent. I go up every morning. Twenty years. Nobody has ever come with me. I mention it in passing.
card.rel_pell_01.left,Go up with him
card.rel_pell_01.left_outcome,"The pound at dawn is, in fact, magnificent. He does not speak for once."
card.rel_pell_01.right,The gate opens at dawn
card.rel_pell_01.right_outcome,"""It does. It does. Duty. I admire it. From the roof."""
card.rel_pell_02.text,"The Courier calls me 'the Superintendent of Adjectives'. I have read it eleven times. I do use adjectives, Keeper. Words are what I have. I do not have a gate."
card.rel_pell_02.left,Words are not nothing
card.rel_pell_02.left_outcome,"""No. No, they are not. Thank you. That was a good word."""
card.rel_pell_02.right,Hesse is a Sorrel paper
card.rel_pell_02.right_outcome,"""He is. He is also read in Ardent."" He folds the paper very small."
card.rel_pell_03.text,"I have never been to Ardent, Keeper. Twenty years with the Company and I have never seen the Board's house. They have never asked. I tell people I prefer the summit. It is not entirely untrue."
card.rel_pell_03.left,Ask why they've never asked
card.rel_pell_03.left_outcome,"""Because a Superintendent who is happy where he is does not need to be managed."" He knows exactly what he is."
card.rel_pell_03.right,The summit is better than Ardent
card.rel_pell_03.right_outcome,"""It is! It is. Magnificent, in its way. Yes."""
card.rel_pell_04.text,"I heard you at the inn. 'The Company's flood.' Your words. The Company built this canal and this town, Keeper. Remember which side of the gate you stand on."
card.rel_pell_04.left,I stand on the gate
card.rel_pell_04.left_outcome,"""Ah. Clever. I hate clever. Vosk is clever."""
card.rel_pell_04.right,The Company's side; I misspoke
card.rel_pell_04.right_outcome,"""Good. Good. We all misspeak. I misspeak magnificently."""
card.rel_pell_05.text,"A confession. I keep a draft of the Clearance Order in my desk, updated yearly, never sent. The Board once asked if I had a contingency, and I did not, and I never wish to feel that again."
card.rel_pell_05.left,Burn the draft
card.rel_pell_05.left_outcome,He looks at the drawer for a long time. He does not burn it. He does not update it that year.
card.rel_pell_05.right,Every Superintendent needs a contingency
card.rel_pell_05.right_outcome,"""Yes. Yes! You understand. It is merely a piece of paper."""
card.rel_pell_06.text,"I have written a history of the summit, Keeper. Four hundred pages. Nobody has read it. I would be honored, magnificently honored, if you would. There is a chapter on the Dry Year I am rather proud of."
card.rel_pell_06.left,Read the Dry Year chapter
card.rel_pell_06.left_outcome,"Forty pages. In the middle, a line about 'night works on the north bank' he has not understood himself."
card.rel_pell_06.right,Perhaps after the season
card.rel_pell_06.right_outcome,"""Of course. Of course. It will keep. It has kept twenty years."""
card.rel_pell_07.text,"Vosk does not respect me. You have seen it. She was appointed to watch this summit and I to run it, and she has never asked my view. Do you respect me? I would like a true answer. A kind one more."
card.rel_pell_07.left,The true answer
card.rel_pell_07.left_outcome,"You tell him. It is not unkind. He is quiet, then: ""Thank you. Nobody does that."""
card.rel_pell_07.right,The kind answer
card.rel_pell_07.right_outcome,"""Magnificent. I shall believe it. I am good at that."""
card.rel_pell_08.text,"I have had a letter from the Board that uses the word 'retirement'. About me. I have not answered. I am asking you, as the only person here who does not want my post, what I should say."
card.rel_pell_08.left,Say the summit still needs you
card.rel_pell_08.left_outcome,"He writes it. It is true. The Board withdraws the word, for now."
card.rel_pell_08.right,Ask what you'd do in Ardent
card.rel_pell_08.right_outcome,"""Nothing. That is the difficulty. Nothing magnificently."" He answers the Board the next day, briefly."
card.rel_pell_09.text,"You have made me look a fool before the Board twice this quarter. I am not a fool. I am, at most, a man who prefers a good word to a true one. Do not confuse the two again."
card.rel_pell_09.left,I won't
card.rel_pell_09.left_outcome,"""Good."" He does not say magnificent. It is how you know he means it."
card.rel_pell_09.right,"The truth did that, not I"
card.rel_pell_09.right_outcome,"""Then the truth may keep the gate. I shall keep the Company."""
card.rel_pell_10.text,"Keeper, a small thing. The hands have named the goose in the inn cellar after me. I have heard. I want you to know I find it magnificent. I want you to know that very much."
card.rel_pell_10.left,It is meant kindly
card.rel_pell_10.left_outcome,"""Is it? Is it. Yes. I shall choose to believe that."" He visits the goose."
card.rel_pell_10.right,It is a goose
card.rel_pell_10.right_outcome,"""It is a goose named Pell. There is a difference, and I feel it."""
card.rel_quenn_01.text,"Sorry. I've drawn the gate. All of it, every timber, because nobody has since Marrow. It took three months. Do you want to see it? It's roughly the size of the wall."
card.rel_quenn_01.left,See it
card.rel_quenn_01.left_outcome,It is the size of the wall. It is beautiful. She is embarrassed by your face.
card.rel_quenn_01.right,Later; the gate needs you
card.rel_quenn_01.right_outcome,"""Right. Yes. The actual gate. Sorry."""
card.rel_quenn_02.text,Vosk asked me today what I'd told you. About the figures. I said nothing. I mean I said I'd said nothing. Which is a lie. I don't lie well. Sorry. I think she knows.
card.rel_quenn_02.left,Say I asked and you refused
card.rel_quenn_02.left_outcome,"""I can do that. Roughly. Thank you."""
card.rel_quenn_02.right,Tell her the truth
card.rel_quenn_02.right_outcome,She does. Vosk says 'noted'. Quenn does not sleep for two nights.
card.rel_quenn_03.text,My father was an engineer on the Sorrel flight. He used to say the Meridian was built on a lie and a very good survey. I thought he meant the tolls. I've started to think he meant the survey.
card.rel_quenn_03.left,What lie?
card.rel_quenn_03.left_outcome,"""He never said. He died when I was nine. I have his survey. I have Marrow's too. They don't agree."""
card.rel_quenn_03.right,Fathers say things
card.rel_quenn_03.right_outcome,"""They do. Mine said them with figures. Sorry. That's not nothing."""
card.rel_quenn_04.text,I've been offered a bribe. By Vane. To say the Sorrel gear would work in our gates. It wouldn't. I said no. I'd like it written down somewhere that I said no.
card.rel_quenn_04.left,Write it in the Ledger
card.rel_quenn_04.left_outcome,"""In the Ledger. Yes. Where things are true."""
card.rel_quenn_04.right,"Tell Vosk, too"
card.rel_quenn_04.right_outcome,Vosk notes it. Quenn is 'reliable' in a Company file for the first time.
card.rel_quenn_05.text,I don't sleep. Not much. I lie there doing the reservoir sums and they never close. Stroud says it's nerves. It isn't nerves. It's arithmetic. You can't treat arithmetic.
card.rel_quenn_05.left,"Do the sums with her, once"
card.rel_quenn_05.left_outcome,You sit up till the third bell. They do not close. You both know why now.
card.rel_quenn_05.right,Send her to Stroud anyway
card.rel_quenn_05.right_outcome,Stroud gives her something. She sleeps. The sums wait.
card.rel_quenn_06.text,"I'm frightened of Vosk. I know that's obvious. I'm telling you because I've decided to stop, and I don't know how, and I thought saying it aloud to someone might be the first step. Sorry."
card.rel_quenn_06.left,I'm frightened of her too
card.rel_quenn_06.left_outcome,"""Oh. Oh, good. I mean. Not good. Better."" She laughs, once, surprised."
card.rel_quenn_06.right,She is only an auditor
card.rel_quenn_06.right_outcome,"""She is only an auditor the way the pound is only water."""
card.rel_quenn_07.text,I've decided. I'm going to read the whole survey. Marrow's. Not just the tables. I've had it six years. I'd like someone in the room when I do. I'd like it to be you.
card.rel_quenn_07.left,Be in the room
card.rel_quenn_07.left_outcome,"Four hours. At the end she puts it down and says, very quietly, 'the Quell'."
card.rel_quenn_07.right,Ask Crane to sit with her
card.rel_quenn_07.right_outcome,"Crane sits. He reads faster than she does. He says 'duly' once, and then nothing."
card.rel_quenn_08.text,You went over my head to Pell about the spindle. I know it worked. I know he said yes. I'd have liked to be asked first. I'm the engineer. Sorry. I'm not sorry. I'm the engineer.
card.rel_quenn_08.left,You're right; I should have asked
card.rel_quenn_08.left_outcome,"""Oh. Right. Thank you. Sorry. No. Thank you."""
card.rel_quenn_08.right,It got done
card.rel_quenn_08.right_outcome,"""It did. Roughly. Next time it might not."""
card.rel_quenn_09.text,"I've worked out where the water comes in. There's a boil off the north bank at the fourth mark, always the fourth. I could show you. It means a boat, at night. Sorry."
card.rel_quenn_09.left,Go out tonight
card.rel_quenn_09.left_outcome,"A boil of cold water, tasting of iron, rising from under the sluice house. She writes the bearing."
card.rel_quenn_09.right,Draw it for me instead
card.rel_quenn_09.right_outcome,She draws it. It is very exact and it is not the same as seeing it.
card.rel_quenn_10.text,"I'm not going to say sorry. I've been practicing. The gate is sound, the figures are what they are, and I have done my job better than anyone since Marrow. I wanted someone to hear me say it."
card.rel_quenn_10.left,You have
card.rel_quenn_10.left_outcome,"""I have."" She does not say sorry. It lasts most of the day."
card.rel_quenn_10.right,"Better than Marrow, maybe"
card.rel_quenn_10.right_outcome,"""No. She built it. I just know what it is. That's different. That might be worse."""
card.rel_solas_01.text,You don't ask about the arm. Everyone asks. Then they're sorry they asked. I'd rather be asked by someone who'd rather not know than not asked by someone who's dying to.
card.rel_solas_01.left,Ask about the arm
card.rel_solas_01.left_outcome,"""Year 58. Our own guns. Nobody's fault. Everybody's."""
card.rel_solas_01.right,Don't ask
card.rel_solas_01.right_outcome,"""Fair. It's not a good story anyway."""
card.rel_solas_02.text,My men are bored. Bored soldiers are worse than angry ones. I'd like them to do something useful at the summit while we wait. Your hands are short. I'm offering. No charge. No conditions I'll admit to.
card.rel_solas_02.left,Put them on the paddles
card.rel_solas_02.left_outcome,Sorrel soldiers turning Company paddles. Crane is speechless. The gate runs beautifully.
card.rel_solas_02.right,Soldiers are not lock hands
card.rel_solas_02.right_outcome,"""No. They're bored. I'll find them something. I'd rather it was yours."""
card.rel_solas_03.text,"Bram Holloway and I sit on the same bollard, some nights. Different wars. Same silence. He says you're a gate. He's said that of two Keepers in forty years. The other one's in the hill. Take it as you like."
card.rel_solas_03.left,Sit with you both
card.rel_solas_03.left_outcome,Three on a bollard. Nobody speaks. It is the most restful hour you have had.
card.rel_solas_03.right,Ask what he said of the other
card.rel_solas_03.right_outcome,"""That he'd open the wrong door. He did."""
card.rel_solas_04.text,"The rifles. You know. I know you know. I'm not asking you to look away. I'm telling you that if you stop them at the gate, I'll be ordered to force it, and I won't, and then I'm finished. That's not your problem. I wanted it said."
card.rel_solas_04.left,Then I'll stop them below the gate
card.rel_solas_04.left_outcome,Crane holds them at his post under the Compact. Solas is not ordered to force a customs post. He looks at you a long time.
card.rel_solas_04.right,I won't stop them
card.rel_solas_04.right_outcome,"""Understood."" The convoy passes. He does not thank you. He does not sleep either."
card.rel_solas_05.text,"One of mine deserted into your town. Young. Frightened. I'm supposed to want him back. I'm asking, quietly, whether the chapel's still taking people in. I'm not asking as an officer."
card.rel_solas_05.left,The chapel is taking people in
card.rel_solas_05.left_outcome,"""Good."" He does not look for the boy. His sergeant does, and finds nothing, and is told well done."
card.rel_solas_05.right,You should want him back
card.rel_solas_05.right_outcome,"""Should. Yes."" He finds the boy. He is gentle. The boy goes west."
card.rel_solas_06.text,"I've been ordered to draw up a plan for 'securing the summit' in the event of 'disorder'. I've drawn it up. It's very bad. Deliberately. I'd like you to read it and tell me it's very bad, so I can say the Keeper said so."
card.rel_solas_06.left,It is very bad
card.rel_solas_06.left_outcome,"""Thank you. I'll wire that. They'll ask for a better one. I'll be slow."""
card.rel_solas_06.right,Improve it; a bad plan gets people killed
card.rel_solas_06.right_outcome,"""So does a good one. Faster."" He takes your notes. He does not use them."
card.rel_solas_07.text,"My sergeant says you're soft. My sergeant says it of everyone who hasn't shot anyone. I told him you'd closed the gate on a Board member's launch. He said that's not soft, that's mad. I said yes."
card.rel_solas_07.left,Mad is fair
card.rel_solas_07.left_outcome,"""It'll do. Mad's kept me alive. Soft hasn't kept anyone."""
card.rel_solas_07.right,Tell your sergeant to mind his tongue
card.rel_solas_07.right_outcome,"""I did. He's my sergeant. He didn't."""
card.rel_solas_08.text,"You gave the order I wouldn't have given. My men followed it because you're the Keeper, not because I said so. That's the last time that happens. Next time they wait for me. I wanted you to hear it from me."
card.rel_solas_08.left,Understood
card.rel_solas_08.left_outcome,"""Good. We understand each other. It's rarer than you'd think."""
card.rel_solas_08.right,The gate gives orders on the gate
card.rel_solas_08.right_outcome,"""The gate can turn its own paddles, then."""
card.rel_solas_09.text,Bram told me about the river. The old one. The one that went into the hill. He doesn't tell charter men. I'm not a charter man; I'm a Sorrel soldier who guards their coal. He told me anyway. I think he wanted me to tell you.
card.rel_solas_09.left,Tell me
card.rel_solas_09.left_outcome,"""There was a valley. Lowmere. There was a river. Then there was a canal. That's the whole of it. That's everything."""
card.rel_solas_09.right,Why would he want that?
card.rel_solas_09.right_outcome,"""Because I'm the one with the rifles. If it comes to a choice, he wants me to have chosen already."""
card.rel_solas_10.text,"If it comes to the hill, and the water, and a choice about who has it, I'll hold the towpath. Not for Sorrel. Not for the Company. For whoever's in the hill with a lamp. That's you, I think. It won't come to that. If it does."
card.rel_solas_10.left,Hold the towpath
card.rel_solas_10.left_outcome,"""Understood."" He never says another word about it. He is there when it matters."
card.rel_solas_10.right,Hold your men back entirely
card.rel_solas_10.right_outcome,"""That's the same thing, said kinder. Understood."""
card.rel_vane_01.text,You keep good time. I noticed. Most Keepers open the gate when they've finished their tea. You open it at the bell. I could work with a Keeper who opens at the bell. Could you work with me?
card.rel_vane_01.left,"At the bell, for anyone"
card.rel_vane_01.left_outcome,"""Anyone. Fine. I'll be first in line, then."""
card.rel_vane_01.right,Depends what 'work with' means
card.rel_vane_01.right_outcome,"""It means I stop making your life difficult. It's a big offer. Think about it."""
card.rel_vane_02.text,My principals asked me what the Keeper wants. Everyone wants something. I said I'd find out. So: what does the Keeper want? Not for the gate. For you.
card.rel_vane_02.left,To know where the water comes from
card.rel_vane_02.left_outcome,"She stops writing. ""That's not a want. That's a problem. Interesting."""
card.rel_vane_02.right,Nothing you can supply
card.rel_vane_02.right_outcome,"""Everyone says that. Then they name a figure. I'll wait."""
card.rel_vane_03.text,"I've been offered a bribe to bribe you. By an Aldmere grain factor who assumes everyone at the summit is for sale. I've refused, for now. I'm telling you because it's funny, and because I want you to know I could have."
card.rel_vane_03.left,Thank her
card.rel_vane_03.left_outcome,"""Don't. I'll want something for it eventually."""
card.rel_vane_03.right,How much?
card.rel_vane_03.right_outcome,"""Enough to make me think. Not enough to make me do. Yet."""
card.rel_vane_04.text,"I don't like the Escort Company. I pay them. That's different. Solas is a good man in a bad job, and the men above him are bad men in worse ones. If it comes to it, I'd like you to remember I said so."
card.rel_vane_04.left,Why tell me now?
card.rel_vane_04.left_outcome,"""Because something's coming east that isn't coal, and I'd like to have said it before it does."""
card.rel_vane_04.right,You pay them; you own it
card.rel_vane_04.right_outcome,"""I pay for coal to move. What else moves isn't on my rate card."" She does not quite believe it."
card.rel_vane_05.text,You told Crane about my printing press. My press. He impounded it under Schedule Two. I'll get it back in a month. I'll get you back in less. What did I do to you?
card.rel_vane_05.left,Nothing; the Compact did it
card.rel_vane_05.left_outcome,"""The Compact. Right. The Compact and I are going to have words."""
card.rel_vane_05.right,You'll have the press back in a week
card.rel_vane_05.right_outcome,"You lean on Crane. He releases it, disapproving. Vane forgives you, mostly."
card.rel_vane_06.text,The canal's dying. Don't look at me like that. I move coal on it; I know what it's doing. The pound's falling and nobody in Ardent will say why. I want the Sorrel half before it goes. I'm telling you because you'll find out anyway.
card.rel_vane_06.left,What will you do with a dying canal?
card.rel_vane_06.left_outcome,"""Fix it. Sorrel engineers. Real reservoirs. The Company won't. We would."" She half believes it."
card.rel_vane_06.right,It isn't dying; it's being drained
card.rel_vane_06.right_outcome,"""By what?"" You do not answer. She writes something down for the first time in your presence."
card.rel_vane_07.text,I bet Crane a month's wages the pound would be up a mark by the solstice. I've lost. I never lose bets. I want to know why the pound didn't do what water does. You're the Keeper. Tell me.
card.rel_vane_07.left,The reservoirs can't fill it
card.rel_vane_07.left_outcome,"""Can't. Not don't. Can't."" She pays Crane and does not sleep well."
card.rel_vane_07.right,Water does what it likes
card.rel_vane_07.right_outcome,"""No, it doesn't. That's the one thing about water. Fine. Keep your secret."""
card.rel_vane_08.text,"My principals are the same people who pay for what goes through the reeds. I didn't choose them. I'd like to choose better ones. If the Company falls, I'll need a Keeper who'll deal with a new consortium. A cleaner one. Mine."
card.rel_vane_08.left,"A cleaner one, and I'll deal"
card.rel_vane_08.left_outcome,"""Done. Nothing on paper. Everything on your word. Delay costs; so does trust."""
card.rel_vane_08.right,No consortiums
card.rel_vane_08.right_outcome,"""Then it'll be the dirty one, and a Keeper who'll take their coin. There's always one."""
card.rel_vane_09.text,Ilse Harrow won't sell me ale. Won't. Six years. I've offered double. Today she poured me one and didn't charge. I don't know what you did. I want to know so I can do it in Aldmere.
card.rel_vane_09.left,I drank with her and said nothing
card.rel_vane_09.left_outcome,"""Said nothing. Right. I'll try it."" She cannot."
card.rel_vane_09.right,You'll never manage it
card.rel_vane_09.right_outcome,"""Probably not. I'll keep the free pint though."""
card.rel_vane_10.text,"Off every record. I like you. I don't like people; they're slow. You're not. When this canal changes hands, and it will, I'd like you on the right side of it. I don't know which side that is yet. I'll tell you when I do."
card.rel_vane_10.left,Tell me when you know
card.rel_vane_10.left_outcome,"""I will. By the next watch, probably. I'm quick."""
card.rel_vane_10.right,I'll pick my own side
card.rel_vane_10.right_outcome,"""You will. It's why I like you. Pick fast."""
card.rel_vosk_01.text,"You keep the Book in a plain hand. Dray's was ornamental. For the record, I preferred his. For the record, yours is easier to check."
card.rel_vosk_01.left,Easier is better
card.rel_vosk_01.left_outcome,"""Noted. That is what I would have said."""
card.rel_vosk_01.right,Ask about Dray's hand
card.rel_vosk_01.right_outcome,"""Loops. Flourishes. Numbers where words should be. Noted, and filed."""
card.rel_vosk_02.text,I take my supper alone at the Company house. I have for eleven years. Tonight there are two plates. I did not order two plates. You will find this is as close as I come to an invitation.
card.rel_vosk_02.left,Sit
card.rel_vosk_02.left_outcome,"She talks about accounts for an hour. It is, somehow, not dull."
card.rel_vosk_02.right,Another night
card.rel_vosk_02.right_outcome,"""Noted."" There is one plate the next night."
card.rel_vosk_03.text,You asked the engineer about the reservoirs. She told you what she tells everyone. Then you asked again. Nobody asks again. Dray asked again.
card.rel_vosk_03.left,And what did you tell Dray?
card.rel_vosk_03.left_outcome,"""That the reservoirs are a Company matter. You will find I am telling you the same."""
card.rel_vosk_03.right,I will not ask a third time
card.rel_vosk_03.right_outcome,"""Noted."" A pause. ""That was the wrong answer. It was the safe one."""
card.rel_vosk_04.text,I was appointed to this summit at twenty-six and told what to watch for. I have watched every day since. I am not asking for sympathy. I am telling you the length of the watch.
card.rel_vosk_04.left,What were you told to watch for?
card.rel_vosk_04.left_outcome,"""A Keeper who reads the gauge too carefully."" She looks at you. ""Noted."""
card.rel_vosk_04.right,Eleven years is a long watch
card.rel_vosk_04.right_outcome,"""It is not the longest at this summit. Marrow's was longer. She is still keeping it."""
card.rel_vosk_05.text,The Board has asked for my assessment of your character. I have written 'diligent'. I could write 'curious'. In Ardent those are different words with different consequences. Tell me which is true.
card.rel_vosk_05.left,Diligent
card.rel_vosk_05.left_outcome,"""Noted. I have sent it. You will find I did not believe it."""
card.rel_vosk_05.right,Curious
card.rel_vosk_05.right_outcome,"""Noted. I have sent 'diligent' anyway. That is the last kindness I have."""
card.rel_vosk_06.text,"You have been kind to the Dray girl. For the record, I approve. For the record, it is the only thing about you I have not written down."
card.rel_vosk_06.left,Why not?
card.rel_vosk_06.left_outcome,"""Because I owe her father something I cannot file."""
card.rel_vosk_06.right,Write it; I don't mind
card.rel_vosk_06.right_outcome,"""You should. Ardent reads kindness as alliance."" She does not write it."
card.rel_vosk_07.text,I have decided something. It is irregular. I am going to tell you a true thing and not write down that I did. The last Keeper did not resign. You knew that. Now you know that I know.
card.rel_vosk_07.left,Where is he?
card.rel_vosk_07.left_outcome,"""Where the water goes. You will find I have said enough."""
card.rel_vosk_07.right,Why tell me?
card.rel_vosk_07.right_outcome,"""Because I am tired, and you are the first who has not made me more so."""
card.rel_vosk_08.text,"You have been avoiding me for a week. You will find I notice. I have not asked why. I am asking now, once, and I will not ask again."
card.rel_vosk_08.left,I have been busy
card.rel_vosk_08.left_outcome,"""Noted. That is the Company's word for it too."""
card.rel_vosk_08.right,I have been afraid of you
card.rel_vosk_08.right_outcome,"""Good. I am the only person here it is sensible to fear. Noted, and, for once, appreciated."""
card.rel_vosk_09.text,"You will find I have made an error in the accounts. A real one. Mine. Nobody has noticed. If you report it, the Board will send someone to check me, and that someone will not be tired, or kind."
card.rel_vosk_09.left,Report it
card.rel_vosk_09.left_outcome,"""Noted."" Ardent sends a young man. He is neither tired nor kind. Vosk is recalled for a month."
card.rel_vosk_09.right,Correct it quietly
card.rel_vosk_09.right_outcome,"""You will find I am in your debt. I have never said that."""
card.rel_vosk_10.text,Your predecessor asked me once whether I believed in the reservoirs. I said belief was irregular. He laughed. I have not been laughed at since. You will find I have missed it.
card.rel_vosk_10.left,Do you believe in the reservoirs?
card.rel_vosk_10.left_outcome,"""I believe in the pound. It is there every morning. That is enough belief for an auditor."""
card.rel_vosk_10.right,Laugh
card.rel_vosk_10.right_outcome,You laugh. She almost does. It is the closest thing to a smile at the summit.
card.rel_wren_01.text,"You look tired. I've got a thing for tired. Cargo. Hullfolk recipe, mostly legal. One cup and you'll turn paddles till dawn. Two and you'll see the river. Want one?"
card.rel_wren_01.left,One cup
card.rel_wren_01.left_outcome,It tastes of reed and iron. You turn paddles till dawn. You do not see the river.
card.rel_wren_01.right,What river?
card.rel_wren_01.right_outcome,"""Figure of speech. The old man's. Forget it."" She does not forget you asked."
card.rel_wren_02.text,"The old man says I'm going to end up like him. On a bollard, remembering. I'd rather end up in Sorrel with money. He'd rather I ended up here with a song. You're the tiebreaker. Pick."
card.rel_wren_02.left,"Sorrel, with money"
card.rel_wren_02.left_outcome,"""Right answer. Wrong, but right."""
card.rel_wren_02.right,"Here, with a song"
card.rel_wren_02.right_outcome,"""You've been talking to him."" She is not as annoyed as she sounds."
card.rel_wren_03.text,Fine. You saw me at the sluice house. I wasn't going in. I was seeing if anyone else was. Someone else was. Not Company. Not you. I don't know who. That's new.
card.rel_wren_03.left,Watch it with me
card.rel_wren_03.left_outcome,"Two nights in the reeds. On the second, a lamp, and a woman's coat. Vosk."
card.rel_wren_03.right,Stay away from it
card.rel_wren_03.right_outcome,"""You first."""
card.rel_wren_04.text,"Mirren Dray's the only townie who talks to me straight. She asked me what I know about her father. I know a bit. I haven't told her. I'm asking you if I should, because you're the only other one who's straight."
card.rel_wren_04.left,Tell her
card.rel_wren_04.left_outcome,She tells her. Mirren comes to the paddles with red eyes and works a double watch.
card.rel_wren_04.right,Not yet; tell me first
card.rel_wren_04.right_outcome,"""He came to the Reach. Asked the old man about the hill. Went in. Didn't come out. That's it. That's all."""
card.rel_wren_05.text,"No jokes. Solas's men want the reed cargo doubled and they've stopped saying please. I said I'd think. If I stop, they'll find someone who won't stop, and that someone won't be careful. If I don't stop, I'm what the old man thinks I am."
card.rel_wren_05.left,Stop; I'll deal with Solas
card.rel_wren_05.left_outcome,"""You'll deal with Solas. Right. I'd like to watch that."" She stops."
card.rel_wren_05.right,Be careful; don't stop
card.rel_wren_05.right_outcome,"""Careful. Yes. I'm always careful."" She is, mostly."
card.rel_wren_06.text,I've learned the song. All of it. Don't tell the old man. He thinks I don't listen. I listen. There's a verse about a door in the hill with a key that's not a key. I don't know what that means. You look like you might.
card.rel_wren_06.left,Sing me that verse
card.rel_wren_06.left_outcome,"She sings, badly, quietly. A brass key. A tenth mark. A door that drinks."
card.rel_wren_06.right,Tell the old man you learned it
card.rel_wren_06.right_outcome,"She does. Bram says nothing for a long time, and then, ""we hold""."
card.rel_wren_07.text,"Crane's got me. Properly. Crate, seal, the lot. He's holding me at his post till you come. He's very polite about it. I'd rather he hit me. What's it going to cost?"
card.rel_wren_07.left,Pay the fine; release her
card.rel_wren_07.left_outcome,"Crane accepts coin and notes it. Wren owes you, and hates it."
card.rel_wren_07.right,Let Crane hold her
card.rel_wren_07.right_outcome,A night in Crane's post. He reads her Schedule Four. She says it was worse than a cell.
card.rel_wren_08.text,I made money this month. Real money. I could buy a house in the town. A Hullfolk in a house. The town'd hate it. The old man'd hate it more. I want to do it just to see their faces. Tell me not to.
card.rel_wren_08.left,Don't; buy a boat
card.rel_wren_08.left_outcome,"She buys a boat. A good one. She names it something rude, in Hullfolk."
card.rel_wren_08.right,Do it; I'll witness the deed
card.rel_wren_08.right_outcome,A Hullfolk in a house on Chapel Street. Cole sells it to her at a premium and is faintly impressed.
card.rel_wren_09.text,"You're the first Keeper who's never asked me for a cut. Dray didn't either, but Dray didn't know. You know. That's either very honest or very stupid. I've decided it's honest. Don't ruin it."
card.rel_wren_09.left,I won't
card.rel_wren_09.left_outcome,"""Good. Here's a fish. It's not a cut. It's a fish."""
card.rel_wren_09.right,What would a cut be worth?
card.rel_wren_09.right_outcome,"""Ruined it."" She grins anyway, and names a figure, and you refuse it, and she grins wider."
card.rel_wren_10.text,"If you go in the hill, I'm coming. Not for you. For the old man, who won't, and for Mirren, who shouldn't, and because I know the reeds and you don't. That's not a favor. That's the price of the others."
card.rel_wren_10.left,"Come, then"
card.rel_wren_10.left_outcome,"""Right. Bring a lamp. Bring two."""
card.rel_wren_10.right,Nobody's going in the hill
card.rel_wren_10.right_outcome,"""Sure. Nobody. I'll bring two lamps anyway."""
card.res_coffers_01.text,"I hear the chest is light again. I do not hear things; I am told them, kindly, by people who owe me. My offer stands. My terms have not changed, which at this point is a kindness."
card.res_coffers_01.left,Borrow
card.res_coffers_01.left_outcome,"Ten marks in, one in ten out, monthly. The bell on her door rings for you now."
card.res_coffers_01.right,Not from you
card.res_coffers_01.right_outcome,"""From whom, then? I ask because I would like to buy their debt."""
card.res_coffers_02.text,"The chest cannot meet next watch's wages. For the record, the Company will advance them against the Keeper's own salary. For the record, that is not a kindness. It is a lien."
card.res_coffers_02.left,Take the advance
card.res_coffers_02.left_outcome,"The hands are paid. You are not, for a season."
card.res_coffers_02.right,Pay them short and explain
card.res_coffers_02.right_outcome,"Dace explains. Badly. The hands understand anyway, which is worse."
card.res_coffers_03.text,"The hands drink on credit at my bar because you pay them late. I've carried it a month. I'm not a bank. I'm a reeve with a cellar. Who's paying, Keeper, you or the moot?"
card.res_coffers_03.left,"The Coffers, what there is"
card.res_coffers_03.left_outcome,"The chest empties into the inn. The hands are sober, briefly."
card.res_coffers_03.right,Cut the hands' credit
card.res_coffers_03.right_outcome,"""Right. I'll tell them who said so."""
card.res_coffers_04.text,Sorry. I know there's no money. The west paddle needs a new spindle or it needs a prayer. I've asked Hale for the prayer. She says the spindle's more reliable. I agree with her. I never agree with her.
card.res_coffers_04.left,"The spindle, somehow"
card.res_coffers_04.left_outcome,You sell the good chair. Cole buys it back for less than she gave it.
card.res_coffers_04.right,The prayer
card.res_coffers_04.right_outcome,Hale prays over the paddle. It runs another month. Nobody explains it.
card.res_coffers_05.text,Three things. Wages are two watches late. Two hands have gone down to Lock 6 where the Keeper pays. And the rest are asking me if I'm going too.
card.res_coffers_05.left,Sell the Company lamp oil
card.res_coffers_05.left_outcome,The town has oil for a month. Vosk will ask. Not yet.
card.res_coffers_05.right,Ask them to wait one more
card.res_coffers_05.right_outcome,"""One more. Right. That's what I said last time."""
card.res_coffers_06.text,"Your chest is empty. Mine isn't. I'll pay a season's tolls in advance at face value, no discount, no conditions. I'm not being generous. I'm buying a Keeper who remembers who paid the wages."
card.res_coffers_06.left,Take the season
card.res_coffers_06.left_outcome,The chest is full of Sorrel coin. You remember.
card.res_coffers_06.right,No Keeper is for sale
card.res_coffers_06.right_outcome,"""Everyone's for sale. Some of you just haven't seen the price yet."""
card.res_coffers_07.text,"Keeper, the Board has noticed the chest. The Board does not like noticing chests. There is a phrase in their letter, 'fiscal stewardship', which I have never seen used kindly."
card.res_coffers_07.left,Ask the Board for relief
card.res_coffers_07.left_outcome,"Relief arrives: a loan at Company rates, and Vosk's closer attention."
card.res_coffers_07.right,Raise tolls until it recovers
card.res_coffers_07.right_outcome,Bargees pay more and say so. The chest breathes.
card.res_coffers_08.text,"The chest has a false bottom you did not know about. Under it, twenty marks in old coin and a note in Dray's hand: 'For the day the Company stops paying. It will.'"
card.res_coffers_08.left,Take it; the day has come
card.res_coffers_08.left_outcome,Twenty marks. The note goes in the Ledger.
card.res_coffers_08.right,Leave it; the day is not yet
card.res_coffers_08.right_outcome,"You close the false bottom. You know it is there now, which is something."
card.res_coffers_09.text,"You have missed a payment. I have sent no men; I said I would not. I have sent a note to the Company, as I said I would. Kindly expect a visitor."
card.res_coffers_09.left,Pay double now
card.res_coffers_09.left_outcome,"The chest bleeds. The note is withdrawn, kindly."
card.res_coffers_09.right,Let the Company come
card.res_coffers_09.right_outcome,"Vosk reads the note twice. ""Noted. Irregular. Both of you."""
card.res_coffers_10.text,"The moot's had an idea. A town toll, on top of the Company's, for the town's own works. Collected at your gate, by your hands, into a chest that isn't yours. The Company would hate it."
card.res_coffers_10.left,Collect the town toll
card.res_coffers_10.left_outcome,"Two chests on the sill. Bargees pay both, swearing. The town mends its roofs."
card.res_coffers_10.right,"One toll, the Company's"
card.res_coffers_10.right_outcome,"""Thought so. Had to ask. The moot made me."""
card.res_coffers_11.text,"You have sold Company property to meet wages. I know because I know. For the record, I have not written it down. For the record, I am deciding whether to."
card.res_coffers_11.left,Write it down
card.res_coffers_11.left_outcome,"""Noted. You are the first to say that."" She writes less than she could."
card.res_coffers_11.right,Ask her not to
card.res_coffers_11.right_outcome,"""I did not hear that. You will find I hear very well."""
card.res_coffers_12.text,I've been paying for spindle oil myself. Roughly a mark a week. Sorry. I didn't want to add to the chest. I'm telling you now because I've run out too.
card.res_coffers_12.left,"Pay her back, all of it"
card.res_coffers_12.left_outcome,Six marks. She tries to refuse. She takes it.
card.res_coffers_12.right,Ask Tamm for tallow instead
card.res_coffers_12.right_outcome,"Tallow. The gears run, greasy and slow. Quenn does not complain."
card.res_coffers_13.text,"Two things. A bargee's offered to pay his toll in coal instead of coin, and the Company store'll take coal. And half the hands have no coal at home."
card.res_coffers_13.left,Coal to the hands
card.res_coffers_13.left_outcome,"Warm houses, empty Book. Vosk notes a toll paid in 'kind'."
card.res_coffers_13.right,"Coal to the store, coin to the chest"
card.res_coffers_13.right_outcome,The store pays less than the toll was worth. The chest breathes anyway.
card.res_coffers_14.text,"Delay costs, and so does poverty. I can put you in touch with a Sorrel banker who lends to Company posts against future tolls. It's legal. Barely. The Company would call it 'irregular'. The Company isn't broke."
card.res_coffers_14.left,Meet the banker
card.res_coffers_14.left_outcome,Sorrel gold in a Company chest. The paper is very long.
card.res_coffers_14.right,No Sorrel money
card.res_coffers_14.right_outcome,"""Suit yourself. The Aldmere bankers won't call you either. They don't lend to canals."""
card.res_coffers_15.text,"Nothing in the chest but the chest. The hands know. The town knows. The Company will know on Tuesday. There is one thing left to sell, and it is the Keeper's own good name at the gate."
card.res_coffers_15.left,Sell precedence for a week
card.res_coffers_15.left_outcome,The queue reorders itself by coin. It is fast and ugly and pays the wages.
card.res_coffers_15.right,Go to the moot with empty hands
card.res_coffers_15.right_outcome,The town votes a levy on itself. For you. Nobody expected that.
card.res_coffers_16.text,"The chest holds more than the toll table can produce. I have checked the table. I have checked the Book. For the record, one of them is wrong, and it is not the table."
card.res_coffers_16.left,Remit the surplus to Ardent
card.res_coffers_16.left_outcome,"""Noted. Correct."" The surplus goes east. The Book is honest again."
card.res_coffers_16.right,The Book is right
card.res_coffers_16.right_outcome,"""Noted."" She underlines something."
card.res_coffers_17.text,"A full chest attracts attention. I would not dream of lending to you now; I would like to borrow. A small sum, at your terms, for a building. It would be kind. It would also be recorded."
card.res_coffers_17.left,Lend to Cole
card.res_coffers_17.left_outcome,The Company's money in Cole's building. It is the most irregular thing you have done.
card.res_coffers_17.right,The chest is the Company's
card.res_coffers_17.right_outcome,"""Of course. I only wanted to hear you say it."""
card.res_coffers_18.text,"Word is the chest is full and the town's roofs are not. The moot's asked me to ask: is any of it the town's, or is it all going to Ardent to buy a Board member a launch?"
card.res_coffers_18.left,Fund the roofs
card.res_coffers_18.left_outcome,Slate on every roof in the low street by winter. Vosk reads the entry twice.
card.res_coffers_18.right,It goes to Ardent
card.res_coffers_18.right_outcome,"""Right. I'll tell them. I'll tell them the word 'launch', too."""
card.res_coffers_19.text,"There's money. There's actually money. Sorry, I've never said that before. I could rebuild the west paddle gear properly. Both sides. Marrow's pattern. It would take the whole surplus and it would last fifty years."
card.res_coffers_19.left,Marrow's pattern; the whole surplus
card.res_coffers_19.left_outcome,"Six weeks. The gear runs like water. Vosk approves the spend without a word, which is unheard of."
card.res_coffers_19.right,Keep the surplus for a bad year
card.res_coffers_19.right_outcome,"""Right. Sensible. Sorry. I'll patch it."""
card.res_coffers_20.text,"The chest is heavy. The hands know it's heavy because they carry it. And they've asked, politely, whether a heavy chest means a bonus or just a heavier chest."
card.res_coffers_20.left,A bonus
card.res_coffers_20.left_outcome,A mark a man. Ilse's takings double for a night.
card.res_coffers_20.right,A heavier chest
card.res_coffers_20.right_outcome,"""Right. Just checking."" They carry it anyway."
card.res_coffers_21.text,"You're rich. Relatively. My principals would like to buy the summit's surplus lamp oil, rope and tallow at a premium. The Company will say its stores aren't for sale. The Company isn't here. I am."
card.res_coffers_21.left,Sell the surplus stores
card.res_coffers_21.left_outcome,The chest grows. The stores shrink. Winter is a way off.
card.res_coffers_21.right,Company stores stay
card.res_coffers_21.right_outcome,"""Fine. I'll buy them from Lock 8. Tobin sells anything."""
card.res_coffers_22.text,Keeper! The summit's accounts are the envy of the flight. The Board has asked how. I said 'the Meridian spirit'. They asked again. I would be grateful for a sentence I could send them.
card.res_coffers_22.left,Efficient tolling and dry weather
card.res_coffers_22.left_outcome,"Pell sends it. Ardent accepts it. Vosk, reading the copy, does not."
card.res_coffers_22.right,Send them the Book
card.res_coffers_22.right_outcome,"""The Book. Itself. Ah."" He does not send it. He sends a summary."
card.res_coffers_23.text,"The chest will not close. Coin on coin, scrip on scrip, and no honest line in the Book that adds to it. Whatever you have been doing, you have been doing well. Someone will ask."
card.res_coffers_23.left,Bury half in the false bottom
card.res_coffers_23.left_outcome,Dray's hiding place holds. Nobody has ever looked. Yet.
card.res_coffers_23.right,"Spend it on the town, visibly"
card.res_coffers_23.right_outcome,A new wharf crane. The town cheers. The Book cannot explain the crane.
card.res_coffers_24.text,"A Board auditor from Ardent arrives Tuesday to count the chest against the Book. I would rather the count was right than that he found it wrong. For the record, this is not advice."
card.res_coffers_24.left,Make the Book right
card.res_coffers_24.left_outcome,Three nights of honest arithmetic. The count matches. He is faintly disappointed.
card.res_coffers_24.right,Let him find what he finds
card.res_coffers_24.right_outcome,He finds it. He is not disappointed. Vosk says nothing at all.
card.res_coffers_25.text,"The town says the Keeper is rich. The town says it the way it said it of Dray, the month before he went. I am not warning you. I am a landlady. I am telling you what tenants say."
card.res_coffers_25.left,Ask what they said of Dray
card.res_coffers_25.left_outcome,"""That he'd found something worth more than tolls. Kindly forget I repeated it."""
card.res_coffers_25.right,Let them talk
card.res_coffers_25.right_outcome,"""They will. They do. I collect it, like rent."""
card.res_coffers_26.text,"Somebody tried the toll chest last night with a bar. My potboy saw them off. Sorrel accent, he says. A full chest is a lit lamp, Keeper. Either spend it or guard it. Right now you're doing neither."
card.res_coffers_26.left,Post a guard
card.res_coffers_26.left_outcome,Dace's man sleeps on the chest. It is very uncomfortable and very safe.
card.res_coffers_26.right,Spend it down on the gates
card.res_coffers_26.right_outcome,"New timber, new gear, and a chest no thief would bother with."
card.res_coffers_27.text,"With this much in the chest I could hire a proper survey of the north bank. Sorrel engineers, not Company. I'd like to know what's under there. Sorry. I've wanted to know for six years."
card.res_coffers_27.left,Hire the survey
card.res_coffers_27.left_outcome,Sorrel engineers on the north bank for a week. Vosk watches them from the Company house.
card.res_coffers_27.right,The Company surveys its own bank
card.res_coffers_27.right_outcome,"""It doesn't, though. That's rather the point. Sorry."""
card.res_coffers_28.text,Three things. Vosk's counted the chest twice this week. Kell's coming. And the hands say if the Keeper's going to be arrested they'd like their bonus first.
card.res_coffers_28.left,Pay the bonus
card.res_coffers_28.left_outcome,"Paid. The hands are loyal for a month, which is longer than most things."
card.res_coffers_28.right,Nobody is being arrested
card.res_coffers_28.right_outcome,"""Right. I'll tell them that. They'll believe it about as much as I do."""
card.res_coffers_29.text,"I know where the surplus came from. On my shore nobody minds. On the other they mind a great deal. My principals could buy a 'consultancy' from you, papered and legal. It costs a favor later."
card.res_coffers_29.left,The consultancy
card.res_coffers_29.left_outcome,Paper covers coin. The favor is not named. It will be.
card.res_coffers_29.right,Let it stand
card.res_coffers_29.right_outcome,"""Brave. Or slow. I'll find out which when Kell does."""
card.res_coffers_30.text,"Keeper, I have defended the summit's accounts to the Board with every adjective I possess. I am running out. Either the surplus goes to Ardent this week or I stop defending, and I have never stopped anything."
card.res_coffers_30.left,Send it to Ardent
card.res_coffers_30.left_outcome,The chest is honest and light. Pell finds new adjectives.
card.res_coffers_30.right,Stop defending
card.res_coffers_30.right_outcome,He stops. It is very quiet. Kell arrives on Tuesday.
card.res_company_01.text,"Keeper. The Board's letters have stopped using my name. They use 'the summit'. When the Board stops using names it is preparing to change them. I say this as a friend, which I have never said before."
card.res_company_01.left,Ask what would restore their favor
card.res_company_01.left_outcome,"""Figures. Silence. A Jubilee without incident. Any one of the three."""
card.res_company_01.right,Let them change the names
card.res_company_01.right_outcome,"""You do not mean that. I hope you do not mean that."""
card.res_company_02.text,"The Board has asked me whether the Keeper should be retained. For the record, I have not yet answered. For the record, I am not required to answer favorably. I am asking you for a reason to."
card.res_company_02.left,Give her the honest Book
card.res_company_02.left_outcome,"She reads it all. ""Noted. It will do."" It does."
card.res_company_02.right,Give her the reason she wants to hear
card.res_company_02.right_outcome,"""You do not know what I want to hear. Nobody does."" She answers anyway. Neutrally."
card.res_company_03.text,"The Board's view is that the summit has become 'a town post with a Company name'. The Board would like the name back. I am here to see whether the Keeper can return it, or whether someone else must."
card.res_company_03.left,"The Company's gate, from today"
card.res_company_03.left_outcome,"Inspections, tolls, reports, all as written. The town notices at once."
card.res_company_03.right,The town is the gate
card.res_company_03.right_outcome,"""The Board's view differs. Regrettably, so, in time, will your appointment."""
card.res_company_04.text,COMPANY TO KEEPER STOP EXPLAIN IN WRITING WHY SUMMIT HAS DEPARTED FROM STANDING ORDERS ON FOUR OCCASIONS STOP REPLY BY RETURN STOP
card.res_company_04.left,"Explain, at length"
card.res_company_04.left_outcome,Nine pages. Fennick's hand aches. Ardent replies: 'NOTED'.
card.res_company_04.right,'THE GATE REQUIRED IT'
card.res_company_04.right_outcome,"Five words. Silence for a week, then Vosk, at your door."
card.res_company_05.text,There's a wire come for Vosk about you. I didn't read it. I read it. It says 'PREPARE SUCCESSION'. I'm sorry. I thought you'd want to know before she did. She doesn't yet. She's at supper.
card.res_company_05.left,Go to Pell tonight
card.res_company_05.left_outcome,"Pell, in his nightshirt, wires Ardent nine adjectives in your defense. It buys a month."
card.res_company_05.right,Let it come
card.res_company_05.right_outcome,"""You're very calm. Dray was calm. Sorry. Sorry."""
card.res_company_06.text,"The Courier hears the Company wants you gone. The Courier's readers rather like you. A piece, 'THE KEEPER THE COMPANY FEARS', would make you very hard to dismiss and very easy to hate in Ardent."
card.res_company_06.left,Print it
card.res_company_06.left_outcome,You are famous for a week and unemployable in Ardent forever.
card.res_company_06.right,Don't
card.res_company_06.right_outcome,"""Your funeral. Literally, possibly. I'll hold it."""
card.res_company_07.text,"I note that the Company appears displeased with you. I note also that the Compact provides for Aldmere to object to a Keeper's removal 'where the Keeper has upheld the Compact'. You have, mostly. Shall I object?"
card.res_company_07.left,Object
card.res_company_07.left_outcome,"Aldmere objects, formally. The Board is astonished. You are retained, resentfully."
card.res_company_07.right,Let the Company decide
card.res_company_07.right_outcome,"""Duly. I shall note that you declined protection. It is unusual."""
card.res_company_08.text,"Sorry. If they dismiss you they'll send someone who does what they're told, and I'll be transferred, and the drawer will be emptied. I've copied everything. I'd like you to have the copies. Now, while you're still here."
card.res_company_08.left,Take the copies
card.res_company_08.left_outcome,"A folio of figures, in her small hand. It is heavier than paper."
card.res_company_08.right,Keep them; you are safer than I am
card.res_company_08.right_outcome,"""Am I? Oh. Yes. Roughly."" She keeps them."
card.res_company_09.text,"Keeper, a proposal. I write to the Board that the summit's irregularities were mine. Superintendent's discretion. It is nearly true. They will scold me. They have never dismissed a Superintendent. They dismiss Keepers."
card.res_company_09.left,Let him take it
card.res_company_09.left_outcome,He takes it. The Board scolds him for nine pages. He frames the ninth.
card.res_company_09.right,No; it was mine
card.res_company_09.right_outcome,"""Magnificent. Foolish. I shall write to them anyway, more carefully."""
card.res_company_10.text,I have written my recommendation. You will find it is not what the Board expects from me. You will also find I have not sent it. I am giving you one watch to make it true.
card.res_company_10.left,Ask what it says
card.res_company_10.left_outcome,"""'Retain.' One word. It is more than I have written for anyone."""
card.res_company_10.right,Send it as it is
card.res_company_10.right_outcome,"""Noted."" She sends it. It says retain. You did not deserve to know that."
card.res_company_11.text,COMPANY TO KEEPER STOP AUDITOR VOSK TO ASSUME JOINT AUTHORITY OVER GATE OPERATIONS PENDING REVIEW STOP ACKNOWLEDGE STOP
card.res_company_11.left,Acknowledge
card.res_company_11.left_outcome,Vosk at the gate beside you. She does not interfere. She watches.
card.res_company_11.right,Refuse joint authority
card.res_company_11.right_outcome,Fennick sends it with his eyes shut. Ardent does not reply. Vosk does not come.
card.res_company_12.text,"The Board has drafted your dismissal. I have it here, undelivered, because the Board asked my view, and my view is that you are useful in a way the Board does not understand. Make me right."
card.res_company_12.left,Ask what would make him right
card.res_company_12.left_outcome,"""Nothing dramatic. A quiet quarter. The Board forgets what is quiet."""
card.res_company_12.right,Deliver it if you must
card.res_company_12.right_outcome,"""Regrettably, I must not, yet. You are more stubborn than useful. It will do."""
card.res_company_13.text,"In strictest confidence, Keeper: I've been sending your figures to Ardent a little rounder than they are. Up. Not much. I thought it'd help. Now I don't know how to stop without it looking like they fell."
card.res_company_13.left,Stop; send the true figures
card.res_company_13.left_outcome,"The figures fall on paper. Ardent asks why. You tell them the truth about Fennick, sparing him."
card.res_company_13.right,Keep rounding
card.res_company_13.right_outcome,"""Right. Right. I'll round. I'm good at rounding."""
card.res_company_14.text,I'm told Ardent has a replacement Keeper picked. Sorrel man. My readers would like to know what you'd say to him. I'd like to print it before he arrives so it's waiting for him.
card.res_company_14.left,'Watch the gauge'
card.res_company_14.left_outcome,The line is printed. The replacement never arrives. Nobody explains why.
card.res_company_14.right,Nothing for print
card.res_company_14.right_outcome,"""Fine. I'll print that you said nothing. It reads as dignity."""
card.res_company_15.text,I have been asked by Aldmere to report whether the Company's difficulties with its Keeper create 'an opportunity'. I have said I do not understand the question. I understand it. I am asking whether you want me to.
card.res_company_15.left,Aldmere's opportunity is mine
card.res_company_15.left_outcome,He reports carefully. Aldmere's interest in the summit sharpens.
card.res_company_15.right,Don't understand it
card.res_company_15.right_outcome,"""Duly. I shall remain confused. It is restful."""
card.res_company_16.text,"Keeper! The Board has used your name. Favorably. In a minute. I have never been in a minute. They propose you attend the Jubilee dinner in Ardent as 'the face of the summit'. The face, Keeper!"
card.res_company_16.left,Attend
card.res_company_16.left_outcome,A week in Ardent. Speeches. Your face on a program. The gate runs without you.
card.res_company_16.right,The gate needs its Keeper
card.res_company_16.right_outcome,"""Modest. The Board does not reward modesty. I do, privately."""
card.res_company_17.text,"The Board trusts you. For the record, that is a dangerous position at this summit. The last Keeper they trusted this much was asked to do things that are not in the manual. You will be asked."
card.res_company_17.left,Ask what things
card.res_company_17.left_outcome,"""Sign statements. Lose papers. Look elsewhere. Small things. They accumulate."""
card.res_company_17.right,I will do what the Company needs
card.res_company_17.right_outcome,"""Noted."" A pause longer than her pauses. ""Noted."""
card.res_company_18.text,"The Board has a task for reliable Keepers: sign, as witness, that the sluice house was inspected this quarter and found 'disused and sound'. It was not inspected. Sign anyway."
card.res_company_18.left,Sign
card.res_company_18.left_outcome,Your name on a lie about a building you have never entered.
card.res_company_18.right,Inspect it first
card.res_company_18.right_outcome,"""Regrettably, the key is in Ardent."" It is not. Vosk has it. You saw it."
card.res_company_19.text,COMPANY TO KEEPER STOP BOARD COMMENDS SUMMIT STOP KEEPER TO SUBMIT NAMES OF LOCK HANDS SUITABLE FOR REDUCTION STOP EFFICIENCY DIVIDEND STOP
card.res_company_19.left,Submit two names
card.res_company_19.left_outcome,Two men go down the flight. The Board's dividend arrives in scrip.
card.res_company_19.right,No names; all are needed
card.res_company_19.right_outcome,The commendation is quietly withdrawn from the minute.
card.res_company_20.text,"You'll never guess. Ardent's asked me to wire them every visitor you receive. By name. In strictest confidence, they think you're going to be Superintendent and they want to know who you know. Should I?"
card.res_company_20.left,Send the names
card.res_company_20.left_outcome,Ardent knows who drinks at your table. Some of them stop.
card.res_company_20.right,Send them nothing
card.res_company_20.right_outcome,"""Right. I'll send them the weather. They like the weather."""
card.res_company_21.text,"COMPANY'S DARLING. That's the headline Sorrel wants. Aldmere wants COMPANY'S CREATURE. I've got both set. I'll run whichever you don't hate more, or neither if you give me something better."
card.res_company_21.left,Run 'Darling'
card.res_company_21.left_outcome,Sorrel laughs. Ardent is pleased. The town looks at you sideways.
card.res_company_21.right,Give him the water figures
card.res_company_21.right_outcome,"He stops setting type. ""These are real?"" They are."
card.res_company_22.text,I note that the Company has begun addressing the Keeper as 'our representative at the summit'. The Compact recognizes a Keeper. It does not recognize a representative. I am concerned about whom I am dealing with.
card.res_company_22.left,You are dealing with the Keeper
card.res_company_22.left_outcome,"""Duly. I shall hold you to that. It is a comfort to have something to hold."""
card.res_company_22.right,The Company's representative
card.res_company_22.right_outcome,"""Then I shall address my correspondence accordingly. It will be longer."""
card.res_company_23.text,"They've offered me a post in Ardent. Reservoirs. Sorry. Real reservoirs, with water in them. I think it's because you're in favor and they want your engineer where they can see her. I don't want to go."
card.res_company_23.left,Refuse it for her
card.res_company_23.left_outcome,You write to Ardent. She stays. Ardent remembers you kept her.
card.res_company_23.right,Real reservoirs are a gift
card.res_company_23.right_outcome,"She goes. The drawer goes with her, emptied by Vosk first."
card.res_company_24.text,"A delicate matter, Keeper. The Board is so pleased with you that it has asked whether I am necessary. I have been at this summit twenty years. I would like you to tell them I am."
card.res_company_24.left,Tell them he is
card.res_company_24.left_outcome,You write nine adjectives about Pell. He reads them and cannot speak.
card.res_company_24.right,Let the Board decide
card.res_company_24.right_outcome,"""Ah."" He does not say anything else for a week. The Board keeps him. Barely."
card.res_company_25.text,"You are to be given a key. Not the gate keys. A brass one. For the record, I argued against it and was overruled. You will find the door it opens is one you have asked about."
card.res_company_25.left,Take the key
card.res_company_25.left_outcome,"Brass, stamped S.H. Warm from her hand. She does not let go at once."
card.res_company_25.right,Refuse it
card.res_company_25.right_outcome,"""Noted. That was wise. It will not be offered twice."""
card.res_company_26.text,"The Board would like the Keeper to address the Jubilee crowd on the Company's behalf. A short speech, prepared in Ardent. You need not read it beforehand. Regrettably, you need not understand it either."
card.res_company_26.left,Read the speech as given
card.res_company_26.left_outcome,"The speech thanks 'the Ninefold Reservoirs'. Quenn, in the crowd, looks at her feet."
card.res_company_26.right,Write your own
card.res_company_26.right_outcome,You thank the hands and the water. Ardent notes the omission.
card.res_company_27.text,COMPANY TO KEEPER STOP BOARD PROPOSES KEEPER FOR SUPERINTENDENT ON PELL'S RETIREMENT STOP PELL NOT YET INFORMED STOP ADVISE STOP
card.res_company_27.left,"Accept, and tell Pell yourself"
card.res_company_27.left_outcome,He takes it beautifully. He does not mean a word of it.
card.res_company_27.right,Decline; Pell stays
card.res_company_27.right_outcome,"Ardent is puzzled. Pell, learning of it from Fennick, is speechless for a day."
card.res_company_28.text,Ardent's sent a wire meant for the next Keeper. Instructions. It says the summit Keeper is 'not to be informed of the north bank works'. There aren't any north bank works. Are there?
card.res_company_28.left,Go and look tonight
card.res_company_28.left_outcome,Lamps below the sluice house. Men with picks. They do not see you. You hope.
card.res_company_28.right,Wire it on and forget it
card.res_company_28.right_outcome,"""Right. Forgotten. I'm good at forgetting. I'm not, actually."""
card.res_company_29.text,"Ardent's asked me, through a friend of a friend, to write you up as the model Keeper. Paid. Handsomely. I've never been paid by a Company to praise anyone. I'm asking if you'd mind. I'd mind, a little."
card.res_company_29.left,Take their money; write the truth
card.res_company_29.left_outcome,He takes it and writes something honest. Ardent does not pay twice.
card.res_company_29.right,Write what they want
card.res_company_29.right_outcome,"MODEL KEEPER. The town reads it aloud at the inn, in voices."
card.res_company_30.text,"I note the Board has awarded you a medal. Aldmere has never recognized a Company medal. I have written suggesting it does, in your case. I do not know why I did that."
card.res_company_30.left,Thank him
card.res_company_30.left_outcome,"""Do not. I shall regret it by Tuesday."" He does not."
card.res_company_30.right,Withdraw the letter
card.res_company_30.right_outcome,"""Very well. I note that I am relieved. And disappointed. Both, duly."""
card.res_town_01.text,"Nobody came to the moot. That's never happened. They didn't come because they've decided, and they don't need a moot to tell them. I came, because someone should tell you."
card.res_town_01.left,Ask what they decided
card.res_town_01.left_outcome,"""That you're the Company's. That the Company's the flood. Work it out."""
card.res_town_01.right,The moot is not my concern
card.res_town_01.right_outcome,"""No. It'll be at your door, though. It'll bring lamps."""
card.res_town_02.text,"Three things. The hands won't take orders from the Keeper's mouth, only from mine. The town's stopped selling the lock house bread. And somebody's cut the tow rope on the Company boat. Clean."
card.res_town_02.left,Give orders through Dace
card.res_town_02.left_outcome,The gate runs on Dace's word. He does not enjoy it as much as you'd think.
card.res_town_02.right,The Keeper gives the orders
card.res_town_02.right_outcome,Orders are given. Some are obeyed. Slowly.
card.res_town_03.text,"The town is angry with you, and angry towns pay late. I am owed by half of it. If the Keeper would like the town calmer, the Keeper could pay its debts to me. I would announce who paid. Kindly."
card.res_town_03.left,Pay the town's debts to Cole
card.res_town_03.left_outcome,"You are, briefly, the most popular person in Halfway. Cole is the richest."
card.res_town_03.right,The town's debts are the town's
card.res_town_03.right_outcome,"""Of course. Then it will remain angry, and I shall remain patient."""
card.res_town_04.text,"Someone has put a dead rat on the Keeper's step. Then another. Rats carry things, and the person doing it is a patient of mine. I will not say who. Stop giving them reasons."
card.res_town_04.left,Ask what reasons
card.res_town_04.left_outcome,"""The Company's. Every day you do its work in its voice, the town hears it."""
card.res_town_04.right,Find who did it
card.res_town_04.right_outcome,Dace finds him. It is Perrin. He has four children and a flooded cellar.
card.res_town_05.text,A child throws a stone at the Keeper's window and runs. The stone has a paper round it. The paper says GO HOME in a careful adult hand that has been to the town school.
card.res_town_05.left,Post the paper on the gate
card.res_town_05.left_outcome,The town reads its own handwriting. Some are ashamed. Some sign it.
card.res_town_05.right,Burn it; mend the window
card.res_town_05.right_outcome,"Tamm mends the window and says nothing, which is a kindness."
card.res_town_06.text,"The town wants you gone. That's a story. 'KEEPER BESIEGED', or 'TOWN TURNS ON ITS OWN KEEPER'. Victim or villain? I've got type for both."
card.res_town_06.left,'Besieged'
card.res_town_06.left_outcome,Sorrel pities you. The town hates being pitied more than it hates you.
card.res_town_06.right,Neither; print the water figures
card.res_town_06.right_outcome,"He prints them. The town reads them. Something shifts, not toward you, but away from the Company."
card.res_town_07.text,"They ran a Keeper out in my day. Year 44. Walked him to the stone with lamps, quiet as a funeral. He'd done nothing much, for too long. You've done more. Might not help."
card.res_town_07.left,Ask what would have helped him
card.res_town_07.left_outcome,"""One thing they could see. One. Didn't have to be big."""
card.res_town_07.right,Buy him a drink and say nothing
card.res_town_07.right_outcome,"He drinks it. ""Dray sat there too. Same face."""
card.res_town_08.text,"They're saying things about you at the inn. The things they said about him, before. I told them to stop. They told me I live in your house. I do. I'm asking if I should keep living in it."
card.res_town_08.left,Stay; it is your house
card.res_town_08.left_outcome,"""It is."" She stays. The inn talks about that too."
card.res_town_08.right,Go to Ilse's until this passes
card.res_town_08.right_outcome,"She goes. The house is very quiet. The town approves of her, at least."
card.res_town_09.text,"The moot met without me and voted to withhold the town's labor from the gate. No hands but the Company's. No repairs. No sandbags. I'm telling you as reeve. As Ilse, I'd have voted the same."
card.res_town_09.left,Requisition labor under the emergency clause
card.res_town_09.left_outcome,"You compel the town. It comes, and it does not forget the compelling."
card.res_town_09.right,Work with the Company's hands alone
card.res_town_09.right_outcome,Dace and four men run a summit lock. The gate slows to a crawl.
card.res_town_10.text,"Three things. The hands have been asked, by the town, to walk out. Half want to. And the half that don't have asked me to ask you for one reason to stay that isn't wages."
card.res_town_10.left,'Someone must watch the water'
card.res_town_10.left_outcome,Dace repeats it. It is not what they expected. They stay.
card.res_town_10.right,Wages are the reason
card.res_town_10.right_outcome,"""Right."" Half walk out. The other half work double."
card.res_town_11.text,"If the town runs you out, the Keeper's house falls to me under the default clause. I would rather it did not. I am telling you so you know my interest is honest."
card.res_town_11.left,Ask her to speak at the moot
card.res_town_11.left_outcome,Cole speaks. The town listens to money. It buys a month.
card.res_town_11.right,Your interest is noted
card.res_town_11.right_outcome,"""Kindly. I shall have the locks measured, just in case."""
card.res_town_12.text,A man came to me with a broken hand from hitting the Company house door at night. Drunk and ashamed. He was not alone. There were eleven. I am telling you the number.
card.res_town_12.left,Open the Company house to the town
card.res_town_12.left_outcome,You hold a meeting in the Company's own parlor. Pell is appalled. The town is astonished.
card.res_town_12.right,Bar the door and post a guard
card.res_town_12.right_outcome,Dace's man on the step all night. Eleven becomes twenty.
card.res_town_13.text,"The town has painted the boundary stone white and cleared the path to it. Nobody has said why. Everybody knows why. A child asks you, quite kindly, whether you will need a lamp for the walk."
card.res_town_13.left,'I hope not'
card.res_town_13.left_outcome,The child considers this and offers to lend you one anyway.
card.res_town_13.right,Have the stone repainted grey
card.res_town_13.right_outcome,It is white again by morning.
card.res_town_14.text,There's a petition going round for your removal. A hundred names. I've seen it. Half of them are in the same hand and that hand is Cole's clerk. I could print that. It would be very funny and very cruel.
card.res_town_14.left,Print it
card.res_town_14.left_outcome,The petition dies laughing. Cole does not speak to you for a month.
card.res_town_14.right,Leave the petition alone
card.res_town_14.right_outcome,"""Merciful. Wasted, but merciful."" A hundred names reach Ardent."
card.res_town_15.text,"I've held them off a month. I can't hold them another. They want the Keeper at the moot tonight, to answer for the Company. Come, and they might not walk you out. I'm promising nothing."
card.res_town_15.left,Go to the moot
card.res_town_15.left_outcome,"Three hours of shouting. At the end, nobody walks anywhere. It is not forgiveness. It is a start."
card.res_town_15.right,The Keeper does not answer to moots
card.res_town_15.right_outcome,"""Then get your lamp."""
card.res_town_16.text,They've started calling it 'the Keeper's gate' at the inn. Not the Company's. Yours. It's meant kindly. I've been reeve long enough to know what kindly turns into when the Company hears it.
card.res_town_16.left,Let them call it what they like
card.res_town_16.left_outcome,The name sticks. Vosk hears it. She writes it down.
card.res_town_16.right,It is the Company's gate
card.res_town_16.right_outcome,"""Say it at the inn, then. Loud. They need reminding, for their own good."""
card.res_town_17.text,The hands have made you a sign for the gate. It says KEEPER'S LOCK. They want to hang it over the Company's. And Pell's coming Thursday.
card.res_town_17.left,Hang it
card.res_town_17.left_outcome,KEEPER'S LOCK over MERIDIAN CANAL COMPANY. Pell sees it Thursday and goes a color.
card.res_town_17.right,"Hang it in the lock house, inside"
card.res_town_17.right_outcome,Inside. The hands are pleased anyway. Pell never sees it.
card.res_town_18.text,The town loves you. I have watched towns love people; it is expensive. They will ask for things and remember every refusal. I would like to be your first refusal. I am asking for nothing.
card.res_town_18.left,Then you have it
card.res_town_18.left_outcome,"""Kindly. Now everyone else knows you can say no. You owe me."""
card.res_town_18.right,I will refuse when I must
card.res_town_18.right_outcome,"""Everyone says that. Everyone is wrong. Kindly."""
card.res_town_19.text,"You are the most popular Keeper in eighty years and you look worse than any of them. Popularity is a symptom. The town wants you at every bedside, every wedding, every moot. Stop going to some of them."
card.res_town_19.left,Stop going to some
card.res_town_19.left_outcome,You miss a wedding. The couple forgives you. You sleep.
card.res_town_19.right,The town needs its Keeper
card.res_town_19.right_outcome,"""Its Keeper needs a liver. I am a physician, not a friend, but I am also that."""
card.res_town_20.text,A deputation from the town: they would like the Keeper to stand for reeve. Ilse has said she'd step aside. The Company forbids Keepers from holding town office. The Company has not been asked.
card.res_town_20.left,Stand
card.res_town_20.left_outcome,You are reeve and Keeper. The Company learns from the Courier.
card.res_town_20.right,Ilse is the reeve
card.res_town_20.right_outcome,The deputation goes away pleased anyway. Ilse is quietly relieved.
card.res_town_21.text,"THE TOWN THAT LOVES ITS KEEPER. It's a lovely piece. It's also the kind of piece that gets read in Ardent as THE KEEPER WHO LOVES THE TOWN, which is a different piece. Shall I run it?"
card.res_town_21.left,Run it
card.res_town_21.left_outcome,The town frames it. Ardent files it under something else.
card.res_town_21.right,Run something about the water instead
card.res_town_21.right_outcome,He runs the gauge figures with no headline. It is the quietest thing he has ever printed. Ardent notices anyway.
card.res_town_22.text,"They loved a Keeper once, in Year 44. Rose for him when the Company crossed him. Company hanged three men for it. Him they sent east. Love's a thing to be careful with."
card.res_town_22.left,Ask what he'd have done
card.res_town_22.left_outcome,"""Told them to sit down before they stood up. He didn't. He liked being loved."""
card.res_town_22.right,The town can stand if it likes
card.res_town_22.right_outcome,"""It can. It'll stand on you."""
card.res_town_23.text,"They like you. The town. They didn't like him; they respected him, which is different. I don't know which is better. I know which one they'd fight for. Would you let them?"
card.res_town_23.left,Never
card.res_town_23.left_outcome,"""Good. He'd have said that."" She almost smiles."
card.res_town_23.right,If it came to it
card.res_town_23.right_outcome,"""Then it will. Things do, here."""
card.res_town_24.text,The moot voted last night. Not about you. For you. They've voted the town won't obey any Company order the Keeper hasn't signed. I said that's sedition. They said it's loyalty. It's both.
card.res_town_24.left,Ask them to rescind it
card.res_town_24.left_outcome,"They rescind, sulking. Ardent never hears. You breathe."
card.res_town_24.right,Let it stand
card.res_town_24.right_outcome,It stands. Fennick wires it to Ardent before you can stop him. He thought you'd be pleased.
card.res_town_25.text,Three things. A Company inspector came to count the hands and the hands wouldn't be counted without the Keeper present. He left. Ardent's wired. And the hands think it was funny.
card.res_town_25.left,Be present for the recount
card.res_town_25.left_outcome,You stand there while a small man counts eleven people. Nobody laughs. Nearly.
card.res_town_25.right,It was funny
card.res_town_25.right_outcome,"""It was."" Ardent does not think so."
card.res_town_26.text,Tenants are refusing rent 'until the Keeper says'. I have never needed a Keeper's leave to collect rent. I am asking politely. I have other ways of asking.
card.res_town_26.left,Tell them to pay
card.res_town_26.left_outcome,"They pay. They also learn you and Cole are on the same side, which you are not."
card.res_town_26.right,The rent is between you and them
card.res_town_26.right_outcome,"""Then the buildings are between me and the Company. Kindly."""
card.res_town_27.text,Men at the inn last night were talking about the Company house and what burns. I did not think they meant it in Year 44 either. You are the only one they will listen to.
card.res_town_27.left,Go to the inn tonight and speak
card.res_town_27.left_outcome,"You speak. They listen, sullenly, and put down whatever they were holding."
card.res_town_27.right,Send Dace
card.res_town_27.right_outcome,Dace goes. He is one of them. He comes back quiet.
card.res_town_28.text,"A crowd at the gate, cheerful, with a barrel. They have come to carry the Keeper shoulder-high round the town for no reason anyone can give. The Company house windows are all lit and all watching."
card.res_town_28.left,Be carried
card.res_town_28.left_outcome,"Round the town twice. Vosk, at her window, does not close the curtain."
card.res_town_28.right,Stand them a drink instead
card.res_town_28.right_outcome,"They drink. They carry Dace instead, who hates it."
card.res_town_29.text,My son died the week after the town rose for a Keeper. I've never told you that. I'm telling you because the town's about to do it again and I'd rather bury you than another boy. Stop them.
card.res_town_29.left,Stop them
card.res_town_29.left_outcome,"You stand on the wharf and tell the town to go home. It does, for you. Only for you."
card.res_town_29.right,I cannot stop them
card.res_town_29.right_outcome,"""You can. You won't. It's the same thing when there's a lamp in the window."""
card.res_town_30.text,"Ardent has a word for a post whose town obeys the Keeper over the Company: sedition. It's in a wire I've seen, with your name in it. I'd like to print it. You'd like me not to."
card.res_town_30.left,Print it
card.res_town_30.left_outcome,The town reads that it is seditious and is delighted. Ardent is not.
card.res_town_30.right,Hold it
card.res_town_30.right_outcome,"""Held. For now. I hold things about a month."""
card.res_traffic_01.text,The queue reaches Lock 7. Bargees have stopped shouting and started cooking. Somebody has set up a stall selling tea to the line. Somebody else is selling places in it.
card.res_traffic_01.left,Work the gate through the night
card.res_traffic_01.left_outcome,"Lamps, paddles, tired hands. The queue shortens by a third."
card.res_traffic_01.right,Ban the place-selling
card.res_traffic_01.right_outcome,The seller moves down to Lock 8 and sells from there.
card.res_traffic_02.text,"Nine days. Nine. My principals have coal rotting in the pound. Rotting. It doesn't, but it feels like it does. Waive inspections for a week and I'll clear my boats myself, in order, quietly."
card.res_traffic_02.left,Waive for a week
card.res_traffic_02.left_outcome,Sorrel's fleet clears in three days. Crane records every one.
card.res_traffic_02.right,Inspections stand
card.res_traffic_02.right_outcome,"""Then my boats stand too. All of them. In your pound."""
card.res_traffic_03.text,"The queue is long, and I am part of the reason. The Compact permits one inspection in three when trade is 'materially impeded'. I have never invoked it. I am invoking it."
card.res_traffic_03.left,One in three
card.res_traffic_03.left_outcome,"""Duly."" The queue moves. He looks faintly ill at the boats he did not open."
card.res_traffic_03.right,Inspect them all; I will wear it
card.res_traffic_03.right_outcome,"""I note that. I note it with something like respect."""
card.res_traffic_04.text,"Keeper, the Courier has a drawing of the queue with my face on every boat. Every boat. The Board has seen it. I would like to see boats move. I would like it more than I have ever liked anything."
card.res_traffic_04.left,Suspend the toll for a day
card.res_traffic_04.left_outcome,Free passage. The pound empties like a bath. The chest does not fill.
card.res_traffic_04.right,Boats move when they move
card.res_traffic_04.right_outcome,"""When they move. Yes. A philosophy, Keeper. The Board does not have one."""
card.res_traffic_05.text,Bargees in the queue have started fighting over places. Two knives so far. My men could keep order on the towpath. It is not our job. It is nobody's job. That is the problem.
card.res_traffic_05.left,Ask his men to keep order
card.res_traffic_05.left_outcome,Armed Sorrel men on a Company towpath. Order is kept. Crane writes a very long letter.
card.res_traffic_05.right,Dace and the hands keep order
card.res_traffic_05.right_outcome,"The hands do it, badly, and are not paid for it."
card.res_traffic_06.text,"Double watches, Keeper. One hand's fallen asleep on the beam and nearly gone in. And the queue's started calling us 'the Halfway sleepers'."
card.res_traffic_06.left,Hire day labor from the queue
card.res_traffic_06.left_outcome,Bargees turn paddles for their own boats. It is chaos and it works.
card.res_traffic_06.right,Rest the hands; the queue waits
card.res_traffic_06.right_outcome,A day lost. Nobody falls in.
card.res_traffic_07.text,"Nine boats back there are Hullfolk with nothing aboard that matters. Let them go round by the Reach channel, the shallow one, and your queue's a third shorter by dark. Nobody has to know they didn't pay."
card.res_traffic_07.left,The Reach channel
card.res_traffic_07.left_outcome,Nine boats vanish from the queue. The Book does not notice.
card.res_traffic_07.right,Everyone through the gate
card.res_traffic_07.right_outcome,"""Fair. Slow, but fair. I'll tell them you said fair."""
card.res_traffic_08.text,"THE GREAT HALFWAY JAM. Front page, both shores. I'm not asking permission; I'm asking for the Keeper's own explanation, verbatim, so it's fair. You get one paragraph."
card.res_traffic_08.left,Blame the water
card.res_traffic_08.left_outcome,'KEEPER: THE POUND IS FAILING.' Ardent reads it before breakfast.
card.res_traffic_08.right,Blame the season
card.res_traffic_08.right_outcome,'KEEPER BLAMES WEATHER.' It is what everyone expected.
card.res_traffic_09.text,"An Aldmere grain fleet, twelve boats, five days in the queue, and the master says the grain is heating in the holds. Heating grain is a fire waiting. He would like to go first."
card.res_traffic_09.left,Grain first
card.res_traffic_09.left_outcome,Twelve boats through. Coal bargees throw things. The grain does not burn.
card.res_traffic_09.right,Unload the hot holds on the wharf
card.res_traffic_09.right_outcome,"Grain on the wharf, cooling. The town eats well for a week."
card.res_traffic_10.text,"I've done your sums. If you run the gate on the Sorrel pattern, two boats a filling, nose to tail, you double throughput. The Company forbids it. The Company isn't standing in a nine-day queue."
card.res_traffic_10.left,Two boats a filling
card.res_traffic_10.left_outcome,Doubled. Fast. Hulls kiss twice. Nothing breaks. Yet.
card.res_traffic_10.right,"One boat, as written"
card.res_traffic_10.right_outcome,"""Fine. I'll write to the Board about the pattern. In my hand. With your name."""
card.res_traffic_11.text,A Sorrel vessel in the queue has struck an Aldmere vessel deliberately. Both captains claim the other. Under the Compact I must hold both until a magistrate arrives. A magistrate is nine days away.
card.res_traffic_11.left,Hold both
card.res_traffic_11.left_outcome,Two boats in the pound for nine days. The queue behind them ages.
card.res_traffic_11.right,"Fine both, release both"
card.res_traffic_11.right_outcome,"""Irregular. Efficient. I shall record my disapproval and my relief."""
card.res_traffic_12.text,"A thought, Keeper. A magnificent one. We open the disused side-pond and float the smaller boats round the chamber entirely. Quenn says the side-pond gates have not moved since Year 31. Quenn says a lot of things."
card.res_traffic_12.left,Open the side-pond
card.res_traffic_12.left_outcome,"The gates move, groaning. Small boats go round. The pound drops a mark for the water it took."
card.res_traffic_12.right,Quenn is usually right
card.res_traffic_12.right_outcome,"""Usually. Yes. A word the Board does not like."""
card.res_traffic_13.text,"My convoy has waited six days and my men have behaved. When we go through, we go through together and nobody boards us. That is not a request either."
card.res_traffic_13.left,"Together, uninspected"
card.res_traffic_13.left_outcome,The convoy passes as a unit. Crane records a Compact breach in beautiful handwriting.
card.res_traffic_13.right,"Together, inspected"
card.res_traffic_13.right_outcome,"""Understood."" It is not a happy word."
card.res_traffic_14.text,Three things. Aldmere's closed its flight below for 'repairs' because our queue's backing into their pounds. Nothing can leave the summit going east. And the Sorrel boats are laughing.
card.res_traffic_14.left,Wire Aldmere; demand they open
card.res_traffic_14.left_outcome,"They open in two days. Crane, embarrassed, says nothing about it."
card.res_traffic_14.right,Send everything west instead
card.res_traffic_14.right_outcome,Westbound only. Sorrel stops laughing when its pounds fill.
card.res_traffic_15.text,"Somebody in the queue is selling a story that the gate's slow because the Keeper takes coin to move boats up. It's not true. I'd know. But I could make it true, and then it'd be a fast queue."
card.res_traffic_15.left,Kill the story
card.res_traffic_15.left_outcome,Wren kills it. You do not ask how.
card.res_traffic_15.right,Let the queue believe it
card.res_traffic_15.right_outcome,"Coin arrives. Boats move. Vosk, later, has questions."
card.res_traffic_16.text,Forty boats through since dawn and the chamber has not been empty once. Hulls are touching in the approach. A bargee has been knocked into the pound by his own tiller and fished out laughing.
card.res_traffic_16.left,Slow it down
card.res_traffic_16.left_outcome,The hands breathe. The bargees complain. Nobody goes in the water.
card.res_traffic_16.right,Keep the pace; it is a record
card.res_traffic_16.right_outcome,A record. The gate rattles like a mill.
card.res_traffic_17.text,"This is more like it. My principals are delighted. They'd like to be more delighted. Night passages, no inspections, two boats a filling. All three and I'll name a barge after you."
card.res_traffic_17.left,All three
card.res_traffic_17.left_outcome,The gate runs day and night. A barge called *Keeper* goes east. Crane goes pale.
card.res_traffic_17.right,None; it is fast enough
card.res_traffic_17.right_outcome,"""Fast enough. There's no such thing. Fine."""
card.res_traffic_18.text,"Four vessels inspected today, of the sixty that passed. Four. Under the Compact I am entitled to inspect any. I am entitled, not able. I am asking you to make me able."
card.res_traffic_18.left,Hold every fifth boat for him
card.res_traffic_18.left_outcome,"""Duly. Thank you."" He inspects with a thoroughness that is almost joy."
card.res_traffic_18.right,Inspect what you can
card.res_traffic_18.right_outcome,"""I note that. I note that four is not what I can. Four is what I did."""
card.res_traffic_19.text,"Magnificent! Sixty-one vessels! The Board has wired congratulations, Keeper, actual congratulations, eleven words. I have had them framed. Can we do seventy?"
card.res_traffic_19.left,Seventy
card.res_traffic_19.left_outcome,Seventy-two. The lower gate takes a hull in the face and holds. The town does not sleep.
card.res_traffic_19.right,Sixty-one is enough
card.res_traffic_19.right_outcome,"""Enough. A word I have never framed."""
card.res_traffic_20.text,"Boats are going through at night with no lights and no questions. Some of them are mine. Some of them are not, and I do not know whose. That should worry you more than it worries me. It worries me."
card.res_traffic_20.left,"Lights and names, or no passage"
card.res_traffic_20.left_outcome,The night boats thin out. One does not come back for its name.
card.res_traffic_20.right,Night is night
card.res_traffic_20.right_outcome,"""So it is. I'll double my own watch. You might too."""
card.res_traffic_21.text,Three things. The hands are turning paddles so fast the gear's smoking. Two men have burns. And a coal barge came in so hot she's put her bow through the top gate's fender.
card.res_traffic_21.left,Stop for repairs
card.res_traffic_21.left_outcome,Half a day. New fender. The hands sit down for the first time in a week.
card.res_traffic_21.right,Work round it
card.res_traffic_21.right_outcome,The fender hangs by a bolt. The next barge takes it off.
card.res_traffic_22.text,"With the gate running like this nobody's looking at anything. I moved four crates last night without trying. I'm telling you because if I can, anyone can, and I know who anyone is."
card.res_traffic_22.left,Who?
card.res_traffic_22.left_outcome,"""Sorrel men who aren't Solas's. Coming east. Not with coal."""
card.res_traffic_22.right,Slow the gate
card.res_traffic_22.right_outcome,"""Sensible. Cost me money. Still sensible."""
card.res_traffic_23.text,HALFWAY FLIES. Both shores. Sorrel loves you. Aldmere's Guilds say you're running a Sorrel gate. I've got a follow-up piece: 'What Is the Summit Not Inspecting?' I'd love a denial.
card.res_traffic_23.left,Deny it
card.res_traffic_23.left_outcome,"'KEEPER DENIES.' Which is, in newspapers, a confession."
card.res_traffic_23.right,Give him an inspection to watch
card.res_traffic_23.right_outcome,Crane inspects a coal barge for the press. It is the happiest day of his year.
card.res_traffic_24.text,"Two barges have entered the chamber at once, from opposite ends, because both bargees were told 'go' by different hands. They have stopped a yard apart. Both are shouting. The water is still rising."
card.res_traffic_24.left,Drop the water; back one out
card.res_traffic_24.left_outcome,"An hour, some paint, and a bargee who will never trust a hand again."
card.res_traffic_24.right,Fill and pass both together
card.res_traffic_24.right_outcome,"They rise together, a yard apart, glaring. It works. Nobody will admit it worked."
card.res_traffic_25.text,My competitor's boats are through in an hour and mine in two because your hands know his bargees. I'm not accusing anyone. I'm offering a standing gratuity to the hands. Call it a wage supplement.
card.res_traffic_25.left,Accept for the hands
card.res_traffic_25.left_outcome,The hands are paid twice. Sorrel coal moves first. Aldmere notices.
card.res_traffic_25.right,No gratuities at the gate
card.res_traffic_25.right_outcome,"""Fine. Then I'll pay the other man's bargees to be slower."""
card.res_traffic_26.text,"I have counted. Of the vessels passed this week, eleven carried cargo that under Schedule Four required my seal. None had it. I am reporting to Aldmere. I am telling you first, which I need not."
card.res_traffic_26.left,Hold the next eleven
card.res_traffic_26.left_outcome,The gate slows to a crawl. Crane seals things with visible satisfaction.
card.res_traffic_26.right,Report what you must
card.res_traffic_26.right_outcome,"""I shall. I note that you did not ask me not to."""
card.res_traffic_27.text,"A word, Keeper. The Board is pleased with the figures and displeased with the letters. Aldmere's Guilds. Something about the Compact. I need the figures to stay and the letters to stop. Manage it."
card.res_traffic_27.left,Restore inspections quietly
card.res_traffic_27.left_outcome,The figures dip. The letters stop. Pell notices the dip.
card.res_traffic_27.right,The figures are what matter
card.res_traffic_27.right_outcome,"""Yes. Yes. That is what I said. Isn't it?"""
card.res_traffic_28.text,"One of the night boats had a man aboard I knew from the coalfield shooting. Not a coal man. Whatever is coming east is coming through your gate at speed. Slow it, or don't."
card.res_traffic_28.left,Slow it
card.res_traffic_28.left_outcome,The night boats stop. Some of them go round by the Reach. Wren says nothing.
card.res_traffic_28.right,The gate is not a border
card.res_traffic_28.right_outcome,"""It's the only one there is."""
card.res_traffic_29.text,"We've passed more boats this month than in any month in the Book. The pound's down four marks for it. And the hands have asked, politely, what happens when there's no water left to pass them on."
card.res_traffic_29.left,Tell them the truth: I don't know
card.res_traffic_29.left_outcome,"""Right. Honest. They'll take honest."""
card.res_traffic_29.right,The reservoirs will make it up
card.res_traffic_29.right_outcome,"""Right."" He does not believe you. Neither do you."
card.res_traffic_30.text,"A boat has gone through so fast it left its bargee on the wharf. He stands there with a rope in his hand, watching his barge go down the flight alone."
card.res_traffic_30.left,Send a boat after it
card.res_traffic_30.left_outcome,"The barge is caught at Lock 8 by Tobin, who has been waiting for something like this for years."
card.res_traffic_30.right,The bargee's problem
card.res_traffic_30.right_outcome,He walks down the towpath after it. He does not come back up.
card.res_water_01.text,"The gauge is at the sixth mark and dropping. Heavy barges are scraping the sill going in. The sound carries to the town, and the town has started to listen for it."
card.res_water_01.left,Halve the passages
card.res_water_01.left_outcome,"Fewer boats, less lost to the flight. The queue grows."
card.res_water_01.right,Keep the boats moving
card.res_water_01.right_outcome,Every filling costs a finger of water. You can hear it.
card.res_water_02.text,Sorry. At this level the aqueduct should be making up the difference. It isn't. It can't. I've written to Ardent for the reservoir figures. They said the figures are 'in preparation'. For eighty years.
card.res_water_02.left,"Write again, over my name"
card.res_water_02.left_outcome,"The reply comes to Vosk instead, and Vosk comes to you."
card.res_water_02.right,Work with what we have
card.res_water_02.right_outcome,"""Which is the pound. Which is falling. Yes."""
card.res_water_03.text,"The Reach is on its side in the mud. We have moved the old and the children to the town's bank, where the town does not want them. We ask the gate for water. We know it cannot give it."
card.res_water_03.left,Close the gate two days
card.res_water_03.left_outcome,The pound rises a mark. The Reach floats. Pell counts the lost boats.
card.res_water_03.right,Open the town's wharf to them
card.res_water_03.right_outcome,Forty Hullfolk on the town wharf. Ilse manages it. Barely.
card.res_water_04.text,The well's dry. Not low. Dry. The brewery's stopped and the town's drinking Sorrel beer at Sorrel prices and blaming you. The well's never been dry before. Not in eighty years.
card.res_water_04.left,Ask why a well follows a pound
card.res_water_04.left_outcome,"""Because it's the same water. Everyone knows that. Nobody says it."""
card.res_water_04.right,Pay for the town's beer
card.res_water_04.right_outcome,"The Coffers buy Sorrel beer. Nobody is happy, but nobody is thirsty."
card.res_water_05.text,Nine nights of the Lamp Vigil and the water has not answered. The town is looking at me in a way it has not before. I would keep a tenth night. Stand with me.
card.res_water_05.left,Stand with her
card.res_water_05.left_outcome,"A tenth night. The town sees the Keeper and the chaplain together. It helps them, if not the pound."
card.res_water_05.right,Nine is enough
card.res_water_05.right_outcome,"""Then we shall tend what remains."" She keeps the tenth alone."
card.res_water_06.text,Three things. A coal barge is aground on the sill. The bargee wants us to drag her off with the hands. And Quenn says dragging will take the sill's facing stones with her.
card.res_water_06.left,Drag her off
card.res_water_06.left_outcome,She comes off. So do three facing stones. Quenn does not speak to you for a day.
card.res_water_06.right,Unload her where she lies
card.res_water_06.right_outcome,A day of coal by hand. The sill lives. The bargee curses everyone.
card.res_water_07.text,"Low water shows the gate's underside for the first time in years. She's rotten to a hand's depth. I can sister the timbers while she's exposed, if you close for three days. You'll never get another look."
card.res_water_07.left,Three days
card.res_water_07.left_outcome,The gate is sistered. It will outlast the pound.
card.res_water_07.right,We cannot spare three days
card.res_water_07.right_outcome,"""No. Nobody ever can. That's how they rot."""
card.res_water_08.text,It was this low the month before he went. He stood at the gauge every night. I asked him what he was looking at. He said 'the tenth mark'. I didn't know what he meant. I do now.
card.res_water_08.left,Show me the tenth mark
card.res_water_08.left_outcome,"Below the sill line, painted over. She scrapes it clean with a knife."
card.res_water_08.right,Don't stand at the gauge
card.res_water_08.right_outcome,"""I know. I know. I'm asking you not to either."""
card.res_water_09.text,"Cracked mud along the Reach where there was water a month ago. In the mud, exposed for the first time in eighty years: cut stone. A channel. Straight as a rule, running north into the bank."
card.res_water_09.left,Follow the channel
card.res_water_09.left_outcome,"It runs to the sluice house and under it. You are not the first to follow it; there are old bootprints, dried in."
card.res_water_09.right,Cover it before the Company sees
card.res_water_09.right_outcome,"You cover it. You do not know why. Bram, watching, nods once."
card.res_water_10.text,"Another three marks and the chamber won't float a loaded barge. I can pump from the Reach end by hand, every hand we have, for maybe a week. It buys time. Nothing else."
card.res_water_10.left,Pump
card.res_water_10.left_outcome,"A week of pumping. The pound falls anyway, slower."
card.res_water_10.right,Save the hands for the gates
card.res_water_10.right_outcome,"""Right. Sorry. Right."""
card.res_water_11.text,"When the pound was this low in the Dry Year our grandmothers saw the channel and knew it. They said nothing, because they were afraid. We are less afraid. We ask the gate if it has seen the channel."
card.res_water_11.left,I have seen it
card.res_water_11.left_outcome,"""Then you know where the water goes in. Now you must decide what to do about knowing."""
card.res_water_11.right,I have seen mud
card.res_water_11.right_outcome,"""Mud. Yes. Our grandmothers said mud too."""
card.res_water_12.text,"The moot voted. The town wants the gate closed until the pound comes back, and the Company can whistle. I voted against, for what it's worth. It's worth less than it was."
card.res_water_12.left,Close the gate for the town
card.res_water_12.left_outcome,Closed. Pell is apoplectic. The town brings you soup.
card.res_water_12.right,The gate stays open
card.res_water_12.right_outcome,"""Right. I'll tell them. They'll remember I told them."""
card.res_water_13.text,"The undercroft is dry, Keeper. For the first time since I came. There are things in the far corner I have never reached. I am not sure I should be the one."
card.res_water_13.left,Go down with her
card.res_water_13.left_outcome,"A chest. Letters, water-stained but legible. An engineer's hand."
card.res_water_13.right,Leave the corner
card.res_water_13.right_outcome,"""Yes. Perhaps some things are meant to stay under water."""
card.res_water_14.text,Three things. Vane's offering the hands double to pass her coal at this level. Crane says any passage at this level breaks the Compact's safety clause. And the hands would like the double.
card.res_water_14.left,Pass the coal
card.res_water_14.left_outcome,Coal through. Hands paid. Crane files. The sill takes another stone.
card.res_water_14.right,Safety clause holds
card.res_water_14.right_outcome,"""Right. I'll tell the hands. They'll want to know who Crane is."""
card.res_water_15.text,"Pell wants a false floor in the chamber to raise the boats. It'd work for a week. Then it'd float, with a boat on it. I'll build it if you sign. I'd rather you didn't."
card.res_water_15.left,Sign for it
card.res_water_15.left_outcome,It works for a week. Then it floats. Nobody is aboard. Just.
card.res_water_15.right,Don't build it
card.res_water_15.right_outcome,"""Good."" Pell finds something else to be magnificent about."
card.res_water_16.text,Water over the towpath. The horses are up to their hocks and refuse the tow. Boats are drifting in the pound with nobody to pull them. The chapel undercroft has a foot in it.
card.res_water_16.left,Run every paddle down the flight
card.res_water_16.left_outcome,The pound falls. Lock 8 floods instead. Tobin sends word: 'about time'.
card.res_water_16.right,Sandbag the town first
card.res_water_16.right_outcome,The town works all night. The pound does not fall. It waits.
card.res_water_17.text,"The east embankment's seeping. Not leaking, seeping. It does that above the seventh mark. I've never seen it above the eighth. Sorry. I'm telling you what I'd want to be told."
card.res_water_17.left,Shore the embankment
card.res_water_17.left_outcome,"Stone, timber, every hand. The seep slows."
card.res_water_17.right,Drop the pound instead
card.res_water_17.right_outcome,"""Yes. That's the other way. The flight won't like it."""
card.res_water_18.text,High water. The Reach floats high and easy and our children swim where the mud was. We are the only ones glad. We know it. We ask the gate to remember that when it is asked to drain us.
card.res_water_18.left,Drain slowly
card.res_water_18.left_outcome,The pound comes down over a week. The Reach settles gently.
card.res_water_18.right,The town comes first
card.res_water_18.right_outcome,"""It always has. We remember that too."""
card.res_water_19.text,Two feet in my cellar. Every barrel afloat. The moot wants the paddles run and the moot wants to know why they weren't run yesterday. So do I. I'm the moot.
card.res_water_19.left,Run them now; apologize
card.res_water_19.left_outcome,The paddles run. The cellar drains. She does not accept the apology; she notes it.
card.res_water_19.right,The flight was full
card.res_water_19.right_outcome,"""The flight. Your Company's flight. My cellar."""
card.res_water_20.text,The undercroft is under water to the third step. There are things down there the water should not have. I have never asked a Keeper for anything. I am asking for the paddles.
card.res_water_20.left,"The paddles, now"
card.res_water_20.left_outcome,The undercroft drains over two days. She goes down alone with a lamp.
card.res_water_20.right,Ask what things
card.res_water_20.right_outcome,"""The founding papers. Letters. Nothing that concerns the gate."" Everything concerns the gate."
card.res_water_21.text,Water's over the top gate's sill when she's shut. That means she's not shut. That means anything in the chamber's going down the flight whether we like it or not.
card.res_water_21.left,Clear the chamber; nothing passes
card.res_water_21.left_outcome,No boats. The chamber is a waterfall for a day.
card.res_water_21.right,Pass boats on the flood
card.res_water_21.right_outcome,Boats go down fast. Very fast. One bargee will not do it again.
card.res_water_22.text,The Reach's stage is under and my yard's under and there's a Company barge come loose that's going to take my slipway with it unless somebody gets a line on her. Somebody with a boat. I've got a boat.
card.res_water_22.left,Go with him
card.res_water_22.left_outcome,Two hours in a rowing boat in a flood. The barge is saved. So is the slipway.
card.res_water_22.right,Let the barge go
card.res_water_22.right_outcome,It takes the slipway. Tamm rebuilds. He does not ask you for help.
card.res_water_23.text,"He hated high water more than low. Low, you can see what's wrong. High, it's all underneath. He'd walk the embankment at night with a lamp. I've been doing it. I found a place that's soft."
card.res_water_23.left,Show me
card.res_water_23.left_outcome,"The east bank, below the chapel. Your boot sinks to the ankle."
card.res_water_23.right,"Tell Quenn, not me"
card.res_water_23.right_outcome,"""I did. She said 'sorry' and went white."""
card.res_water_24.text,"The overflow weir is roaring. It has not roared in living memory. Old Tobin has come up from Lock 8 to hear it and stands on the bank with his hat off, as if at a grave."
card.res_water_24.left,Ask him what he hears
card.res_water_24.left_outcome,"""The Dry Year, backwards. Water going where it shouldn't."""
card.res_water_24.right,Get him off the bank
card.res_water_24.right_outcome,"You walk him to the inn. He is shaking, and not from the cold."
card.res_water_25.text,"This is interesting. Sorry, wrong word. This is alarming. The pound's rising faster than rain and aqueduct together could fill it. Something else is putting water in. Something under the north bank."
card.res_water_25.left,Find the inflow
card.res_water_25.left_outcome,"You find it in the dark: a boil of water off the sluice house, brown with hill-silt."
card.res_water_25.right,Drop the pound; ask later
card.res_water_25.right_outcome,"""Later. Yes. There's always a later, until there isn't."""
card.res_water_26.text,Our old singer says the hill is giving back what it took. She says it every high water. This time the young ones are listening. We ask the gate whether it wants them to.
card.res_water_26.left,Let them listen
card.res_water_26.left_outcome,"The Song is sung on the Reach for three nights, all its verses."
card.res_water_26.right,Keep them at the pumps
card.res_water_26.right_outcome,"""The pumps. Yes. The charter men would say the pumps."""
card.res_water_27.text,"The town's on the embankment with lanterns and no plan. Half want to cut the west bank to drain into the Reach. Half know that's murder. I need the Keeper to say which half, out loud, now."
card.res_water_27.left,Nobody cuts the west bank
card.res_water_27.left_outcome,"You say it loud. Bram, at the back, hears it too."
card.res_water_27.right,Cut it; save the town
card.res_water_27.right_outcome,The Reach floods to the gunwales. Nobody drowns. Nobody forgets.
card.res_water_28.text,The flood has scoured the path and uncovered the founding stone at the chapel gate. There is a name on it that is not in any hymn. I have covered it. Leave the cloth.
card.res_water_28.left,Leave the cloth
card.res_water_28.left_outcome,The cloth stays. You have read the name already. Marrow.
card.res_water_28.right,Lift it
card.res_water_28.right_outcome,"""Ysolde Marrow, who gave the water."" Hale watches you read it and does not stop you."
card.res_water_29.text,"Three things. Pell wants boats through on the high water because it's 'free lift'. Every boat we pass drops the pound a finger, which we want. Every boat we pass in this current is a coffin, which we don't."
card.res_water_29.left,Pass them; free lift
card.res_water_29.left_outcome,Nine boats down in a morning. One hits the lower gate. The gate wins.
card.res_water_29.right,Nothing moves on this current
card.res_water_29.right_outcome,Pell sulks. Dace nods. The pound falls on its own by evening.
card.res_water_30.text,"The pound is a lake. The town's lower street is a canal. Children are being ferried to school on a door. Somebody has painted 'HALFWAY UNDER' on the Company house, and nobody has painted over it."
card.res_water_30.left,Leave the sign
card.res_water_30.left_outcome,"It becomes the town's joke, then its name for the year."
card.res_water_30.right,Paint over it
card.res_water_30.right_outcome,"It reappears by morning, larger."
